SoC(%),Voltage(V)
100.0,4.17113125
99.99475592942969,4.169725390625
99.98951079225927,4.16876015625
99.98426543216206,4.16808984375
99.97902000740375,4.167530078125
99.97377454815951,4.16708515625
99.9685290341073,4.166678515625
99.96328354284043,4.1662296875
99.9580380183193,4.165883984375
99.95279250303545,4.165504296875
99.94754698467251,4.16519453125
99.94230144845078,4.164858984375
99.93705595164154,4.16450078125
99.9318104117249,4.16426328125
99.92656487735064,4.164011328125
99.92131933435489,4.16373984375
99.9160737932066,4.1634546875
99.91082828161768,4.1631890625
99.90558273492704,4.163000390625
99.90033720178441,4.16273828125
99.89509165139883,4.1625140625
99.88984609608667,4.162175
99.8846005641757,4.161987890625
99.87935500024209,4.16180625
99.87410947325766,4.161558984375
99.86886394627325,4.16139140625
99.86361842544702,4.161089453125
99.8583729200163,4.1609171875
99.85312735854596,4.16075
99.84788182540333,4.160476171875
99.84263627871267,4.16029921875
99.83739073694858,4.160077734375
99.83214521612234,4.15988671875
99.82689964910962,4.15971328125
99.82165409872405,4.159493359375
99.81640852678478,4.15935703125
99.81116293945,4.1591
99.80591740199665,4.158909375
99.80067183252065,4.158761328125
99.79542628829327,4.15857265625
99.79018074837663,4.158376171875
99.78493518197972,4.1582125
99.77968966608006,4.157976953125
99.77444410337809,4.157857421875
99.76919853513373,4.157646484375
99.76395297366338,4.15750546875
99.75870737339639,4.15727109375
99.75346179345146,4.15708984375
99.74821621350652,4.156959375
99.74297062062936,4.156741015625
99.7377250554641,4.156580859375
99.73247946012368,4.15639921875
99.72723387648382,4.15620625
99.72198831624513,4.1560578125
99.71674271105158,4.15591875
99.71149713233828,4.15575390625
99.7062515450035,4.155565234375
99.70100592934101,4.155405859375
99.6957603654074,4.1551953125
99.69051478546245,4.155059765625
99.6852691710316,4.1549
99.68002360709798,4.154681640625
99.67477801853158,4.154577734375
99.6695324096431,4.154392578125
99.66428683092981,4.154232421875
99.65904122450462,4.15410390625
99.65379561807943,4.153862109375
99.64855006276728,4.153730078125
99.64330448282234,4.15357734375
99.63805888132372,4.153455859375
99.63281332108502,4.153249609375
99.62756773251861,4.153105859375
99.62232211931938,4.1529828125
99.61707654984339,4.15275
99.61183096743517,4.152681640625
99.6065853671682,4.15246171875
99.60133978475997,4.1522984375
99.59609420481502,4.15218828125
99.59084859346329,4.15201328125
99.5856029931963,4.151837890625
99.58035743418922,4.151648828125
99.57511184562281,4.151509375
99.56986627368354,4.151312890625
99.56462072699289,4.151185546875
99.55937515074287,4.15107109375
99.55412954801258,4.15088671875
99.54888398654225,4.150729296875
99.54363839920748,4.15062578125
99.53839279894049,4.15044921875
99.53314723500687,4.1502734375
99.52790166306758,4.1501796875
99.52265605541076,4.15001953125
99.51741046930762,4.149815234375
99.5121648955209,4.149685546875
99.50691928232168,4.14959375
99.50167369621855,4.14932578125
99.49642815753353,4.14917265625
99.4911825775886,4.1490375
99.48593701057588,4.14889609375
99.48069147312253,4.14873984375
99.47544589564087,4.148612109375
99.4702003083061,4.148480078125
99.46495475422559,4.1482953125
99.45970917181738,4.1481625
99.45446358325097,4.148052734375
99.44921802301226,4.147880859375
99.44397244306732,4.14775546875
99.43872684033705,4.147625
99.43348128009836,4.147448046875
99.42823569769016,4.147313671875
99.42299010666046,4.147215234375
99.41774456120143,4.147
99.41249899295707,4.146928125
99.40725339145844,4.146780078125
99.40200782752483,4.14657734375
99.39676225681718,4.146444921875
99.39151668056716,4.146329296875
99.38627112156013,4.14613671875
99.3810255329937,4.146071484375
99.375779941964,4.1458859375
99.37053438788351,4.145769921875
99.36528879562218,4.14562890625
99.36004320028174,4.145445703125
99.35479764250633,4.14531640625
99.34955204839751,4.14521015625
99.34430645983112,4.1449921875
99.33906089712913,4.144890234375
99.3338153017887,4.1448140625
99.32856970521662,4.144598828125
99.32332415113613,4.144454296875
99.31807856503299,4.144416796875
99.31283297092419,4.144239453125
99.30758742546517,4.144090625
99.30234185167845,4.143986328125
99.29709627789171,4.143780859375
99.29185075337057,4.143687109375
99.28660519559513,4.143535546875
99.28135961811348,4.1434375
99.27611407142281,4.14324140625
99.2708685007152,4.14318046875
99.26562290414313,4.14305859375
99.26037735375755,4.142850390625
99.25513178551319,4.14276875
99.24988619325184,4.1426625
99.24464064779282,4.1424328125
99.23939506661624,4.142389453125
99.23414946881253,4.142214453125
99.2289039135004,4.14209765625
99.22365836065154,4.1419984375
99.21841277208512,4.141817578125
99.2131672143097,4.1416765625
99.20792167316144,4.141539453125
99.20267611538601,4.14145546875
99.1974305736219,4.141276953125
99.1921850503324,4.141123828125
99.18693947161911,4.1410328125
99.18169391014877,4.140864453125
99.17644837946942,4.140767578125
99.17120280075613,4.140655078125
99.16595724174908,4.140467578125
99.16071172338611,4.14035
99.15546615514178,4.140244921875
99.15022058997651,4.140108984375
99.14497505129151,4.139981640625
99.13972949474773,4.139907421875
99.13448394066724,4.139758203125
99.12923840998789,4.13959296875
99.12399283928026,4.13947578125
99.11874725440876,4.1393984375
99.11350171141302,4.139230078125
99.1082561474794,4.13914765625
99.10301055768134,4.139061328125
99.09776500606412,4.1389046875
99.09251944828871,4.1387734375
99.08727387634943,4.138684765625
99.08202834012772,4.138507421875
99.07678282422805,4.13839921875
99.07153726275772,4.138287890625
99.06629172530434,4.13807421875
99.06104621125213,4.1379375
99.05580065717164,4.137873828125
99.05055508646402,4.137772265625
99.0453095502423,4.137613671875
99.04006401032565,4.137563671875
99.0348184420813,4.13748359375
99.02957289292735,4.13724296875
99.0243273647113,4.13714921875
99.01908180939914,4.137021484375
99.01383622083273,4.136960546875
99.00859067044716,4.13676484375
99.00334515454749,4.136626171875
98.99809959061388,4.136548046875
98.99285400943731,4.136466796875
98.98760846644156,4.136248046875
98.98236295115771,4.136187890625
98.9771173933823,4.13610859375
98.9718718109741,4.13598046875
98.96662626305178,4.13580625
98.96138074715213,4.135680078125
98.95613520969874,4.1356359375
98.95088962852218,4.135494140625
98.94564404118739,4.13537421875
98.94039849819167,4.135230859375
98.93515297613379,4.135098828125
98.9299074066578,4.13501484375
98.92466181131738,4.134917578125
98.91941624738375,4.134798046875
98.9141707099304,4.134614453125
98.90892518664089,4.134540234375
98.90367963009712,4.1344046875
98.8984340415307,4.134354296875
98.89318848621855,4.1341765625
98.88794295923414,4.13409140625
98.88269745380342,4.133953515625
98.87745190341782,4.1338625
98.8722063234729,4.133765234375
98.86696073736975,4.133646875
98.86171520422715,4.133484765625
98.8564696926382,4.133372265625
98.85122418967076,4.1332484375
98.84597864298011,4.133171875
98.84073307350411,4.133083984375
98.83548748370605,4.1329375
98.83024195425836,4.132746875
98.82499644759599,4.13269296875
98.8197509526342,4.13258828125
98.81450541641249,4.1325359375
98.80925983400427,4.13238984375
98.8040142528277,4.13232421875
98.79876865256068,4.132215625
98.79352310956496,4.132009375
98.78827759366528,4.131951171875
98.78303209192948,4.131805859375
98.77778660743664,4.13166875
98.77254106752,4.131649609375
98.76729547895357,4.13152890625
98.76204987499166,4.1313796875
98.75680426363992,4.131307421875
98.75155864551415,4.131202734375
98.74631306556921,4.13106328125
98.74106757183905,4.130870703125
98.7358220805722,4.130803515625
98.73057658561042,4.13071484375
98.725331096191,4.130565625
98.72008564125751,4.1304265625
98.71484020664609,4.130295703125
98.70959470860518,4.130229296875
98.70434915821961,4.130182421875
98.69910358997525,4.130071484375
98.6938580309682,4.12992890625
98.68861248427754,4.129811328125
98.68336694312927,4.12971015625
98.67812139028041,4.1296140625
98.67287585836941,4.129510546875
98.6676303252268,4.129411328125
98.66238476868301,4.12928046875
98.65713918996971,4.129169921875
98.65189361618299,4.1290765625
98.64664805101772,4.128971875
98.64140251110108,4.12885390625
98.63615701860256,4.12877265625
98.63091155381596,4.12865625
98.62566610873559,4.1285203125
98.62042069875694,4.128412109375
98.615175303558,4.128313671875
98.60992992560199,4.128219140625
98.6046845353296,4.128076953125
98.5994391549103,4.1279984375
98.59419378064923,4.1278640625
98.5889484051565,4.127783203125
98.58370302720051,4.1276890625
98.57845766279254,4.127603125
98.5732122959213,4.127490234375
98.56796692781843,4.127376171875
98.56272155848389,4.127242578125
98.55747618052789,4.127121875
98.55223079702951,4.127040234375
98.54698542523171,4.1269546875
98.54174005220227,4.12685390625
98.5364946754779,4.126707421875
98.53124930737502,4.126624609375
98.52600394604615,4.126528125
98.52075857055344,4.12640859375
98.5155131950607,4.126322265625
98.51026781279397,4.126203125
98.50502241513172,4.12613203125
98.4997769928367,4.1259859375
98.49453157177331,4.1258921875
98.48928613346693,4.125838671875
98.48404069454477,4.125691015625
98.47879524700113,4.125637890625
98.47354979329927,4.1255265625
98.46830434698725,4.12545234375
98.4630588994436,4.1253421875
98.45781346052142,4.125230859375
98.45256802714162,4.125165625
98.44732259745676,4.125068359375
98.44207716777188,4.124973828125
98.43683173808702,4.124853515625
98.431586322566,4.1247578125
98.42634089164946,4.124666796875
98.42109543917927,4.12456171875
98.41584998424577,4.124477734375
98.41060451822752,4.124341015625
98.40535904974598,4.124280078125
98.400113572643,4.12415390625
98.39486810046654,4.124051171875
98.38962263321665,4.123990625
98.38437717274077,4.123891015625
98.37913173012367,4.1237921875
98.37388629797552,4.12370390625
98.36864087999123,4.12358125
98.36339547001258,4.12349609375
98.35815005880232,4.12337265625
98.35290465744515,4.12328046875
98.34765926470948,4.123197265625
98.34241386581559,4.123077734375
98.33716845152621,4.122999609375
98.3319230144515,4.12292578125
98.32667756444458,4.122803515625
98.32143208487828,4.122733203125
98.3161865806792,4.122615234375
98.3109410635479,4.12253828125
98.30569553163691,4.122396875
98.30044997509313,4.122333203125
98.29520439637983,4.1222296875
98.2899588010394,4.12216796875
98.28471320569896,4.122065625
98.2794676091269,4.122005078125
98.27422199100113,4.121934375
98.26897636733298,4.121781640625
98.26373074489648,4.12173828125
98.25848512615487,4.121644140625
98.25323952096132,4.12156171875
98.24799392192597,4.121473828125
98.2427483382861,4.121378515625
98.23750275095134,4.121265234375
98.23225717346969,4.121165234375
98.22701159475639,4.1210734375
98.22176602774366,4.12099140625
98.21652045826767,4.1208890625
98.21127489926062,4.120791015625
98.20602934025356,4.120687109375
98.20078378863634,4.1206140625
98.19553826165192,4.120558203125
98.19029274205732,4.1204453125
98.18504719536666,4.120340234375
98.1798016234274,4.1202875
98.17455603116606,4.120166015625
98.16931046600081,4.120134375
98.16406495010112,4.119982421875
98.1588194816196,4.119848828125
98.15357405809293,4.11973515625
98.1483286357979,4.11963046875
98.14308319441244,4.11959296875
98.13783774317386,4.119514453125
98.13259228146637,4.1194390625
98.12734683022778,4.119303515625
98.12210137652593,4.11923125
98.11685593514048,4.119117578125
98.11161049806577,4.119055078125
98.10636497231299,4.118990234375
98.10111941207428,4.118933203125
98.09587383459262,4.11882109375
98.09062825957426,4.118701171875
98.0853827005672,4.118657421875
98.08013713786522,4.118533984375
98.07489158008978,4.118481640625
98.06964609436531,4.11831328125
98.06440063512107,4.118218359375
98.05915517587685,4.118169921875
98.05390971663262,4.118070703125
98.04866427278388,4.118004296875
98.04341883694082,4.117865234375
98.03817333027844,4.117875
98.03292780575731,4.1177453125
98.02768226707231,4.11767421875
98.0224367253082,4.117577734375
98.01719116014294,4.117514453125
98.0119456571755,4.11734140625
98.00670018253577,4.117319921875
98.0014547312972,4.11721640625
97.99620929545412,4.117107421875
97.9909638183511,4.1170640625
97.98571829136668,4.11702109375
97.98047273605455,4.116884765625
97.97522717581585,4.116806640625
97.96998164513651,4.11671484375
97.96473616557022,4.116580859375
97.95949071063673,4.116496875
97.95424527356201,4.11644453125
97.94899980754377,4.1163640625
97.94375428794918,4.11629375
97.9385087437218,4.116227734375
97.93326317547744,4.1161484375
97.92801764110318,4.11601484375
97.9227721553787,4.115921484375
97.91752668320225,4.115833203125
97.91228123565858,4.115771484375
97.90703572037474,4.115712109375
97.90179017491573,4.115631640625
97.89654462329851,4.1155765625
97.89129905259088,4.115479296875
97.88605354346522,4.115296484375
97.88080803680286,4.11525859375
97.87556255969986,4.115155078125
97.87031709552906,4.115065625
97.86507157100792,4.11505859375
97.85982603355457,4.114934375
97.85458049179047,4.11487578125
97.84933495064217,4.11480703125
97.84408945937531,4.11462578125
97.83884398473558,4.114604296875
97.83359853842356,4.1145125
97.82835303915104,4.114433203125
97.82310749923441,4.114355859375
97.81786195008046,4.11431796875
97.81261637814119,4.1142171875
97.8073708801003,4.11407578125
97.8021253943758,4.113976953125
97.79687992835755,4.113941796875
97.79163444632799,4.11385390625
97.78638889840569,4.11377734375
97.78114335664159,4.113721484375
97.77589780009781,4.113652734375
97.77065228727724,4.113501953125
97.76540680771095,4.113455859375
97.76016133060796,4.113362890625
97.75491586335806,4.113298828125
97.74967032713633,4.1132625
97.7444247841406,4.11311484375
97.73917923744993,4.11309609375
97.73393368706435,4.113035546875
97.72868819210257,4.112861328125
97.72344271130466,4.112829296875
97.71819725082877,4.112769140625
97.71295177865231,4.112640234375
97.70770623319332,4.112665625
97.70246066925968,4.112544921875
97.6972150942413,4.1124578125
97.69196952722858,4.11236171875
97.68672401933458,4.112255078125
97.68147852929935,4.1122140625
97.6762330571229,4.1120953125
97.67098760834762,4.112011328125
97.66574208998468,4.112019140625
97.66049654822058,4.111887109375
97.65525099906662,4.11185546875
97.6500054437545,4.11173046875
97.64475990753276,4.111659375
97.63951442303993,4.11151796875
97.63426895579003,4.1114765625
97.62902349531416,4.11140234375
97.62377805146542,4.11129140625
97.61853253063921,4.1112921875
97.6132869974966,4.111214453125
97.60804145326921,4.111111328125
97.60279588933558,4.1110328125
97.59755037774666,4.1109171875
97.59230490680186,4.110887109375
97.58705945063672,4.1107671875
97.58181399323995,4.11071875
97.57656850628382,4.1106890625
97.57132295589824,4.11061015625
97.56607740058611,4.110504296875
97.56083184896889,4.1104125
97.55558631582626,4.1103671875
97.55034082579104,4.1102578125
97.54509533452416,4.110184375
97.53984985618953,4.1101390625
97.53460436923339,4.1100015625
97.52935882254272,4.11002109375
97.52411325984075,4.10989140625
97.51886768605402,4.10982265625
97.51362211411474,4.109803125
97.50837660252581,4.10960234375
97.50313111433806,4.109575390625
97.49788565386217,4.10950546875
97.49264019892868,4.109424609375
97.48739467194427,4.109414453125
97.48214912279032,4.1093109375
97.47690356501492,4.10926328125
97.47165799800219,4.1091828125
97.46641249749803,4.109075390625
97.4611669957622,4.10900546875
97.45592150880609,4.108942578125
97.45067603047144,4.108855078125
97.44543048501241,4.10883515625
97.44018491984716,4.1087359375
97.43493934113387,4.10867265625
97.42969378582171,4.108553125
97.4244482865492,4.108466015625
97.41920281683602,4.10842421875
97.41395736436581,4.108312890625
97.40871184908198,4.1083328125
97.40346631840264,4.1082015625
97.39822076555377,4.108144921875
97.39297522440549,4.108063671875
97.38772974853414,4.107961328125
97.38248428251588,4.107924609375
97.37723884113042,4.1077890625
97.37199335171101,4.107787109375
97.36674782472659,4.107698828125
97.36150228604158,4.107648828125
97.35625672087633,4.107610546875
97.35101121421397,4.107445703125
97.34576572417875,4.107384765625
97.3405202680136,4.10735078125
97.33527483217054,4.107244140625
97.33002932304487,4.107240625
97.32478380221866,4.107106640625
97.31953827153932,4.10705625
97.31429274209161,4.106978515625
97.30904726375697,4.106838671875
97.30380179527543,4.106818359375
97.29855635943235,4.106737109375
97.2933108897192,4.106701953125
97.28806536889297,4.106651171875
97.28281982466558,4.106588671875
97.27757426935345,4.10648671875
97.27232874606395,4.10639140625
97.26708326280274,4.106325
97.2618378066376,4.106273046875
97.25659237818438,4.106159765625
97.25134687644858,4.10621171875
97.2461013297579,4.10610859375
97.24085577075084,4.106036328125
97.23561020435395,4.105961328125
97.23036471431872,4.105828125
97.22511924583719,4.1057921875
97.21987378967206,4.105736328125
97.2146283513657,4.105631640625
97.2093828434717,4.105617578125
97.2041373017076,4.105520703125
97.19889175871185,4.105488671875
97.19364621756358,4.1054140625
97.18840073430238,4.105278125
97.18315526951578,4.10526796875
97.17790981827719,4.10518984375
97.17266434240584,4.1051515625
97.16741881665304,4.105069921875
97.16217326749911,4.105010546875
97.15692770849203,4.10494453125
97.15168220429295,4.10481328125
97.1464367321165,4.104765234375
97.14119127841465,4.10469765625
97.1359458247128,4.104619140625
97.13070030019166,4.10465234375
97.125454753501,4.1045421875
97.12020918648828,4.10447421875
97.11496363733436,4.104353515625
97.10971812574543,4.1042984375
97.1044726511057,4.10424375
97.0992272060253,4.10413984375
97.09398170305786,4.104192578125
97.08873616437288,4.104103125
97.08349061891384,4.10400625
97.0782450697599,4.10394609375
97.0729995680241,4.10385859375
97.06775408722619,4.103814453125
97.0625086230554,4.103739453125
97.05726310777155,4.103732421875
97.05201755369104,4.103630859375
97.04677198852578,4.103562890625
97.04152644553004,4.10350703125
97.03628095980555,4.103405078125
97.03103549009239,4.103294921875
97.02579005794422,4.1032265625
97.02054456544572,4.103235546875
97.01529905016187,4.10313671875
97.01005351394016,4.103121875
97.00480802575238,4.102973828125
96.99956255973413,4.102937109375
96.994317103569,4.102866015625
96.98907158151114,4.102871484375
96.98382603728376,4.102767578125
96.97858048812982,4.10272734375
96.97333499008893,4.102577734375
96.96808951791247,4.10253671875
96.96284407652703,4.10248046875
96.95759857725452,4.10249765625
96.95235305642828,4.10239296875
96.94710752574895,4.102334375
96.94186203632954,4.102230859375
96.93661656907965,4.102171875
96.93137112399927,4.10208828125
96.92612561487364,4.102083203125
96.92088008049937,4.102015625
96.91563452149231,4.101945703125
96.91038901852487,4.10182890625
96.9051435303371,4.10175859375
96.89989804953917,4.10168359375
96.89465252009147,4.101659765625
96.88940698941212,4.101625
96.88416148521306,4.101531640625
96.87891602042643,4.101473046875
96.87367057780934,4.1014078125
96.86842511055944,4.101401953125
96.86317961128692,4.101330859375
96.85793408307084,4.10126171875
96.85268858810907,4.101161328125
96.84744310484787,4.101113671875
96.84219763882962,4.10103515625
96.83695213216726,4.10097109375
96.83170661934669,4.100946484375
96.82646112007414,4.10085234375
96.82121565528755,4.1007875
96.81597021020717,4.100733203125
96.8107247281776,4.100737109375
96.80547919749826,4.10065078125
96.80023364218613,4.10058984375
96.79498814291361,4.100450390625
96.78974267320044,4.100399609375
96.78449723304661,4.10033515625
96.77925172884753,4.1003375
96.77400620925295,4.100290234375
96.76876067734197,4.1002375
96.7635152014706,4.100150390625
96.75826975146367,4.10006953125
96.75302428175048,4.100044140625
96.7477787800147,4.09997734375
96.74253325918846,4.099940625
96.73728776422668,4.099777734375
96.73204228958696,4.09976328125
96.72679685066477,4.099696484375
96.7215513686352,4.099721875
96.71630587059433,4.099623828125
96.71106035223137,4.09958984375
96.70581488005493,4.0994671875
96.70056941588413,4.0994125
96.69532395294499,4.099341015625
96.69007843889278,4.099328515625
96.68483290944508,4.0992671875
96.67958739416123,4.099159375
96.6743418948887,4.099146484375
96.66909641162749,4.099072265625
96.66385087417413,4.09906015625
96.65860531516708,4.098987890625
96.6533597432278,4.098966015625
96.64811423040723,4.0988140625
96.64286873790873,4.09877265625
96.63762325095261,4.098682421875
96.63237770426194,4.09866171875
96.62713215633966,4.09859375
96.62188661888628,4.098482421875
96.61664110976064,4.098485546875
96.61139563388926,4.098417578125
96.60615011860541,4.09841875
96.60090456452492,4.09832890625
96.59565899258564,4.098276171875
96.59041348592329,4.098152734375
96.58516799896715,4.0981515625
96.5799225144743,4.0981
96.57467698010005,4.098021875
96.5694314371043,4.097996875
96.56418594583744,4.0978703125
96.55894047858754,4.097826953125
96.55369502119078,4.09775078125
96.54844951083349,4.0977125
96.54320399000727,4.097697265625
96.53795849750875,4.0975765625
96.53271301055264,4.09753046875
96.52746753221798,4.09746171875
96.52222199907537,4.097455078125
96.5169764647011,4.097377734375
96.51173095434382,4.09731015625
96.5064854735459,4.0972484375
96.50124002600224,4.097193359375
96.49599451810823,4.097170703125
96.49074898619725,4.09712109375
96.48550347337668,4.09700625
96.4802579913471,4.09699375
96.47501251917066,4.09692421875
96.46976698294894,4.096911328125
96.46452141778369,4.096884375
96.45927588033032,4.09673671875
96.4540303748996,4.096675
96.44878487685872,4.09666015625
96.44353934741102,4.096609765625
96.43829380441528,4.096589453125
96.4330482915947,4.096478125
96.42780280956514,4.096415625
96.42255730167113,4.09641796875
96.41731176298613,4.096334765625
96.4120662323068,4.096325390625
96.4068207342659,4.09620390625
96.4015752571629,4.09613046875
96.39632975050053,4.096202734375
96.3910842259794,4.096101171875
96.38583870145824,4.096005859375
96.38059321819703,4.095938671875
96.37534777188503,4.095863671875
96.37010226152775,4.095861328125
96.36485672715348,4.095827734375
96.35961120016904,4.095665625
96.35436570212816,4.095663671875
96.34912021640368,4.095609375
96.34387468572433,4.095573046875
96.33862913533876,4.0955359375
96.33338362621312,4.095412890625
96.32813814048863,4.09536953125
96.32289263998443,4.095355078125
96.31764710253113,4.095314453125
96.31240155337719,4.09528671875
96.30715604794644,4.095184765625
96.30191056838015,4.095139453125
96.29666505248048,4.0951265625
96.29141949716833,4.095087890625
96.28617395047768,4.094942578125
96.28092843765712,4.094940234375
96.27568295316426,4.094851171875
96.27043743110639,4.094826171875
96.2651918948847,4.09481875
96.25994638945396,4.094719921875
96.25470089941874,4.09464453125
96.24945540260947,4.094646875
96.24420987439343,4.09458671875
96.23896431661801,4.0945640625
96.23371880995562,4.094422265625
96.22847332915771,4.094409765625
96.22322779170435,4.094435546875
96.21798224008712,4.09435234375
96.21273668108007,4.094275
96.207491152864,4.094201953125
96.20224567206608,4.094091796875
96.1970001333811,4.09410234375
96.19175458176386,4.094053125
96.18650906771164,4.0939421875
96.18126358814537,4.0938703125
96.1760181061158,4.093873828125
96.17077259021616,4.09382265625
96.16552704598874,4.093816796875
96.16028155472188,4.09369765625
96.15503608008217,4.09367578125
96.14979057218815,4.09366640625
96.14454503904555,4.093574609375
96.13929950959785,4.09353984375
96.13405400909365,4.09342421875
96.12880854430705,4.09341484375
96.12356301978592,4.09336953125
96.11831748541165,4.093291796875
96.11307198244421,4.09319921875
96.10782651396269,4.093198828125
96.1025810534868,4.09317265625
96.09733553512388,4.093147265625
96.0920899939756,4.093092578125
96.08684449223979,4.092987890625
96.08159901390512,4.09294453125
96.07635351894334,4.09295
96.07110798456908,4.09289921875
96.06586243664678,4.092853125
96.06061694291664,4.09274609375
96.05537147320346,4.09274140625
96.05012597023602,4.092714453125
96.04488044571485,4.092666015625
96.03963490949316,4.09259140625
96.034389408989,4.092535546875
96.02914394050744,4.092476953125
96.02389840428573,4.0924796875
96.01865284035212,4.092436328125
96.01340730967276,4.0923046875
96.0081618091686,4.092272265625
96.00291632837069,4.09219296875
95.99767077429019,4.0922375
95.99242520727745,4.092201171875
95.98717966551337,4.0920109375
95.98193414961368,4.091994921875
95.97668863371403,4.0920046875
95.97144307347533,4.091926953125
95.96619749353042,4.09192734375
95.96095196531434,4.091828515625
95.9557064598836,4.0917890625
95.95046091565622,4.09178359375
95.94521535049098,4.091706640625
95.93996980503195,4.091630078125
95.93472429467468,4.091576953125
95.92947879786544,4.091518359375
95.92423324378491,4.09151015625
95.91898765891342,4.0914796875
95.91374212269173,4.09137578125
95.90849661602932,4.091341796875
95.9032510607172,4.09135625
95.89800549432033,4.091250390625
95.89275995809857,4.09114375
95.88751445020456,4.091155078125
95.88226893738401,4.091138671875
95.87702337837698,4.09110703125
95.87177783969194,4.09093984375
95.86653232009739,4.090971484375
95.86128677833327,4.090952734375
95.85604121563131,4.090884375
95.85079567940956,4.09076796875
95.84555017028393,4.090771484375
95.84030462482492,4.090746875
95.83505905842802,4.090716796875
95.82981352097465,4.09059375
95.8245680180072,4.090569140625
95.81932246146343,4.090566796875
95.81407690122472,4.090528125
95.80883138532505,4.090408984375
95.8035858725045,4.09044921875
95.79834033258786,4.090391015625
95.79309481053001,4.090253515625
95.78784932234224,4.090250390625
95.7826037891996,4.090219921875
95.77735823265583,4.0902203125
95.77211271675615,4.09013046875
95.76686717683953,4.09011640625
95.76162160613187,4.090059765625
95.75637606313614,4.08994375
95.75113054908394,4.08989375
95.74588499254017,4.089880859375
95.74063944954443,4.08981640625
95.73539393241312,4.089762109375
95.73014840666033,4.0897703125
95.72490286551206,4.08971484375
95.71965736008133,4.08962421875
95.71441185341897,4.089632421875
95.70916630795995,4.0895875
95.70392078220715,4.08951484375
95.6986752718499,4.0894859375
95.69342971653776,4.08947265625
95.68818416492053,4.089352734375
95.6829386533316,4.089362109375
95.67769310664093,4.089292578125
95.67244753962822,4.08928359375
95.66720202372855,4.089169140625
95.66195649181755,4.08918125
95.65671092788396,4.0891453125
95.65146541198429,4.089046484375
95.64621990039537,4.0890234375
95.64097435493633,4.0889921875
95.63572883164683,4.08885859375
95.63048334161162,4.088842578125
95.62523780292659,4.0888203125
95.61999227471057,4.08873359375
95.61474678098043,4.088697265625
95.60950125030105,4.088668359375
95.6042557073053,4.088636328125
95.5990102018746,4.088548828125
95.59376467489017,4.088586328125
95.58851910787745,4.088545703125
95.58327356796083,4.088437890625
95.5780280175752,4.088454296875
95.57278244563597,4.088415625
95.56753691249332,4.08834296875
95.5622913916671,4.08825703125
95.55704585051883,4.0882359375
95.55180033092424,4.08815390625
95.54655483719408,4.08809609375
95.5413092917351,4.088122265625
95.53606376105573,4.08805234375
95.5308182457719,4.088014453125
95.52557268183828,4.08798984375
95.52032711913631,4.08794609375
95.51508159831006,4.08786328125
95.50983605654596,4.08789453125
95.50459049507565,4.08782421875
95.49934497917599,4.087730859375
95.49409944172264,4.087728515625
95.48885389380031,4.087746484375
95.48360838713793,4.0876140625
95.47836287000665,4.0876484375
95.47311731838943,4.087581640625
95.46787179879486,4.087480078125
95.46262628043189,4.087504296875
95.45738073374123,4.08743828125
95.45213520675682,4.087340234375
95.44688968962551,4.087323046875
95.44164414293486,4.087319921875
95.43639860548149,4.087240625
95.43115308835017,4.087190625
95.42590753057475,4.08719453125
95.42066199743215,4.08707890625
95.41541650062291,4.08703515625
95.41017096871191,4.087034375
95.40492545589137,4.086942578125
95.3996799837149,4.08691484375
95.3944344795158,4.086883203125
95.38918895253138,4.086848828125
95.38394344463738,4.08683359375
95.37869790164166,4.08683046875
95.37345233770804,4.086777734375
95.36820682735075,4.086694140625
95.36296129297648,4.086726171875
95.35771574135929,4.086642578125
95.35247023839185,4.086569140625
95.34722473788764,4.0865828125
95.34197922260381,4.08649921875
95.33673374426914,4.08645
95.33148826962943,4.08641953125
95.32624276543034,4.0863734375
95.32099727724257,4.0863140625
95.31575180506613,4.086287890625
95.31050628547155,4.08628984375
95.30526078619901,4.08617265625
95.30001530663273,4.086136328125
95.29476977718504,4.08613359375
95.28952425389554,4.086063671875
95.28427877063433,4.086039453125
95.2790332713618,4.08601796875
95.27378774068245,4.0860234375
95.2685422469523,4.085894921875
95.26329675199052,4.085950390625
95.25805122007954,4.0858578125
95.25280570602733,4.085798828125
95.24756021907118,4.085725
95.24231467730709,4.08571875
95.23706915155432,4.08568671875
95.23182366336655,4.08561484375
95.22657816163074,4.08561640625
95.2213326371096,4.085571875
95.2160871476902,4.085508984375
95.21084167674537,4.085443359375
95.20559616515645,4.085419140625
95.20035066218901,4.0853
95.19510518878093,4.08529609375
95.18985970059315,4.08532734375
95.1846141785353,4.085276171875
95.17936868911589,4.0851984375
95.1741232194027,4.08514609375
95.16887770350306,4.08512265625
95.16363220669382,4.08503671875
95.15838672835915,4.08503671875
95.15314122292841,4.08506328125
95.14789568178014,4.084964453125
95.14265019051328,4.084918359375
95.13740471956848,4.08484140625
95.13215920921118,4.08488828125
95.12691368099514,4.084862890625
95.12166819280738,4.0847578125
95.11642270461958,4.08473828125
95.11117718256175,4.084744140625
95.10593168205757,4.084608203125
95.10068621357604,4.0846015625
95.09544070937696,4.084608984375
95.09019517992925,4.08456640625
95.0849496954364,4.08443203125
95.07970423496053,4.08440859375
95.0744587233716,4.0844125
95.06921320500867,4.084358203125
95.06396771682091,4.08430390625
95.0587222434128,4.084237890625
95.05347672504985,4.08424296875
95.04823119929709,4.084232421875
95.04298572588901,4.08416015625
95.03774027588207,4.08412109375
95.03249478215193,4.08413359375
95.02724929642741,4.0840640625
95.02200383348827,4.084010546875
95.01675836500675,4.08400078125
95.01151284664378,4.0839859375
95.00626733074414,4.083893359375
95.00102185117785,4.083848828125
94.99577636299009,4.08390390625
94.9905308372373,4.083811328125
94.98528532934328,4.08369296875
94.98003985593519,4.08367734375
94.97479437390564,4.0837078125
94.96954885862179,4.08366953125
94.9643033482645,4.083571875
94.9590578785513,4.083537890625
94.95381242115457,4.083540625
94.94856692742442,4.083517578125
94.94332143492589,4.08346796875
94.93807597198676,4.083399609375
94.93283051951653,4.083386328125
94.92758502270729,4.083338671875
94.92233952466643,4.08333046875
94.91709406419054,4.083228515625
94.91184861911019,4.083172265625
94.90660313584895,4.083175
94.90135762549168,4.083159375
94.89611216132089,4.083068359375
94.89086671993545,4.083058203125
94.8856212329793,4.0830296875
94.88037572508529,4.083
94.87513025537214,4.0829125
94.86988480782847,4.08288203125
94.86463932703055,4.08294921875
94.8593938203682,4.082869140625
94.854148319864,4.08280859375
94.84890285569325,4.082733203125
94.84365739090661,4.08272890625
94.83841187808606,4.08269453125
94.83316635233327,4.082733203125
94.82792088939414,4.08261640625
94.8226754523194,4.08256015625
94.81742997152148,4.08258046875
94.81218448456535,4.08251328125
94.80693901238888,4.08243828125
94.80169355745542,4.082396484375
94.79644809020553,4.082420703125
94.7912025786166,4.0823609375
94.78595704670563,4.08235546875
94.78071157206585,4.08224453125
94.77546613375952,4.08224921875
94.7702206529616,4.0822640625
94.76497514137267,4.08222109375
94.75972962547301,4.082134765625
94.75448414590672,4.08213046875
94.7492386934365,4.08206796875
94.74399318677416,4.082051171875
94.7387476714903,4.082019921875
94.733502191924,4.081921484375
94.72825674438035,4.081934375
94.72301130545819,4.08189765625
94.71776581850206,4.081855859375
94.71252030321821,4.081825390625
94.7072748415107,4.08173984375
94.7020293927354,4.08171171875
94.69678392856463,4.08175546875
94.6915384169757,4.081708984375
94.68629286659011,4.081722265625
94.68104736115937,4.081613671875
94.67580188036146,4.081573046875
94.67055637616237,4.081578125
94.66531084794632,4.081525
94.66006531172458,4.081500390625
94.65481984324306,4.081389453125
94.64957440863162,4.081391015625
94.64432892290714,4.081376953125
94.63908339469107,4.081330859375
94.6338378443055,4.081319921875
94.62859233887477,4.08126875
94.62334685561358,4.08119296875
94.61810133109242,4.08122734375
94.61285578563341,4.08121484375
94.60761023278454,4.08112421875
94.60236472981708,4.081067578125
94.59711926133555,4.081013671875
94.59187374851501,4.08101328125
94.58662822276223,4.081021484375
94.58138270070435,4.080914453125
94.57613720943748,4.0808921875
94.57089174465088,4.080827734375
94.56564621766647,4.080846484375
94.56040067220742,4.0808109375
94.55515514891792,4.080737109375
94.54990966196179,4.08073515625
94.54466420579666,4.080637890625
94.5394187052925,4.080659765625
94.53417318323463,4.080646484375
94.52892768396214,4.080546484375
94.52368222471786,4.08053046875
94.51843678764318,4.0804921875
94.51319127605426,4.0805015625
94.50794574167998,4.08047265625
94.50270022454869,4.080366796875
94.49745474005583,4.080359375
94.49220926541611,4.080317578125
94.4869637267311,4.08035625
94.4817181726506,4.080312890625
94.47647262595994,4.0802609375
94.47122712915068,4.080188671875
94.46598165574261,4.08018046875
94.46073615893336,4.080225
94.45549062702237,4.080136328125
94.45024509264812,4.080116796875
94.44499959768635,4.07999609375
94.43975412058334,4.079962109375
94.43450864471197,4.079980078125
94.42926312758065,4.079969921875
94.42401758889567,4.07991875
94.41877208469656,4.0798484375
94.41352660143536,4.079817578125
94.40828112925891,4.079778125
94.40303560104283,4.07980078125
94.39779007282678,4.0797671875
94.39254457109098,4.079684765625
94.38729909768288,4.079661328125
94.38205365629743,4.079585546875
94.37680816379893,4.079634375
94.37156264174106,4.079595703125
94.36631711229337,4.07955234375
94.3610716339587,4.079471484375
94.35582617902521,4.07943125
94.35058070561712,4.079476171875
94.34533517493779,4.079415625
94.34008963071044,4.079400390625
94.33484411912151,4.07931484375
94.32959863216534,4.07929453125
94.32435317600022,4.079265234375
94.31910767795932,4.07927578125
94.31386214974327,4.07922421875
94.30861661660063,4.07920234375
94.30337113457107,4.07907421875
94.29812565869969,4.079070703125
94.29288021608262,4.0790515625
94.2876347081886,4.07906875
94.28238917874093,4.07901328125
94.27714362466043,4.07900859375
94.27189811183985,4.078907421875
94.26665261687808,4.078898046875
94.26140713608012,4.0788640625
94.2561616244912,4.07886328125
94.2509160975068,4.07880859375
94.2456705655958,4.078796484375
94.24042502814244,4.078725390625
94.23517954118631,4.078678125
94.22993407824717,4.078633203125
94.22468863070351,4.0786125
94.21944312404113,4.078654296875
94.21419760690985,4.07860234375
94.20895208362036,4.07854765625
94.20370661944956,4.07846484375
94.19846117436917,4.07846875
94.19321572928881,4.078442578125
94.18797025957564,4.078401171875
94.18272473259121,4.078430078125
94.17747918220564,4.078409765625
94.17223360841888,4.07834296875
94.16698810545144,4.07822734375
94.16174263081172,4.0782359375
94.15649719250538,4.078226171875
94.15125171293909,4.07826171875
94.14600620873999,4.07815390625
94.14076069037705,4.078144140625
94.13551517201412,4.078121484375
94.13026971276986,4.078044921875
94.12502425660473,4.078040625
94.11977882938315,4.077988671875
94.1145333393479,4.078015234375
94.1092878099002,4.077965234375
94.10404227367852,4.07791171875
94.09879675531553,4.077872265625
94.09355128437073,4.077809765625
94.088305840522,4.077766015625
94.08306041083712,4.077748828125
94.07781492388102,4.07777734375
94.0725694122921,4.077704296875
94.06732390070317,4.077691015625
94.0620783823402,4.077679296875
94.05683292617508,4.077565625
94.05158748232635,4.077571875
94.04634204402,4.07752421875
94.04109659524472,4.077521875
94.03585110028291,4.077509375
94.03060557699341,4.077463671875
94.02536003830842,4.0774515625
94.0201145304144,4.07738125
94.01486906193288,4.077328125
94.00962362177906,4.077288671875
94.00437820748968,4.0772734375
93.99913272669177,4.077298828125
93.99388722002938,4.07724765625
93.98864169673988,4.077267578125
93.98339614389101,4.077228515625
93.97815065939817,4.077131640625
93.97290517736859,4.07711015625
93.96765970765544,4.0771140625
93.96241422685752,4.077076953125
93.95716869494652,4.077097265625
93.95192313963439,4.07704296875
93.94667758185896,4.077
93.94143207396498,4.0769453125
93.93618659686194,4.07691328125
93.93094113946519,4.076863671875
93.92569571101194,4.076840234375
93.92045022282419,4.0768453125
93.91520471369854,4.076791796875
93.90995918917741,4.07674453125
93.90471367882012,4.076684375
93.89946822142333,4.076646875
93.89422278003788,4.076619921875
93.88897735651122,4.07661875
93.88373185970195,4.076638671875
93.87848634441812,4.07659375
93.87324082112862,4.0765796875
93.86799530707643,4.076523828125
93.86274983859491,4.076465234375
93.8575043811981,4.076448828125
93.85225894104431,4.07639375
93.84701343438194,4.076426171875
93.841767916019,4.07638203125
93.83652237979726,4.0763375
93.83127686820833,4.076271484375
93.8260313984952,4.076242578125
93.82078594602497,4.0762375
93.81554050094458,4.07621328125
93.8102949930506,4.076183203125
93.8050494636029,4.076209375
93.79980391691224,4.0761796875
93.79455841887135,4.07607109375
93.78931293807342,4.076039453125
93.7840674671286,4.076044140625
93.77882199987873,4.07602734375
93.77357646673607,4.076022265625
93.76833092127708,4.07599921875
93.76308535734346,4.075980078125
93.75783983898049,4.075862890625
93.75259434956111,4.07589296875
93.74734886506825,4.075836328125
93.74210339166015,4.0758140625
93.7368578572859,4.07584609375
93.73161231182688,4.075783203125
93.72636674666161,4.07575234375
93.72112123076197,4.07561875
93.71587573148943,4.075669140625
93.71063026177625,4.07565078125
93.70538478836815,4.07559765625
93.70013927246852,4.075618359375
93.69489374917902,4.075573046875
93.6896482074149,4.075565234375
93.68440273523846,4.07545859375
93.67915728276826,4.07544375
93.6739118604732,4.07541796875
93.66866639999735,4.07542890625
93.6634209031881,4.075382421875
93.65817538790428,4.07539453125
93.6529298572249,4.0753515625
93.64768437150042,4.0752796875
93.64243889070248,4.075257421875
93.63719343022665,4.07523046875
93.63194793218572,4.075240625
93.62670239781146,4.075184375
93.62145686466884,4.07519453125
93.61621131674657,4.0751546875
93.61096582547967,4.075035546875
93.6057203613089,4.075065625
93.60047491130197,4.074991796875
93.59522947669052,4.07498125
93.5899839712598,4.07502421875
93.58473843380642,4.0749296875
93.57949290682203,4.07496796875
93.57424735643643,4.074943359375
93.56900184977405,4.07486015625
93.5637563615863,4.074821484375
93.55851089433641,4.07478515625
93.55326544802438,4.074767578125
93.54801995552589,4.074791796875
93.54277442730982,4.07471484375
93.53752888308244,4.074737109375
93.53228333516016,4.07466953125
93.52703780940737,4.074638671875
93.52179234092581,4.074546484375
93.51654690385112,4.0745640625
93.51130147170296,4.074527734375
93.5060560549503,4.07451640625
93.50081058154221,4.074526953125
93.49556506071599,4.074491015625
93.49031953865811,4.074450390625
93.48507402583756,4.07439453125
93.47982849885317,4.0744203125
93.47458304515128,4.074316796875
93.46933760684493,4.07429453125
93.46409217592844,4.074304296875
93.45884675917576,4.074235546875
93.4536013664401,4.074184765625
93.44835591273821,4.074262109375
93.44311042947704,4.07423515625
93.43786493697851,4.074191015625
93.4326194475591,4.074140234375
93.42737391564813,4.0741625
93.4221284065225,4.074083203125
93.41688295282064,4.074021484375
93.41163749911877,4.074029296875
93.40639205896498,4.07400078125
93.40114662804845,4.073955859375
93.39590120082687,4.073901953125
93.39065570586506,4.073958984375
93.38541018257555,4.073914453125
93.38016464512224,4.073834375
93.37491910643719,4.0738640625
93.3696735702155,4.07383671875
93.36442802106154,4.0738234375
93.35918254642182,4.07372578125
93.3539371093471,4.073712890625
93.34869165564527,4.073678125
93.34344622596039,4.073668359375
93.33820079258058,4.073626171875
93.33295537028555,4.073598828125
93.3277099319792,4.07356640625
93.32246443024339,4.073612109375
93.3172189007957,4.07358984375
93.31197335410504,4.073490234375
93.30672781418838,4.07349765625
93.30148227119263,4.0734640625
93.29623674913478,4.073409375
93.29099120490741,4.07342421875
93.2857456569851,4.073416796875
93.28050015771255,4.073373828125
93.27525470770563,4.0732921875
93.27000926139365,4.073285546875
93.26476380769176,4.073284765625
93.25951835398992,4.073253515625
93.25427289105079,4.073202734375
93.2490274496653,4.07319296875
93.24378202737029,4.073132421875
93.23853656812607,4.0731125
93.23329103621508,4.07310859375
93.22804547967127,4.07312734375
93.22279990896365,4.07309453125
93.21755433948763,4.073030859375
93.21230878048058,4.073028515625
93.20706323933231,4.073016796875
93.20181768894675,4.072948046875
93.19657212070237,4.072976953125
93.19132658324905,4.072941796875
93.18608111353586,4.072847265625
93.18083568508261,4.072793359375
93.17559024369716,4.0728234375
93.170344804775,4.072791015625
93.16509939171725,4.07275234375
93.15985396572731,4.072720703125
93.15460854774298,4.07269375
93.14936314392254,4.07268828125
93.14411771793259,4.0726875
93.13887222851321,4.07265390625
93.13362668551746,4.072665625
93.12838113513189,4.072658984375
93.12313558351465,4.072570703125
93.11789003189746,4.072582421875
93.11264447412204,4.07254140625
93.10739894836925,4.072525390625
93.10215340414186,4.07246484375
93.09690783774496,4.072468359375
93.09166223994126,4.072476953125
93.08641665753301,4.07245078125
93.08117114471246,4.07238671875
93.07592570455864,4.07228515625
93.07068030073822,4.072270703125
93.06543490184431,4.07223359375
93.0601894955606,4.07222109375
93.05494407449721,4.072212890625
93.04969863742252,4.072169140625
93.04445320157942,4.072174609375
93.03920775280415,4.0721203125
93.03396229663903,4.072088671875
93.0287168441688,4.072090625
93.02347139046692,4.0720546875
93.01822594292327,4.07203828125
93.01298050153784,4.072037890625
93.00773506323148,4.071987109375
93.00248964093646,4.07196953125
92.99724421125156,4.071903125
92.99199877417686,4.071844921875
92.98675334326033,4.071885546875
92.98150792096533,4.071868359375
92.97626249374372,4.071816015625
92.97101706405883,4.071815625
92.96577162513665,4.0717578125
92.96052618929357,4.071742578125
92.95528074667648,4.071751953125
92.95003531329671,4.07166953125
92.94478987191124,4.0716625
92.93954444345799,4.071626171875
92.93429902362628,4.07158671875
92.92905360933689,4.0715921875
92.92380821536956,4.071557421875
92.9185628386452,4.071543359375
92.91331748840109,4.07155546875
92.90807213446209,4.0715578125
92.90282677005412,4.071559375
92.89758138655571,4.07147421875
92.89233595563921,4.071481640625
92.88709046314068,4.071502734375
92.8818449189133,4.07141875
92.8765993426633,4.071376171875
92.87135376025509,4.071354296875
92.86610819632146,4.071359765625
92.86086265332573,4.071337890625
92.8556171263413,4.071306640625
92.85037157841903,4.071315234375
92.84512602557014,4.07125390625
92.83988047518457,4.071221875
92.83463492110408,4.071201953125
92.8293893491648,4.071221484375
92.82414376306167,4.071193359375
92.81889814185678,4.07116640625
92.81365251326206,4.07109765625
92.80840690930017,4.071020703125
92.80316137184681,4.071034765625
92.79791589720706,4.070998828125
92.79267044227359,4.070947265625
92.78742499842487,4.070952734375
92.78217954349137,4.07092109375
92.77693409102113,4.07090234375
92.77168864963569,4.07089453125
92.76644321748753,4.07093046875
92.76119772929977,4.07090390625
92.75595221401592,4.0708578125
92.75070669318971,4.07078359375
92.74546115450468,4.070824609375
92.7402156127406,4.0707375
92.73497005619684,4.07071171875
92.72972455199773,4.070685546875
92.72447907243145,4.070640625
92.71923359532846,4.070637890625
92.71398812315198,4.0706
92.70874266945015,4.070650390625
92.70349715662955,4.070593359375
92.69825161240219,4.070572265625
92.69300604415783,4.070505078125
92.68776045559144,4.07052421875
92.68251490027929,4.070464453125
92.67726939484857,4.070440234375
92.67202390789242,4.070407421875
92.66677843817924,4.0703921875
92.66153295614967,4.070422265625
92.65628741069068,4.070405859375
92.65104184552543,4.07035390625
92.6457962477217,4.070346484375
92.64055068871465,4.070294921875
92.63530516419347,4.070275390625
92.63005964583056,4.07023984375
92.62481414409474,4.070271875
92.61956859863572,4.07022890625
92.61432304209194,4.0702015625
92.60907745106223,4.070144140625
92.60383191114563,4.070086328125
92.5985864057149,4.070100390625
92.59334093230682,4.07003984375
92.58809544658233,4.070094921875
92.58284992452445,4.070044921875
92.57760436798068,4.070060546875
92.57235883730132,4.069969140625
92.56711334480279,4.069984375
92.56186785907832,4.069894921875
92.55662239182843,4.069902734375
92.55137688393445,4.06991640625
92.54613135571839,4.0699296875
92.54088580410115,4.069807421875
92.53564030236538,4.069826171875
92.53039482895724,4.0697859375
92.52514936971302,4.06976640625
92.51990387475125,4.06976015625
92.51465835638831,4.06972734375
92.50941283802534,4.06966640625
92.50416735722744,4.069662109375
92.49892189120918,4.069627734375
92.4936763870101,4.069616015625
92.48843085263584,4.0696328125
92.48318527515416,4.06962109375
92.47793974570645,4.069536328125
92.47269423781248,4.069533203125
92.46744877610497,4.069527734375
92.46220328114316,4.0695171875
92.45695775046386,4.069497265625
92.45171219884661,4.069384765625
92.44646670757976,4.06941640625
92.44122123293998,4.06933984375
92.43597574167313,4.069388671875
92.43073021468872,4.06935234375
92.425484640902,4.06930390625
92.4202391114543,4.06926328125
92.4149936047919,4.069215625
92.40974812276235,4.0692953125
92.40450259824122,4.06920390625
92.39925705401384,4.069220703125
92.39401155104639,4.06915078125
92.3887660714801,4.069169921875
92.38352061408332,4.069166015625
92.37827511481079,4.069121484375
92.37302957181505,4.069135546875
92.3677840688476,4.069025
92.36253859051298,4.0689953125
92.35729311833651,4.069075390625
92.35204762337474,4.0690296875
92.34680208037898,4.06893671875
92.34155658233811,4.068980859375
92.33631112309386,4.068946875
92.33106563613775,4.068944921875
92.32582011407986,4.068929296875
92.32057460125932,4.068869921875
92.31532911676648,4.06880234375
92.3100836384318,4.06883515625
92.30483814839656,4.0688265625
92.29959263927093,4.068737890625
92.29434716709449,4.06872734375
92.28910172201411,4.06876328125
92.28385623875292,4.068726953125
92.27861073085889,4.06868515625
92.27336525621918,4.0686734375
92.2681197920484,4.068687109375
92.26287427799618,4.06863515625
92.25762873623209,4.0685546875
92.25238323080136,4.068575
92.24713773276046,4.068605859375
92.24189220331276,4.06854140625
92.23664666893848,4.06850390625
92.231401183214,4.068458984375
92.22615570487939,4.068491796875
92.22091019452209,4.068504296875
92.21566467862242,4.068433203125
92.21041917565496,4.0683546875
92.20517366776097,4.068437890625
92.19992811860703,4.068426171875
92.19468260024408,4.0683140625
92.18943712190945,4.068288671875
92.18419161401543,4.06833046875
92.17894606732477,4.068262109375
92.17370056682063,4.06820546875
92.16845510511311,4.06824296875
92.16320961261458,4.06820390625
92.15796410595225,4.068131640625
92.15271863870235,4.068109375
92.14747318623212,4.068147265625
92.14222769927598,4.06810703125
92.13698221847808,4.068078125
92.13173675800218,4.06802421875
92.12649127966756,4.068082421875
92.12124576438369,4.068018359375
92.11600026018462,4.067949609375
92.11075479293473,4.06801796875
92.10550929489384,4.0679765625
92.1002637740676,4.067924609375
92.09501829942789,4.06787265625
92.08977282232489,4.067911328125
92.08452732305236,4.0679203125
92.07928184718098,4.067833984375
92.07403640579554,4.06777578125
92.06879092376596,4.06780546875
92.06354539431828,4.06776953125
92.05829990428303,4.067746484375
92.05305443949642,4.067761328125
92.0478089279075,4.067730859375
92.04256339722814,4.06768984375
92.03731790349798,4.067609375
92.03207241223113,4.067625390625
92.02682689817891,4.067648828125
92.02158141738101,4.06756640625
92.01633597230064,4.067614453125
92.01109049150271,4.067572265625
92.00584499346182,4.067523046875
92.00059953298594,4.06748828125
91.99535404726147,4.06752109375
91.99010853013016,4.067525390625
91.98486303332092,4.06748203125
91.97961757592414,4.06746484375
91.97437208588892,4.0674109375
91.96912658415309,4.067349609375
91.96388111998232,4.06735546875
91.95863564287932,4.06738671875
91.95339012205311,4.067363671875
91.94814460800089,4.067320703125
91.94289911796565,4.06733515625
91.93765358851795,4.06728984375
91.93240806030187,4.0672484375
91.92716258073558,4.067164453125
91.92191708146305,4.06719453125
91.91667154708882,4.06718828125
91.91142606136431,4.067139453125
91.90618058672459,4.067139453125
91.90093508006225,4.067170703125
91.895689590027,4.06706328125
91.89044412154549,4.06711328125
91.88519861365147,4.067073828125
91.87995309528851,4.0670265625
91.8747076058691,4.066978515625
91.86946210782824,4.067034375
91.86421657961216,4.067030078125
91.85897108711364,4.066918359375
91.85372565127057,4.06695234375
91.84848016677772,4.066925390625
91.84323467551087,4.06684453125
91.83798921380334,4.066786328125
91.83274374285855,4.06688125
91.82749823373291,4.066830078125
91.82225275170335,4.06681328125
91.8170072980015,4.0667921875
91.81176179626569,4.0667609375
91.8065162643547,4.06668046875
91.8012707749353,4.066687109375
91.7960252768944,4.066721875
91.79077974867832,4.06668984375
91.78553424571088,4.06659765625
91.78028877599775,4.06660703125
91.77504326564043,4.066618359375
91.76979772941874,4.066566796875
91.76455224985241,4.06655078125
91.75930677274941,4.066598046875
91.75406126731869,4.06653125
91.74881575141903,4.066515625
91.74357025645723,4.06645859375
91.73832475348979,4.066529296875
91.73307922773701,4.066501171875
91.7278337284645,4.066429296875
91.72258824643494,4.066436328125
91.71734273361436,4.066412109375
91.71209718815535,4.066376171875
91.70685169565682,4.066293359375
91.70160623518095,4.0663515625
91.69636074021918,4.066336328125
91.69111523355681,4.0663
91.68586975399053,4.066227734375
91.68062427319258,4.06631953125
91.67537874867145,4.0662546875
91.67013325617293,4.066180859375
91.66488780370273,4.066201171875
91.65964232044152,4.06618359375
91.65439680084692,4.066096484375
91.64915131758573,4.066104296875
91.64390583925108,4.0661015625
91.63866033135706,4.066101953125
91.63341484809587,4.066015625
91.62816940178385,4.066054296875
91.62292392468086,4.06603203125
91.61767841801849,4.06596484375
91.6124329538477,4.06592265625
91.60718748413451,4.06596953125
91.6019419750089,4.06595625
91.59669649913752,4.06588046875
91.5914510565204,4.065928515625
91.58620557695411,4.0658984375
91.58096007768158,4.065819140625
91.57571462028483,4.06582109375
91.57046914687673,4.06585234375
91.56522363898273,4.0657890625
91.55997816311135,4.0657515625
91.55473269339821,4.065767578125
91.5494871916624,4.065776953125
91.54424171702264,4.0657234375
91.53899625962589,4.06573046875
91.53375076835903,4.065721875
91.52850528879274,4.06563984375
91.52325984248073,4.06567578125
91.51801434751896,4.06562421875
91.51276885255714,4.065548828125
91.50752340131856,4.06558828125
91.50227790635677,4.065548828125
91.49703241508989,4.06548984375
91.49178696138807,4.0655265625
91.48654146888954,4.065503125
91.48129596345885,4.065434375
91.47605048389252,4.065435546875
91.47080498462003,4.0654484375
91.4655594952006,4.06538671875
91.46031403780384,4.0654015625
91.45506854653695,4.065389453125
91.44982304849609,4.0653125
91.44457757262471,4.065367578125
91.43933204810358,4.0653625
91.43408654390448,4.06523984375
91.4288410557167,4.065280859375
91.42359552380572,4.065269140625
91.41835001960666,4.06519765625
91.4131045258765,4.065201171875
91.4078590118243,4.06516171875
91.40261354765352,4.06511875
91.39736807301378,4.065142578125
91.39212258297856,4.06508671875
91.38687711880776,4.0651140625
91.38163162938837,4.0651015625
91.37638617691816,4.065037109375
91.3711407293745,4.06504296875
91.36589525719803,4.06497734375
91.36064982751316,4.064965234375
91.355404364574,4.064969921875
91.3501588911659,4.064907421875
91.34491344485392,4.0649328125
91.33966795789779,4.064940625
91.3344224881846,4.06487890625
91.3291770172398,4.064879296875
91.32393152227803,4.06481015625
91.31868606980782,4.064785546875
91.31344062965397,4.064830859375
91.30819517040976,4.064718359375
91.30294975612038,4.0647078125
91.29770432643551,4.064777734375
91.29245885302741,4.06472890625
91.28721341595272,4.064671875
91.28196798010961,4.064723828125
91.2767225079332,4.064705859375
91.27147704745731,4.064633984375
91.26623161530915,4.064684375
91.26098615237001,4.0646203125
91.25574066541387,4.06456484375
91.25049522402841,4.064546484375
91.24524979557516,4.06457265625
91.24000432955694,4.06453515625
91.23475883829009,4.064502734375
91.22951338951478,4.064476171875
91.22426796968301,4.06450546875
91.2190225079755,4.06444921875
91.21377701670863,4.064431640625
91.20853156547007,4.064355859375
91.2032861456383,4.064337890625
91.19804074181788,4.064385546875
91.19279529920078,4.06432578125
91.18754982332943,4.06436484375
91.18230434745807,4.06427109375
91.17705890915171,4.064254296875
91.17181349116741,4.0642
91.16656811444305,4.064274609375
91.16132267428921,4.0642828125
91.15607720334442,4.0641984375
91.15083172624139,4.064234375
91.14558621465247,4.06413046875
91.1403407634139,4.06413984375
91.13509534789289,4.064116796875
91.12984993237187,4.064098046875
91.12460452239324,4.064052734375
91.11935913643158,4.06413984375
91.11411369011955,4.06410546875
91.10886820685836,4.064083984375
91.1036227186706,4.064016796875
91.09837723294606,4.06397734375
91.09313173613684,4.064026953125
91.08788621038408,4.063973046875
91.08264069202112,4.063910546875
91.07739523831926,4.063926171875
91.07214983326718,4.063876171875
91.06690442452017,4.063874609375
91.06165902932123,4.063837109375
91.05641362673242,4.063846875
91.05116821429053,4.063779296875
91.04592280677514,4.063748046875
91.04067744359884,4.0637453125
91.0354320921231,4.0637921875
91.03018673202585,4.0637703125
91.02494133436363,4.06374453125
91.01969587696686,4.06373828125
91.01445038693163,4.063723046875
91.00920489443311,4.06368125
91.00395939639223,4.063712109375
90.9987139094361,4.063660546875
90.99346842986982,4.063663671875
90.98822293737133,4.063619921875
90.98297743317222,4.06362421875
90.9777319215833,4.06357578125
90.97248640075708,4.063563671875
90.9672408762359,4.063545703125
90.96199536095209,4.0635265625
90.95674985305808,4.063502734375
90.95150434885902,4.06348984375
90.9462588372701,4.063468359375
90.94101332814444,4.063443359375
90.93576783441429,4.063439453125
90.93052234622652,4.063398046875
90.9252768629653,4.063394140625
90.92003136923516,4.0634125
90.9147858662677,4.06335703125
90.90954036206864,4.0633546875
90.90429484370567,4.06332890625
90.89904930502067,4.063321484375
90.8938037675673,4.06332734375
90.88855822888233,4.063287109375
90.8833127234516,4.06324296875
90.87806722541072,4.06325546875
90.87282173414387,4.0632625
90.86757623610295,4.0631953125
90.86233072205076,4.06318203125
90.85708519013976,4.06317109375
90.85183963605928,4.06317109375
90.84659408567371,4.06315859375
90.84134853528812,4.0631140625
90.8361029990664,4.0631171875
90.83085750656788,4.0630875
90.82561208057793,4.0630453125
90.82036668784225,4.06299609375
90.81512131481281,4.0629796875
90.80987593562514,4.062937109375
90.80463054165783,4.0629328125
90.79938512490521,4.062895703125
90.79413970137851,4.06289453125
90.78889429386315,4.062872265625
90.78364887033646,4.0628546875
90.7784034505047,4.062862109375
90.77315805653741,4.062816015625
90.76791265641191,4.0627828125
90.762667195936,4.0627984375
90.75742168311545,4.06284765625
90.75217614319881,4.062796484375
90.74693061005618,4.06273203125
90.74168507260283,4.062740625
90.73643955300824,4.06274609375
90.73119401432325,4.062705859375
90.72594845654784,4.06272265625
90.72070296404931,4.062641015625
90.71545752943786,4.062589453125
90.71021209975298,4.06258359375
90.70496666390994,4.062601171875
90.69972124592563,4.062584375
90.69447582239897,4.062509375
90.68923041981014,4.0625390625
90.68398498889366,4.062508984375
90.67873948223128,4.06253515625
90.67349393307735,4.062556640625
90.66824838515504,4.06248515625
90.66300283723274,4.0624328125
90.65775730655339,4.062480859375
90.65251175986275,4.062448828125
90.64726621994609,4.062430859375
90.6420207366849,4.062371875
90.63677527374576,4.062333203125
90.63152981080658,4.062338671875
90.62628434909908,4.06233359375
90.62103889909214,4.062301953125
90.61579348480277,4.06225546875
90.61054801878453,4.062293359375
90.60530249795832,4.0623296875
90.60005696851057,4.06227265625
90.59481144275783,4.062246484375
90.58956590653608,4.062201953125
90.58432037216181,4.0622328125
90.57907489629046,4.06213046875
90.5738294425886,4.06214375
90.56858399504496,4.0621171875
90.56333856412846,4.06209296875
90.55809314860741,4.062054296875
90.55284767027278,4.0620765625
90.5476021506782,4.062063671875
90.54235661999883,4.062051171875
90.53711109547771,4.0620421875
90.53186554632376,4.062035546875
90.5266200550569,4.06196484375
90.52137458041715,4.061941015625
90.51612911563053,4.06193671875
90.51088366562361,4.06193046875
90.50563821931162,4.06191171875
90.5003927114176,4.061928125
90.4951472059869,4.06186953125
90.48990169439797,4.06187578125
90.48465617110847,4.061862109375
90.47941069154217,4.06177265625
90.47416525015673,4.06179921875
90.4689198229351,4.0617734375
90.4636744141881,4.06171640625
90.45842897526593,4.061748046875
90.45318347229849,4.0617484375
90.44793794654571,4.061712890625
90.4426924294144,4.061730859375
90.4374468931927,4.06171953125
90.4322014290219,4.06163125
90.42695599071554,4.061625
90.42171054809845,4.061574609375
90.41646512087685,4.061605078125
90.41121962283599,4.06163828125
90.405974104473,4.061546484375
90.40072858118351,4.06156484375
90.39548303695612,4.0615671875
90.39023755985313,4.061470703125
90.3849921160044,4.061459375
90.37974670972069,4.06144140625
90.37450132067994,4.06141953125
90.36925586697807,4.0614609375
90.36401037879028,4.06142578125
90.35876488198103,4.061407421875
90.35351938147689,4.06141796875
90.34827393516487,4.06133984375
90.34302850178507,4.061328125
90.33778308872735,4.061298828125
90.33253762270908,4.061325390625
90.32729211727838,4.0613046875
90.32204660938434,4.061262109375
90.31680111134348,4.0612671875
90.31155567919532,4.061191015625
90.30631024088898,4.061167578125
90.30106482844707,4.061156640625
90.29581935627058,4.0612125
90.29057385699805,4.061171484375
90.28532833494022,4.061155859375
90.28008281165071,4.0611328125
90.27483734440082,4.0610921875
90.26959189562552,4.061058984375
90.26434647209885,4.0610484375
90.25910097528958,4.0610921875
90.25385545323175,4.061034375
90.24860990900439,4.061044140625
90.24336438571486,4.060979296875
90.23811889075307,4.060966796875
90.23287341365005,4.06096328125
90.22762795440585,4.06091796875
90.22238244035363,4.06093515625
90.21713691583247,4.060931640625
90.21189136667857,4.06090625
90.20664587725913,4.060778515625
90.20140041801491,4.060811328125
90.19615498463513,4.060780078125
90.19090950383718,4.06086953125
90.18566398855336,4.060803515625
90.18041846280056,4.060801171875
90.17517296599131,4.06076875
90.1699275135211,4.06073125
90.16468207336726,4.06075
90.15943662705529,4.060710546875
90.15419114009914,4.060696484375
90.1489456488323,4.06069765625
90.14370012677442,4.060708984375
90.1384546718409,4.060640234375
90.13320921690745,4.06060078125
90.12796377552199,4.060603125
90.12271826639633,4.06064453125
90.11747274187519,4.060591796875
90.1122272099642,4.0605859375
90.10698171869734,4.0605109375
90.10173623789939,4.06053671875
90.09649079651393,4.060491015625
90.09124534773866,4.060496484375
90.08599985647182,4.060490234375
90.08075435596761,4.060476171875
90.07550884437869,4.0604390625
90.07026338698194,4.060378515625
90.06501794990722,4.0603796875
90.05977251899073,4.060363671875
90.0545270110967,4.060448828125
90.04928148288064,4.060383984375
90.04403593742163,4.06038125
90.03879045662367,4.060295703125
90.03354500045857,4.060255859375
90.02829956338384,4.060223046875
90.02305405918477,4.06030703125
90.0178085371269,4.060267578125
90.01256299597861,4.06026015625
90.00731751887562,4.06014765625
90.00207205963137,4.06015078125
89.99682663240975,4.0601
89.99158114668529,4.0601703125
89.98633563509635,4.060154296875
89.98109010934357,4.060119140625
89.97584463347224,4.06007109375
89.97059916930144,4.060073046875
89.96535366756562,4.060099609375
89.96010814181284,4.060044921875
89.95486259142726,4.060067578125
89.94961708599655,4.060007421875
89.94437161874663,4.0599953125
89.93912614164363,4.060030078125
89.93388063867621,4.059962109375
89.92863512277653,4.05996953125
89.92338965060009,4.05987890625
89.91814418458182,4.0598921875
89.91289867422452,4.059883984375
89.90765314600849,4.059878515625
89.90240761532912,4.059841015625
89.89716213699445,4.059815234375
89.89191669314577,4.05976484375
89.88667120618963,4.05980234375
89.88142570322218,4.059775390625
89.87618021626605,4.059741015625
89.87093475024781,4.059725
89.86568930270417,4.059704296875
89.86044380897403,4.05968515625
89.85519829615343,4.059733203125
89.84995283198263,4.05964453125
89.84470738443899,4.059648046875
89.83946191965238,4.0596546875
89.83421642838553,4.059654296875
89.82897092172315,4.0596109375
89.82372545077831,4.05954453125
89.81848001062454,4.05953515625
89.81323449472485,4.059545703125
89.8079889480342,4.05955390625
89.80274342351306,4.05948125
89.79749791808234,4.059484765625
89.79225239479284,4.05949765625
89.78700684687053,4.059480078125
89.78176129525333,4.059451171875
89.7765158002915,4.059433984375
89.77127033427327,4.059344921875
89.76602481467869,4.0593890625
89.7607792729146,4.05941953125
89.7555337662522,4.059334765625
89.75028828422268,4.059319921875
89.7450427646281,4.059369921875
89.73979722163233,4.0593265625
89.73455168541064,4.059258984375
89.72930618244315,4.05925703125
89.72406069425539,4.059226171875
89.71881516111277,4.059221875
89.7135696070323,4.05922265625
89.70832410652811,4.05913671875
89.7030786281935,4.059181640625
89.69783310367231,4.05920390625
89.69258755205509,4.05915078125
89.68734202137576,4.059067578125
89.68209651594505,4.059076171875
89.67685101544087,4.0591078125
89.67160547798753,4.05909921875
89.66635993683923,4.059113671875
89.6611144474198,4.059029296875
89.65586898140158,4.058990625
89.65062345811208,4.059038671875
89.64537790772647,4.05901328125
89.64013239182682,4.0589328125
89.63488690240744,4.058966015625
89.62964139081848,4.058980859375
89.62439587922955,4.05893984375
89.61915037995706,4.058842578125
89.61390491701789,4.05880625
89.60865945407875,4.058898046875
89.60341395726951,4.0588328125
89.59816844691221,4.058840234375
89.592922963651,4.0587859375
89.58767750440678,4.058765234375
89.58243199035458,4.05877890625
89.57718645166956,4.058798828125
89.57194095239706,4.058720703125
89.56669547159912,4.058708203125
89.56144994584632,4.058716796875
89.55620440839294,4.058703515625
89.55095892020518,4.05862265625
89.54571348128302,4.058627734375
89.54046801156984,4.058687109375
89.53522251229731,4.05864296875
89.52997701856721,4.058582421875
89.52473154885402,4.058557421875
89.51948607298264,4.058559765625
89.51424056262535,4.058571484375
89.5089950467257,4.05852265625
89.50374957085432,4.058516796875
89.49850412207903,4.058478515625
89.4932586104901,4.0584875
89.4880130810424,4.058486328125
89.4827676002445,4.058418359375
89.4775221551641,4.058393359375
89.47227666697633,4.058425
89.46703116154559,4.058383984375
89.4617856906008,4.0583078125
89.45654023012494,4.058315625
89.45129476595416,4.058321484375
89.44604925313355,4.058317578125
89.44080372984405,4.0583125
89.43555825766764,4.058284375
89.43031280396576,4.058224609375
89.42506730715651,4.058256640625
89.41982180049415,4.05820859375
89.41457632708607,4.058159765625
89.40933087338423,4.0581921875
89.4040854387728,4.058146875
89.39883996659633,4.058155859375
89.39359447717692,4.058144921875
89.38834904010218,4.058065234375
89.3831036190388,4.058068359375
89.37785815178891,4.058102734375
89.37261264635819,4.0580640625
89.3673671446224,4.058028125
89.36212167244595,4.058001953125
89.35687620827515,4.05795625
89.35163069668623,4.05797578125
89.3463851697018,4.058021484375
89.34113967474003,4.057924609375
89.33589421980655,4.05792421875
89.33064874147188,4.057958203125
89.32540323727281,4.057905859375
89.32015772568388,4.05782890625
89.31491224734923,4.05786171875
89.30966678995243,4.0578109375
89.30442128205847,4.057846875
89.2991757575373,4.057816015625
89.2939302742761,4.057759765625
89.28868481687931,4.057760546875
89.28343933854465,4.05777265625
89.27819384173544,4.057723046875
89.27294833999963,4.05773984375
89.26770288260283,4.057716796875
89.26245744799144,4.057675390625
89.25721196103528,4.057718359375
89.25196645067798,4.0576953125
89.24672095817951,4.05760234375
89.24147550078271,4.057578515625
89.23623006370802,4.057530078125
89.23098458291008,4.057572265625
89.2257390934907,4.057558984375
89.22049363424642,4.057502734375
89.21524819963503,4.057512890625
89.21000277733997,4.057487109375
89.2047572768358,4.05750625
89.19951175477794,4.0575046875
89.19426626782183,4.05743828125
89.18902079564536,4.05745703125
89.1837753234689,4.057428515625
89.17852980141106,4.057420703125
89.17328427196337,4.057396484375
89.16803877700154,4.057348828125
89.1627933196048,4.057347265625
89.15754789607813,4.057323828125
89.15230241774347,4.05735859375
89.1470569209342,4.057316796875
89.14181142043006,4.057305859375
89.13656597288642,4.0572625
89.13132054689645,4.057223828125
89.12607509442624,4.0572875
89.12082959392208,4.057239453125
89.11558407679078,4.05724375
89.11033860091939,4.057168359375
89.10509314475428,4.05714609375
89.09984770460044,4.05713671875
89.09460221087029,4.05712109375
89.08935671159777,4.05711875
89.08411121355691,4.05704921875
89.07886576108667,4.05702734375
89.07362033263342,4.057026953125
89.06837487523667,4.057075
89.06312938828054,4.057004296875
89.05788388654476,4.0570109375
89.05263842606888,4.056966796875
89.04739298776252,4.056936328125
89.04214753529229,4.05695
89.03690203232485,4.056944921875
89.03165651519355,4.056957421875
89.02641105348603,4.0568265625
89.02116560717403,4.056843359375
89.015920184879,4.05684453125
89.01067472317149,4.056850390625
89.00542924730011,4.056848828125
89.00018378436094,4.0567796875
88.99493834051222,4.05680234375
88.98969290836408,4.0567921875
88.98444742140794,4.056808984375
88.9792019147456,4.0567859375
88.97395640069338,4.056748046875
88.9687109531497,4.056703515625
88.96346552346483,4.056658203125
88.95822008885342,4.0566875
88.95297462160353,4.056658203125
88.94772913711067,4.056660546875
88.94248368833537,4.05658828125
88.93723826234546,4.056591796875
88.93199285236678,4.0565609375
88.9267473691056,4.056550390625
88.92150186736978,4.05658046875
88.91625635824413,4.056521875
88.91101091193211,4.05649453125
88.90576548840544,4.056488671875
88.9005200347036,4.05648203125
88.89527454774745,4.056456640625
88.8900290410851,4.05641953125
88.88478357814593,4.056367578125
88.87953812937066,4.05638984375
88.87429271138637,4.056333984375
88.8690472293568,4.056391796875
88.86380171530458,4.05636484375
88.85855618832016,4.056360546875
88.85331072353357,4.0562546875
88.84806528337974,4.05625390625
88.84281986231635,4.056213671875
88.83757439752974,4.0562546875
88.83232891673178,4.056251171875
88.82708342977566,4.0562265625
88.8218379908535,4.056222265625
88.81659257102177,4.056176171875
88.81134714380013,4.05617421875
88.80610166916043,4.05616875
88.80085617789356,4.05615
88.79561072419168,4.056059765625
88.79036528958028,4.0560640625
88.78511989314966,4.056050390625
88.77987444560603,4.0560578125
88.77462897712446,4.05606640625
88.76938350371637,4.056001171875
88.7641380703366,4.0560046875
88.75889266282121,4.05591953125
88.75364720665608,4.056009375
88.74840171846833,4.056003125
88.74315625676083,4.055953515625
88.7379108283076,4.055895703125
88.73266540724421,4.055837109375
88.72741993383609,4.05588046875
88.72217444441671,4.0558734375
88.71692898024591,4.055795703125
88.71168353270225,4.055813671875
88.70643805559925,4.0558328125
88.7011925618691,4.055815234375
88.69594707614463,4.055752734375
88.69070161566874,4.05572265625
88.68545615088215,4.055822265625
88.68021066762094,4.055761328125
88.67496520468177,4.0556625
88.66971975960142,4.055666796875
88.66447427634019,4.055651171875
88.65922876105634,4.055665625
88.65398328641663,4.0555984375
88.64873782224583,4.0556296875
88.6434923192784,4.055579296875
88.63824682801152,4.0555390625
88.63300138046785,4.055534765625
88.62775590090158,4.05556875
88.62251044165733,4.05546328125
88.61726500950918,4.05551875
88.61201953240618,4.055485546875
88.60677403067037,4.055448828125
88.60152855726227,4.05543984375
88.5962830530632,4.0554765625
88.59103753470025,4.0554453125
88.58579205020743,4.055392578125
88.58054653738682,4.05538359375
88.57530100793915,4.055392578125
88.57005553083614,4.055326953125
88.56481004757491,4.055335546875
88.55956453598598,4.055330859375
88.55431906873609,4.055225
88.54907358793818,4.0552625
88.54382806834359,4.055270703125
88.53858259247221,4.055219140625
88.53333709997374,4.055251171875
88.52809159084809,4.055193359375
88.52284611867162,4.0551484375
88.51760063664204,4.0552078125
88.51235511827913,4.05516484375
88.50710964363937,4.0551125
88.50186414067194,4.05514921875
88.49661860752933,4.055112890625
88.49137312057319,4.05506328125
88.48612762006903,4.055076953125
88.48088208384728,4.0550640625
88.47563658087984,4.054996875
88.470391065596,4.055014453125
88.4651455324534,4.055023046875
88.45990004118653,4.054964453125
88.45465453206086,4.055009765625
88.44940900507645,4.054969140625
88.44416351380958,4.054899609375
88.43891799298336,4.054923828125
88.43367245121925,4.0549234375
88.42842695625748,4.054837890625
88.4231814459002,4.054870703125
88.417935931848,4.054800390625
88.41269045967152,4.05480859375
88.40744495670408,4.05477890625
88.40219945989485,4.054728125
88.39695401111955,4.054716015625
88.39170851985267,4.05472890625
88.3864630402864,4.0546375
88.38121759151112,4.05462421875
88.37597210701827,4.054694140625
88.37072662868361,4.054650390625
88.36548115527552,4.054619140625
88.36023565107645,4.054616015625
88.35499017397342,4.054571484375
88.34974469933371,4.05458359375
88.34449920252445,4.054558203125
88.33925374204857,4.0545359375
88.33400827110376,4.05456484375
88.32876277183124,4.054518359375
88.32351731689776,4.054471875
88.31827184718459,4.054509765625
88.31302635468606,4.054478515625
88.30778089852093,4.054422265625
88.3025354355818,4.0544015625
88.29728994862566,4.05444375
88.29204448814978,4.054333203125
88.28679899873038,4.054403125
88.28155348590982,4.054355078125
88.27630799217968,4.05436328125
88.27106247812748,4.054284765625
88.26581697516002,4.054246484375
88.26057150544686,4.054228125
88.25532599755283,4.054258203125
88.2500804884272,4.054191015625
88.24483501132421,4.054164453125
88.23958950096691,4.05422578125
88.23434399676783,4.05417109375
88.22909851473827,4.054150390625
88.22385299144877,4.054162109375
88.21860749463953,4.054095703125
88.21336201260995,4.054090625
88.20811650102102,4.05409296875
88.20287101283327,4.05405
88.1976255369619,4.05405625
88.1923800210622,4.054072265625
88.18713452302134,4.054017578125
88.18188904099176,4.053998828125
88.17664352139717,4.053992578125
88.1713980264354,4.053952734375
88.16615254686911,4.05394296875
88.16090704636493,4.053935546875
88.15566156679863,4.05391015625
88.15041611556008,4.053859375
88.14517061751917,4.053884375
88.13992514041618,4.053823828125
88.13467968671434,4.053795703125
88.12943419544746,4.053866015625
88.1241887072597,4.053770703125
88.11894325355783,4.053769140625
88.11369777275992,4.05377734375
88.10845228457215,4.053704296875
88.10320681732226,4.053724609375
88.09796131189152,4.053719140625
88.09271578244383,4.053740625
88.08747030657246,4.053629296875
88.08222480853158,4.053665625
88.07697927785223,4.0536640625
88.07173378412209,4.0536296875
88.06648829593432,4.05362265625
88.061242778803,4.053583984375
88.05599728384124,4.05355625
88.05075181905463,4.05352109375
88.04550629207017,4.0535421875
88.0402607903344,4.053453515625
88.03501532062121,4.0534546875
88.02976981026391,4.053450390625
88.02452428820608,4.053433984375
88.01927880124994,4.053386328125
88.01403329705086,4.053409765625
88.00878777991956,4.053401171875
88.00354230651148,4.053341015625
87.99829682201862,4.053374609375
87.9930513165879,4.05333125
87.98780582655264,4.05328046875
87.98256036361353,4.05322421875
87.9773148520246,4.053295703125
87.97206935952607,4.05317265625
87.96682388611798,4.05320078125
87.96157839238784,4.05321015625
87.95633287833562,4.053182421875
87.95108740615919,4.053162890625
87.94584191797142,4.053197265625
87.94059639837684,4.05316015625
87.93535092127384,4.053073828125
87.93010544540246,4.0530953125
87.92485993627682,4.053077734375
87.91961443946758,4.053037109375
87.91436897468097,4.052988671875
87.90912346432367,4.053023828125
87.90387797182518,4.052919921875
87.8986325058069,4.052948828125
87.89338701330843,4.052930859375
87.88814152327318,4.052942578125
87.88289607942446,4.052887109375
87.87765062018022,4.052932421875
87.8724051172128,4.052911328125
87.86715964010973,4.0528359375
87.86191415007455,4.05288203125
87.85666862924832,4.0528375
87.85142314721875,4.052783984375
87.84617766149424,4.05282265625
87.84093214559459,4.052748046875
87.8356866623334,4.052730078125
87.83044118153545,4.052745703125
87.82519567610473,4.05269296875
87.81995020392831,4.052680859375
87.81470473914165,4.0526765625
87.80945923371092,4.052676171875
87.80421374244408,4.052651953125
87.79896827026764,4.05261328125
87.79372276237362,4.05263125
87.78847728157568,4.052559765625
87.78323181063087,4.052585546875
87.77798629781032,4.052555078125
87.7727408083909,4.052492578125
87.7674953349828,4.05249921875
87.76224983694195,4.052469921875
87.75700435860728,4.052392578125
87.75175888889413,4.052447265625
87.74651337607355,4.05241328125
87.74126789650725,4.052341015625
87.73602243048903,4.052339453125
87.73077695215437,4.05233046875
87.72553149845254,4.052305859375
87.72028603797663,4.052344921875
87.7150405411674,4.052303125
87.70979505667455,4.0522296875
87.70454958203482,4.052271875
87.699304080299,4.0522296875
87.69405859334287,4.052196875
87.68881312486135,4.052175390625
87.68356760280348,4.052218359375
87.67832211276827,4.05211171875
87.67307667569354,4.05212421875
87.66783120228546,4.052178515625
87.6625857239508,4.05205234375
87.65734027394386,4.052054296875
87.65209478144537,4.0520875
87.64684927601465,4.052051953125
87.64160379891165,4.051980859375
87.63635830210241,4.052025390625
87.63111277634961,4.0520140625
87.62586727830872,4.051955859375
87.62062178026783,4.051958203125
87.61537625328343,4.051946484375
87.6101307583216,4.0518859375
87.60488530338814,4.051833203125
87.59963980288396,4.051885546875
87.59439433070753,4.051791015625
87.58914888932206,4.05180234375
87.58390339805521,4.05180078125
87.57865791356237,4.0517484375
87.57341246355541,4.051718359375
87.56816697906255,4.051745703125
87.562921497033,4.05170546875
87.55767605072097,4.051698046875
87.5524305649965,4.05169921875
87.54718507927201,4.05165390625
87.54193961879612,4.051644140625
87.53669411952363,4.051661328125
87.53144863379913,4.05159140625
87.52620317886564,4.0515703125
87.52095768636711,4.0515765625
87.51571220433755,4.051515625
87.51046675433062,4.051455859375
87.50522127599596,4.051524609375
87.49997581983084,4.051472265625
87.49473037598209,4.0514640625
87.48948487917285,4.051450390625
87.48423941069133,4.05139921875
87.47899392989343,4.0514484375
87.4737484219994,4.051392578125
87.46850294859132,4.051302734375
87.46325745855609,4.051365234375
87.45801194573555,4.05133359375
87.45276647848566,4.051256640625
87.4475209884504,4.051256640625
87.44227550395756,4.05120078125
87.43703004656079,4.05118671875
87.43178455652554,4.051237890625
87.42653907942255,4.051144140625
87.42129360847775,4.051121875
87.41604809442556,4.051181640625
87.41080260500613,4.051094140625
87.4055571328297,4.051130859375
87.40031162616731,4.051096484375
87.39506614660102,4.05103671875
87.38982066333982,4.051071484375
87.38457514928763,4.051048828125
87.37932967464789,4.050969921875
87.37408419754486,4.0510015625
87.36883868595595,4.050981640625
87.36359321131623,4.050965234375
87.35834770219058,4.05093515625
87.35310217274287,4.050947265625
87.34785667901274,4.050902734375
87.34261116865545,4.050898046875
87.33736565029251,4.05083671875
87.33212016579965,4.050829296875
87.32687465174746,4.05082265625
87.32162913338452,4.0507359375
87.31638364889166,4.05074375
87.31113812683378,4.0507890625
87.30589259061209,4.050719140625
87.30064709934521,4.050683984375
87.29540154649632,4.0506859375
87.29015602443849,4.050587109375
87.28491054240892,4.050609765625
87.2796650191194,4.05062578125
87.2744194982932,4.050588671875
87.26917399409409,4.050571875
87.26392846095148,4.0505546875
87.25868294689927,4.050491796875
87.25343745563241,4.05047890625
87.24819192987962,4.0504984375
87.24294641582742,4.050452734375
87.23770088761135,4.050491796875
87.23245532059862,4.0504703125
87.2272097899193,4.050409375
87.22196425554503,4.0504125
87.21671870762276,4.050380078125
87.21147320835021,4.05030078125
87.20622770538277,4.050340234375
87.20098217347179,4.05030625
87.19573668405238,4.050232421875
87.19049118108492,4.050230859375
87.18524566580109,4.05014453125
87.1800001960879,4.05015859375
87.17475468696226,4.05015625
87.16950918276319,4.05009921875
87.16426370073364,4.050105078125
87.15901816635936,4.050169921875
87.15377265353878,4.050087109375
87.14852715180301,4.0500828125
87.14328161866035,4.0500421875
87.13803611692457,4.050012890625
87.13279061518875,4.050027734375
87.12754507773539,4.05
87.12229959693748,4.049903515625
87.11705410567058,4.04993671875
87.1118086039348,4.049925390625
87.10656313791654,4.049901171875
87.10131762386432,4.049862890625
87.09607209687991,4.04980078125
87.09082658652261,4.049828515625
87.08558103244214,4.0498546875
87.08033549067805,4.049762109375
87.07508996738854,4.049762890625
87.06984442316113,4.04974375
87.06459888878689,4.04973828125
87.05935335933921,4.049765625
87.05410782188582,4.04975546875
87.0488623250766,4.049644140625
87.04361680425032,4.049694140625
87.03837126433372,4.049644921875
87.0331257693719,4.049578125
87.02788024485078,4.049573046875
87.02263471663471,4.0495328125
87.01738921489893,4.04955
87.01214367498228,4.049544921875
87.00689818125214,4.04948671875
87.00165270045417,4.049534375
86.99640717716468,4.049478515625
86.9911616754289,4.04941875
86.98591617122979,4.049471484375
86.98067063131317,4.04945390625
86.97542513450394,4.049322265625
86.97017961490934,4.049359765625
86.96493408792489,4.049319921875
86.9596885978897,4.049273828125
86.95444309122729,4.049291796875
86.94919757840674,4.04928984375
86.94395208713989,4.0492234375
86.93870657924587,4.049238671875
86.93346105349309,4.049259375
86.92821555545221,4.049154296875
86.92297004016838,4.049200390625
86.91772449470933,4.049134765625
86.91247897942552,4.049065625
86.90723349246937,4.049070703125
86.90198796179001,4.049064453125
86.8967424255683,4.049015625
86.8914969115161,4.0489796875
86.88625139623227,4.049037109375
86.88100585631562,4.048969140625
86.8757603200939,4.048884375
86.8705148097366,4.048880859375
86.86526929014202,4.0489484375
86.86002374837793,4.048867578125
86.85477820415055,4.048861328125
86.84953271288369,4.04880859375
86.84428725548689,4.04876328125
86.83904174020307,4.04883046875
86.83379620706046,4.048805859375
86.82855068623422,4.0487140625
86.82330519373572,4.048718359375
86.81805972648583,4.048676953125
86.8128142056596,4.04868203125
86.80756866266387,4.04865234375
86.80232310119352,4.048633984375
86.79707760068938,4.048549609375
86.79183211126994,4.048559375
86.78658664709914,4.04848203125
86.78134112627292,4.04856953125
86.77609558758795,4.048469140625
86.77085003104418,4.04848828125
86.76560450775467,4.048396484375
86.76035902695672,4.0483765625
86.75511355354864,4.048352734375
86.74986809615184,4.0483484375
86.74462256670414,4.048421875
86.73937701262368,4.048323046875
86.73413145238497,4.0483484375
86.7288859149316,4.04827265625
86.7236404224331,4.0482296875
86.71839494286682,4.048228125
86.71314947192201,4.04817265625
86.70790395479071,4.048234765625
86.70265841487405,4.048127734375
86.69741286202522,4.048191015625
86.69216729501248,4.04815703125
86.68692177049132,4.04803984375
86.68167628230356,4.048002734375
86.67643081505366,4.047990234375
86.67118537797897,4.047998046875
86.66593988794372,4.048037109375
86.66069436465422,4.047944140625
86.65544882843253,4.04794296875
86.65020330021646,4.047927734375
86.64495778985916,4.047881640625
86.63971231275616,4.04783125
86.63446684427464,4.04783828125
86.62922138503042,4.047837890625
86.6239759202438,4.0477671875
86.61873039325934,4.047846875
86.61348484287377,4.047797265625
86.60823928633002,4.04774765625
86.60299371439073,4.047749609375
86.59774821634984,4.04766015625
86.59250274540501,4.047650390625
86.58725729170317,4.047642578125
86.58201185339682,4.047565625
86.57676639168932,4.047579296875
86.57152086347324,4.047630859375
86.56627531924586,4.047544140625
86.56102977132359,4.047553125
86.55578420431085,4.0475015625
86.55053868225299,4.047450390625
86.54529319899179,4.04738203125
86.54004772681532,4.04740390625
86.53480227311348,4.047303515625
86.52955684096531,4.047321875
86.52431137125215,4.047317578125
86.51906585165759,4.047341015625
86.51382032836808,4.0472875
86.50857480138363,4.04730234375
86.50332925838788,4.047247265625
86.49808373263514,4.04723828125
86.49283827092762,4.04714140625
86.48759283508454,4.047158203125
86.4823474090946,4.047151171875
86.47710198187298,4.0471125
86.47185657312598,4.04706640625
86.46661110587608,4.047088671875
86.46136560414031,4.047059375
86.45612009501467,4.047030078125
86.45087458342574,4.04700625
86.44562906136787,4.046951953125
86.44038353438346,4.046953515625
86.43513806220699,4.046890625
86.42989261958992,4.04684609375
86.42464717450952,4.0468203125
86.41940173620316,4.046821484375
86.41415630282337,4.046778515625
86.40891089161309,4.0467609375
86.4036654108152,4.046759765625
86.39841986966688,4.046765234375
86.39317430573328,4.0467
86.38792873071489,4.04668984375
86.38268317170784,4.0466484375
86.37743762132224,4.046623828125
86.37219207463158,4.046621875
86.36694659629696,4.0465796875
86.36170116045389,4.046491796875
86.3564557190684,4.046534375
86.351210284457,4.046502734375
86.34596485723537,4.046480078125
86.34071942385559,4.04648046875
86.33547400710293,4.04641640625
86.33022858357624,4.04637421875
86.32498310154668,4.046383203125
86.31973758318374,4.046383984375
86.314492040188,4.046369140625
86.30924650827701,4.04629453125
86.30400097082368,4.046295703125
86.29875544630252,4.04629296875
86.29350991439154,4.04627265625
86.2882643627743,4.046237890625
86.28301881238873,4.0462484375
86.27777333035917,4.0461796875
86.27252789143701,4.046115234375
86.26728247468434,4.046071484375
86.26203705115765,4.046041015625
86.2567916153146,4.046019921875
86.25154619055628,4.046000390625
86.2463007762669,4.046008984375
86.24105534288708,4.045965234375
86.23580991197059,4.04593125
86.23056449644957,4.045916015625
86.22531906060648,4.045873046875
86.22007356010232,4.045894140625
86.21482800971675,4.0459078125
86.20958244331986,4.045891796875
86.20433688431281,4.045790234375
86.19909134131704,4.045759375
86.19384580263205,4.0457765625
86.1886002627154,4.04576171875
86.18335470740327,4.045698828125
86.17810913361653,4.045737109375
86.17286361833271,4.04566640625
86.16761816093592,4.045580859375
86.16237273125105,4.045590234375
86.1571272898656,4.0455375
86.15188186633893,4.045505078125
86.1466364440439,4.045462109375
86.14139103652853,4.04545703125
86.13614558775322,4.04544296875
86.13090008355415,4.0454796875
86.125654559033,4.045398828125
86.12040903451187,4.04537734375
86.11516352538622,4.045367578125
86.10991798546958,4.045355859375
86.1046724443213,4.04533203125
86.099426995546,4.04521640625
86.0941815621662,4.045212109375
86.08893612755477,4.04520078125
86.0836906954066,4.04516328125
86.0784452798856,4.045140234375
86.07319984773744,4.045113671875
86.06795434107508,4.045126953125
86.06270881039573,4.04509765625
86.05746327417403,4.0450609375
86.05221773302574,4.045010546875
86.04697218510343,4.045030078125
86.04172666181394,4.04498671875
86.03648120564881,4.044916015625
86.03123575933678,4.0449015625
86.025990319183,4.04489140625
86.02074487779755,4.0448390625
86.01549945550249,4.044846484375
86.010253969778,4.044808203125
86.00500844772013,4.04484375
85.99976291026675,4.044743359375
85.99451737835577,4.04474765625
85.98927181134306,4.04470234375
85.98402631638128,4.04464453125
85.97878085713705,4.04462734375
85.97353541698324,4.0446046875
85.96829000454133,4.044571875
85.9630445520711,4.044601953125
85.95779903493981,4.044571875
85.95255351288196,4.044562890625
85.94730796742293,4.044533203125
85.94206244413343,4.04441484375
85.93681695409818,4.044419140625
85.93157148438505,4.044373046875
85.92632603807301,4.0443359375
85.92108052217334,4.0443671875
85.91583497917763,4.044321484375
85.91058943371858,4.044281640625
85.9053438950336,4.04426015625
85.90009841423564,4.044174609375
85.89485296053383,4.04417578125
85.88960753208057,4.044151171875
85.8843620340397,4.044187109375
85.87911651567673,4.044114453125
85.8738709782234,4.04411875
85.86862546786608,4.0440203125
85.86337997967833,4.04401015625
85.85813450627023,4.04400078125
85.85288902547231,4.04401640625
85.84764350587774,4.043937109375
85.84239797889329,4.043920703125
85.83715245437217,4.043857421875
85.83190696433692,4.043867578125
85.82666149092884,4.043812109375
85.82141601259423,4.043819921875
85.81617049299962,4.043806640625
85.8109249758683,4.04379609375
85.8056794679743,4.04376171875
85.8004340130408,4.043697265625
85.79518856672881,4.043635546875
85.78994312534334,4.04361953125
85.78469760944367,4.043653515625
85.77945207322198,4.043654296875
85.77420651667818,4.043612109375
85.76896102294802,4.043519921875
85.76371554584503,4.04350078125
85.758470099533,4.0434734375
85.75322460703453,4.043460546875
85.74797911022527,4.04340234375
85.74273360725783,4.04338515625
85.73748814678194,4.04328046875
85.73224271709708,4.043307421875
85.72699730280769,4.043286328125
85.72175187681773,4.043227734375
85.71650639232487,4.043242578125
85.711260894284,4.043208984375
85.70601536606793,4.043183203125
85.70076988896493,4.043108984375
85.69552445004277,4.04309765625
85.69027901112061,4.043067578125
85.68503359005717,4.043026953125
85.67978809755868,4.043056640625
85.67454257426917,4.042991796875
85.66929703127343,4.0430078125
85.66405147472966,4.042951171875
85.65880599146843,4.042858984375
85.65356055439375,4.042830859375
85.64831514195184,4.04282578125
85.64306973197317,4.0428109375
85.63782431522054,4.042754296875
85.63257882949603,4.04277578125
85.62733332160205,4.0427015625
85.62208781370803,4.042751953125
85.61684228795525,4.042698046875
85.61159676466575,4.0427015625
85.60635129864747,4.042582421875
85.60110584371401,4.042569140625
85.59586040663928,4.042549609375
85.59061497695441,4.042566796875
85.58536956389669,4.042486328125
85.58012406216086,4.042484765625
85.57487851670183,4.04251640625
85.56963296262136,4.042434765625
85.56438741716231,4.04243125
85.55914188094063,4.042380859375
85.55389633178667,4.042370703125
85.5486508405198,4.04226640625
85.54340537203826,4.0421890625
85.53815990602003,4.04220859375
85.53291444862322,4.042167578125
85.52766901031688,4.04213046875
85.52242357693709,4.0420875
85.51717808690185,4.042124609375
85.51193256361235,4.042073828125
85.50668703909122,4.042031640625
85.50144151333843,4.0420328125
85.49619597219016,4.0420046875
85.4909504347368,4.041980078125
85.48570497179766,4.041870703125
85.48045951932744,4.04188125
85.47521408225272,4.041848828125
85.46996863347745,4.041836328125
85.46472319517109,4.041784375
85.45947769836185,4.04180703125
85.45423216891412,4.041771875
85.44898662776585,4.04168359375
85.44374109462323,4.041691796875
85.43849555285912,4.041628515625
85.43325002217978,4.04162265625
85.42800455369826,4.0415171875
85.42275911662352,4.041483984375
85.41751367400646,4.04148046875
85.41226823262097,4.041433203125
85.4070228053994,4.041465234375
85.40177738310437,4.0414109375
85.39653189306912,4.04143515625
85.39128634884176,4.0414046875
85.38604078244487,4.0413484375
85.38079522590108,4.041309765625
85.37554969522174,4.04130859375
85.37030416207912,4.04123828125
85.365058620315,4.041258984375
85.35981314074871,4.041186328125
85.35456770490563,4.04107890625
85.34932226228857,4.04107109375
85.34407682090311,4.041052734375
85.33883138198092,4.041006640625
85.33358595106442,4.040961328125
85.32834053000103,4.040944140625
85.32309510647434,4.04089453125
85.31784962074983,4.040918359375
85.31260407159593,4.04095234375
85.30735850088827,4.040883203125
85.30211292217496,4.040803125
85.29686736932611,4.0407625
85.2916218294095,4.04077578125
85.28637629873013,4.04072265625
85.28113076435588,4.04073515625
85.27588526262008,4.040713671875
85.27063981384477,4.040619921875
85.26539437677005,4.04056484375
85.26014893969534,4.040529296875
85.25490352848507,4.04050078125
85.24965811973806,4.04050078125
85.24441272207584,4.040459765625
85.23916728315368,4.04039765625
85.23392176786982,4.040430859375
85.22867623595882,4.0404078125
85.22343070774279,4.040341796875
85.21818518322164,4.04034375
85.21293965007901,4.040299609375
85.20769412063133,4.04027421875
85.20244866569782,4.04016640625
85.19720322677566,4.0401734375
85.1919577983224,4.040089453125
85.18671238033811,4.0400765625
85.1814669777493,4.04006484375
85.17622154313786,4.040036328125
85.17097602723821,4.0400578125
85.16573048855321,4.04001796875
85.16048494555749,4.03995
85.15523940256173,4.03994453125
85.14999383739648,4.039959375
85.14474833073409,4.039838671875
85.13950287148985,4.039803515625
85.13425742764113,4.0397890625
85.12901198256077,4.0397546875
85.12376653624875,4.0397
85.11852109917405,4.0396625
85.11327559374332,4.03971484375
85.10803005259505,4.03969921875
85.1027845126784,4.039598046875
85.09753897153011,4.0395875
85.09229341375469,4.039553515625
85.0870478997025,4.0394703125
85.08180245339047,4.0394015625
85.07655700954172,4.0394421875
85.07131158478343,4.039381640625
85.06606617357313,4.039315625
85.06082074635155,4.0392890625
85.05557525262141,4.03932109375
85.0503297447274,4.039250390625
85.04508424422323,4.039205859375
85.03983873140268,4.03916640625
85.03459320441826,4.039181640625
85.02934772977854,4.039084375
85.02410228962472,4.039037109375
85.01885685501325,4.039042578125
85.0136114123962,4.03899765625
85.00836598763784,4.0389484375
85.00312053147272,4.03890546875
84.9978750032567,4.038957421875
84.99262947380896,4.0388953125
84.98738394312963,4.03884609375
84.98213840875536,4.038801953125
84.97689285221158,4.0387953125
84.97164735724978,4.0387109375
84.96640190970614,4.038630859375
84.96115646462579,4.03868046875
84.95591102077704,4.038602734375
84.95066557569669,4.038584375
84.94542014601177,4.0385453125
84.94017463934942,4.038533984375
84.93492908896386,4.03850234375
84.92968353734662,4.038466015625
84.92443799065596,4.03846328125
84.91919244273367,4.038390625
84.91394686771528,4.038405859375
84.9087013419625,4.03831640625
84.90345587348098,4.038221875
84.8982104160842,4.03825078125
84.89296495129759,4.038202734375
84.88771948712679,4.03814609375
84.8824740408148,4.038119140625
84.87722862775705,4.038051953125
84.8719831703603,4.03804765625
84.86673764583914,4.03808203125
84.86149209914848,4.038044921875
84.85624655122619,4.037971875
84.85100100823044,4.037930859375
84.84575545538158,4.037896484375
84.84050991669659,4.037884375
84.83526436507935,4.037844140625
84.83001879560335,4.03784765625
84.82477324029121,4.03781171875
84.81952773978706,4.03771796875
84.81428228362194,4.037648828125
84.8090368527054,4.03763828125
84.80379142671546,4.037597265625
84.79854598656165,4.03755
84.79330053532304,4.037553125
84.78805507053644,4.0375171875
84.78280960451822,4.037487109375
84.7775641335734,4.037453515625
84.77231866940262,4.037409765625
84.76707321570078,4.037386328125
84.76182776692546,4.037298828125
84.75658231815017,4.037276171875
84.7513368632167,4.0372671875
84.74609139350352,4.037214453125
84.74084593056435,4.03716171875
84.73560047809417,4.037140234375
84.73035500838097,4.03711875
84.72510955344748,4.03703984375
84.71986408742926,4.036999609375
84.71461862264265,4.036944921875
84.70937315539275,4.03694765625
84.70412769799597,4.03693046875
84.6988822492207,4.036872265625
84.69363681830416,4.036843359375
84.68839137938198,4.036819140625
84.68314594230726,4.03677578125
84.67790051139077,4.03674609375
84.67265507308443,4.03672265625
84.6674096360097,4.0366703125
84.66216419708752,4.036636328125
84.65691875200713,4.036610546875
84.6516732872205,4.03655546875
84.6464278372136,4.03648984375
84.64118238474336,4.03648046875
84.63593694766868,4.036417578125
84.63069153645839,4.036409765625
84.6254461375645,4.036376171875
84.6202007528345,4.03638984375
84.61495534655079,4.03641171875
84.60970988361161,4.036346484375
84.60446435416392,4.036295703125
84.59921881116817,4.03625234375
84.59397328664704,4.0362109375
84.58872775596767,4.036162890625
84.58348221605108,4.036126171875
84.5782366816768,4.036081640625
84.57299114299181,4.036084765625
84.56774560430678,4.036033203125
84.56250004160482,4.0359734375
84.55725448013449,4.03585234375
84.55200896485061,4.03587734375
84.54676350991714,4.035823828125
84.54151808023228,4.035814453125
84.5362726567056,4.035746484375
84.53102724549531,4.035723046875
84.52578183797995,4.0357078125
84.52053642369054,4.035634375
84.51529099646896,4.035555078125
84.51004558402705,4.0355671875
84.50480017528007,4.0355609375
84.49955475729577,4.035543359375
84.49430926726052,4.035528125
84.48906373411792,4.035489453125
84.48381818742726,4.03545859375
84.47857266413776,4.035399609375
84.47332713222677,4.0353390625
84.4680815910785,4.035291015625
84.4628360406929,4.035264453125
84.45759048907571,4.035246875
84.4523449103624,4.03521328125
84.44709932179599,4.035124609375
84.4418537430827,4.035062890625
84.43660822225645,4.035039453125
84.43136275500659,4.035022265625
84.42611732039515,4.03497109375
84.42087188455208,4.034910546875
84.41562644994065,4.03486484375
84.41038102518232,4.03486015625
84.40513562136186,4.034792578125
84.3998902310895,4.034794140625
84.39464482480574,4.0347203125
84.38939940004745,4.0346546875
84.38415398575806,4.034624609375
84.3789085930224,4.0345921875
84.37366320952398,4.034588671875
84.36841782048324,4.034601171875
84.363172422821,4.034543359375
84.35792695988185,4.034527734375
84.35268144275057,4.0344765625
84.34743591330283,4.0343765625
84.3421903949399,4.0343875
84.33694488335098,4.03434140625
84.33169936621967,4.0343140625
84.32645383800359,4.03425546875
84.3212083017819,4.034220703125
84.31596275755453,4.03418125
84.31071719977909,4.03419296875
84.30547163276638,4.03415
84.30022605528474,4.034099609375
84.29498045132281,4.034074609375
84.28973483997105,4.034011328125
84.28448923108259,4.033966015625
84.27924363081559,4.0338921875
84.27399804594408,4.03383828125
84.26875247523645,4.03380625
84.26350692731417,4.03375703125
84.25826142681001,4.033703515625
84.25301596633413,4.0336828125
84.24777053049105,4.03363671875
84.2425251205124,4.033607421875
84.23727971792361,4.033576171875
84.23203431779807,4.03357734375
84.22678890905111,4.03350390625
84.22154348429277,4.033434375
84.21629805830281,4.03338671875
84.21105262615465,4.03336171875
84.20580718907998,4.03334375
84.20056176309,4.033291015625
84.19531635803791,4.033292578125
84.1900709579124,4.033208203125
84.18482555901853,4.033191796875
84.17958016874611,4.033131640625
84.17433476123075,4.033135546875
84.16908934447811,4.03308359375
84.16384392649381,4.03304921875
84.15859849434565,4.033012890625
84.15335305973423,4.032930078125
84.14810762142787,4.032894140625
84.1428621954379,4.032862109375
84.13761677191124,4.032774609375
84.13237134222636,4.0327625
84.12712591746805,4.03269921875
84.12188050317869,4.0326890625
84.11663508765763,4.032615234375
84.11138967891067,4.032615234375
84.10614428986987,4.0325203125
84.1008989254619,4.032537109375
84.09565358691839,4.032457421875
84.09040825761218,4.0324234375
84.08516293939071,4.032457421875
84.07991759961554,4.032427734375
84.07467225060309,4.03242578125
84.0694268646414,4.03234765625
84.06418146328426,4.032312109375
84.05893602744119,4.032287109375
84.05369056450202,4.032223046875
84.04844508739902,4.032207421875
84.04319956041462,4.032159375
84.03795401249228,4.032134375
84.03270845964343,4.032033984375
84.02746290802622,4.031994921875
84.02221734532422,4.031980859375
84.01697178139061,4.03195625
84.0117261952875,4.0319
84.00648060672104,4.03185625
84.00123501384394,4.0317875
83.99598942650915,4.031746484375
83.99074385025914,4.03173984375
83.98549829002043,4.03169375
83.98025275133544,4.03163046875
83.97500724097814,4.0316265625
83.96976176633842,4.03158671875
83.96451632248969,4.031514453125
83.95927092605908,4.03145078125
83.95402555302962,4.031399609375
83.94878018492675,4.03135078125
83.94353482298206,4.03129765625
83.93828945857409,4.03123984375
83.9330440867763,4.031212890625
83.92779870450956,4.031200390625
83.92255330684732,4.031136328125
83.91730790672182,4.031123828125
83.91206249797482,4.031053515625
83.9068170892278,4.031047265625
83.90157168417572,4.030965625
83.89632629636662,4.030948828125
83.89108090363092,4.0308921875
83.88583548256754,4.03084453125
83.88059006704654,4.030775
83.8753446607628,4.030773046875
83.87009926925873,4.0307515625
83.86485388329709,4.030709765625
83.85960850287782,4.030681640625
83.85436311691615,4.030623046875
83.84911769338949,4.03057578125
83.84387221998139,4.030555078125
83.83862669422861,4.030498046875
83.8333811339899,4.030494140625
83.82813554296021,4.030491015625
83.82288996917347,4.03043984375
83.81764440216077,4.030369140625
83.81239884438533,4.0303375
83.80715328660992,4.030270703125
83.80190773991926,4.0302296875
83.79666220369754,4.03020078125
83.79141667055492,4.030137109375
83.78617113310156,4.030111328125
83.78092558764254,4.0300859375
83.77568005942646,4.03007109375
83.77043455153249,4.03000625
83.76518903748027,4.029916796875
83.75994350125853,4.02990390625
83.75469793978819,4.029881640625
83.74945237339134,4.0298375
83.74420686057074,4.0298
83.73896139886324,4.02971875
83.73371599381116,4.0296015625
83.72847061339186,4.0295640625
83.72322521942455,4.0295296875
83.71797979712954,4.029494140625
83.71273436005481,4.029489453125
83.70748894022304,4.029421484375
83.70224352470204,4.029345703125
83.6969981116443,4.029349609375
83.69175270412894,4.0293140625
83.68650730523507,4.0292453125
83.68126188540332,4.0291890625
83.67601639844717,4.029219921875
83.67077085052489,4.02920390625
83.66552527981726,4.029178125
83.66027970787796,4.029108203125
83.65503414763926,4.029059375
83.64978860341189,4.029003125
83.64454306595852,4.0289375
83.6392975414374,4.02890078125
83.63405202061116,4.028896484375
83.6288064862369,4.02884296875
83.62356092476656,4.0288234375
83.61831539162394,4.02876328125
83.61306992191078,4.028685546875
83.60782449592082,4.028610546875
83.60257907362576,4.028562890625
83.5973336377827,4.028523828125
83.59208820317126,4.0285234375
83.58684277225476,4.028434375
83.58159734503317,4.028371484375
83.57635192396974,4.028370703125
83.57110652507589,4.02831171875
83.56586112248709,4.028232421875
83.56061565770048,4.028235546875
83.5553701202471,4.028228125
83.55012455631348,4.028232421875
83.54487899114824,4.028126171875
83.53963343337281,4.02806953125
83.53438787559739,4.028030078125
83.52914233568077,4.028029296875
83.5238967889901,4.027961328125
83.51865121520335,4.027923046875
83.51340564819064,4.027945703125
83.50816014768647,4.027808203125
83.50291468844226,4.02771953125
83.49766924705679,4.0276984375
83.49242380197644,4.02766953125
83.48717835812771,4.027628125
83.4819329192055,4.027564453125
83.47668750614777,4.02752734375
83.47144208385274,4.027501953125
83.46619658581184,4.027521484375
83.46095104466357,4.027467578125
83.4557055035153,4.02740234375
83.45045996175118,4.027332421875
83.44521443476675,4.0272796875
83.439968878223,4.02728671875
83.43472337648718,4.0271578125
83.42947792894354,4.0270953125
83.42423248632642,4.027090625
83.41898705664154,4.0270296875
83.41374165651602,4.026976953125
83.40849623052607,4.026976953125
83.40325073802758,4.026960546875
83.39800522397537,4.026894140625
83.39275970807569,4.0268453125
83.38751418971276,4.0268015625
83.38226869475099,4.026733984375
83.37702324474407,4.0266734375
83.37177779350546,4.026641796875
83.36653234965674,4.026561328125
83.3612869372148,4.026505859375
83.3560414687333,4.026555078125
83.35079595591272,4.02649765625
83.3455504276967,4.026460546875
83.34030491056538,4.026421484375
83.33505938604422,4.02635
83.3298139212576,4.026246484375
83.32456846878739,4.026204296875
83.31932304279746,4.02617734375
83.31407763405045,4.026143359375
83.30883219820736,4.0260921875
83.30358669893486,4.026094140625
83.29834118488264,4.026031640625
83.29309567083045,4.02598203125
83.28785010936011,4.02595625
83.28260461686158,4.025837890625
83.27735914468516,4.0258359375
83.27211369098328,4.0257921875
83.26686825390858,4.0257515625
83.26162283715593,4.02569296875
83.25637734465742,4.025690625
83.25113182136793,4.025606640625
83.24588629561514,4.02556484375
83.24064076493578,4.025520703125
83.23539523179318,4.025513671875
83.23014976208,4.02537265625
83.2249043046832,4.025353125
83.21965885713956,4.025276171875
83.21441343361288,4.0252625
83.2091679540466,4.025283203125
83.2039224307571,4.0252328125
83.19867689330374,4.02516640625
83.19343134538144,4.02510625
83.18818582332356,4.025062890625
83.18294034745219,4.024986328125
83.17769488266559,4.02493125
83.17244942342136,4.02492109375
83.16720394631835,4.024893359375
83.1619584119441,4.024862890625
83.15671286155853,4.024803515625
83.15146730501472,4.024765625
83.14622180820547,4.024665234375
83.14097633602906,4.024645703125
83.13573087308987,4.024600390625
83.1304854206197,4.024548046875
83.1252399102624,4.024611328125
83.11999438204633,4.024448046875
83.1147488575252,4.024433203125
83.1095033379306,4.02441640625
83.1042578608276,4.024325390625
83.09901240712576,4.024244140625
83.09376697128266,4.024233203125
83.08852146954689,4.02422265625
83.08327595364719,4.0241375
83.07803044452157,4.024111328125
83.07278494955979,4.024047265625
83.06753949585791,4.023984765625
83.06229406124649,4.023947265625
83.05704863771982,4.023894921875
83.05180315569025,4.023912109375
83.04655765395445,4.0238390625
83.04131214359714,4.023819921875
83.03606670098006,4.023710546875
83.03082127868501,4.023644140625
83.02557587732787,4.0236078125
83.0203304076147,4.023625390625
83.0150849181953,4.02356015625
83.00983941645949,4.0235125
83.00459395167287,4.02345
82.99934851275071,4.023403125
82.99410305227481,4.02338203125
82.9888575443808,4.023282421875
82.98361201123821,4.023328125
82.97836652920864,4.023195703125
82.97312107797005,4.023139453125
82.96787562180492,4.0231609375
82.96263011760585,4.0231140625
82.95738459801126,4.0230609375
82.95213912952974,4.02296796875
82.94689367582787,4.022914453125
82.94164818887175,4.02294765625
82.93640267974611,4.022872265625
82.93115717308372,4.022771875
82.92591168612763,4.02276171875
82.92066621641445,4.022642578125
82.91542069928313,4.0226703125
82.9101751538241,4.022642578125
82.90492965085666,4.022546875
82.89968417744856,4.022519921875
82.89443865662236,4.022521875
82.88919311239498,4.022466796875
82.88394761065916,4.022325390625
82.87870213848274,4.022320703125
82.87345663182035,4.02231796875
82.86821110114101,4.022262890625
82.86296559817357,4.022146875
82.85772014447168,4.022065625
82.85247465443649,4.022087890625
82.84722913730518,4.022058984375
82.84198365650724,4.021986328125
82.83673821019522,4.021884375
82.83149271523345,4.021887890625
82.8262472024129,4.021846875
82.82100173516301,4.021765234375
82.81575626175491,4.02179921875
82.81051075262928,4.02171796875
82.8052652613624,4.021633203125
82.80001979965486,4.021569921875
82.79477431023548,4.02160390625
82.78952880110984,4.021584375
82.78428333817067,4.021456640625
82.77903787092077,4.0214578125
82.77379237965393,4.021384375
82.7685469111724,4.02131953125
82.76330147902424,4.0212203125
82.75805600192125,4.02123203125
82.75281052481822,4.0211703125
82.74756508096951,4.02110859375
82.74231961495123,4.021137890625
82.73707412122107,4.02104296875
82.73182865828196,4.020953125
82.72658321566485,4.0209421875
82.72133772193469,4.02090703125
82.71609224483169,4.02078828125
82.71084680590953,4.02073984375
82.7056013164901,4.0207671875
82.70035583446052,4.020663671875
82.69511039553836,4.020605859375
82.68986492336194,4.020585546875
82.68461943763742,4.020597265625
82.67937398270396,4.02048046875
82.67412850806421,4.020477734375
82.66888302233973,4.02042578125
82.66363757356443,4.02032890625
82.65839210385127,4.020311328125
82.65314662428496,4.020247265625
82.64790117674131,4.020200390625
82.6426556873219,4.020149609375
82.63741020898726,4.02004609375
82.63216476267523,4.020012890625
82.62691928434062,4.02003515625
82.62167383433369,4.01991953125
82.61642840464881,4.019887890625
82.61118295094693,4.01990078125
82.60593751387223,4.019793359375
82.60069206632855,4.01977578125
82.59544659045721,4.019708203125
82.59020114907176,4.01966953125
82.58495567073712,4.019647265625
82.57971021149288,4.019565234375
82.57446474732208,4.019553125
82.56921926529252,4.019490234375
82.56397381035902,4.019397265625
82.55872832709781,4.019387890625
82.55348285245809,4.019304296875
82.54823739321384,4.0192984375
82.54299191611084,4.01926953125
82.53774646856719,4.019162109375
82.53250098530597,4.019140625
82.52725550450806,4.01904921875
82.52201004957456,4.019014453125
82.51676454414383,4.018998046875
82.51151906580921,4.018925
82.5062735745423,4.018948046875
82.50102806664832,4.018861328125
82.49578259939842,4.018762890625
82.49053711367395,4.018775390625
82.48529164272912,4.018723828125
82.48004617178431,4.018687109375
82.4748006577321,4.0186453125
82.46955518309238,4.0185140625
82.46430970722102,4.01850859375
82.45906421349086,4.018440234375
82.45381875609411,4.018353515625
82.44857326113231,4.01833515625
82.4433277803344,4.01823359375
82.43808231739523,4.0182328125
82.43283682058599,4.018224609375
82.42759134594627,4.018117578125
82.4223458737698,4.018140234375
82.41710037572894,4.018069921875
82.41185489739426,4.01800546875
82.40660939812174,4.017978515625
82.40136388776446,4.01793203125
82.3961184365259,4.01779921875
82.39087296434946,4.01780078125
82.38562748355149,4.01777109375
82.38038202738639,4.0176984375
82.37513654535681,4.017634765625
82.36989105840068,4.01760390625
82.36464560839373,4.017530078125
82.35940012020598,4.0175
82.35415462093343,4.01742421875
82.3489091672316,4.017394140625
82.34366367596473,4.0173625
82.33841819516682,4.01727578125
82.33317274639153,4.01720625
82.32792725512465,4.017171484375
82.3226817583154,4.017161328125
82.31743629229713,4.017090625
82.31219079302464,4.0170625
82.30694528266734,4.017042578125
82.30169981295417,4.016911328125
82.29645432476642,4.016905859375
82.29120879039212,4.016888671875
82.28596330097274,4.016781640625
82.28071779677363,4.01679765625
82.27547227348413,4.01673828125
82.27022677852236,4.016633203125
82.26498129156622,4.01660546875
82.25973575842362,4.016576171875
82.25449024313978,4.016459765625
82.24924475310455,4.016401171875
82.24399922119356,4.0163796875
82.23875368497184,4.016341015625
82.2335081912417,4.01625859375
82.2282626808844,4.016270703125
82.22301715143671,4.016229296875
82.21777165647494,4.016163671875
82.2125261670555,4.016101171875
82.20728065115587,4.01608046875
82.20203513402456,4.01598828125
82.19678963598365,4.015953515625
82.19154409052464,4.015925
82.18629856477186,4.0158359375
82.18105309382705,4.01578671875
82.17580761426075,4.0157921875
82.1705620989769,4.01575625
82.16531662926371,4.01563984375
82.16007114723418,4.01562109375
82.1548256368769,4.015558203125
82.14958014314675,4.01546640625
82.14433466111717,4.0154515625
82.1390891390593,4.015467578125
82.13384362870202,4.01529375
82.1285981417459,4.015280078125
82.12335260983491,4.01524453125
82.11810709393527,4.015134765625
82.11286162299042,4.015085546875
82.10761611509643,4.0150875
82.10237060350752,4.014986328125
82.09712511347227,4.014981640625
82.09187960557827,4.014966796875
82.08663407859386,4.014865234375
82.08138860518577,4.014849609375
82.07614309359684,4.014783203125
82.07089756538076,4.014715234375
82.06565207719301,4.014668359375
82.06040656806735,4.014620703125
82.05516107433722,4.01450546875
82.04991561386133,4.014493359375
82.04467011582047,4.014449609375
82.03942462640107,4.01436328125
82.03417916469357,4.014350390625
82.02893364940968,4.014371875
82.02368813535747,4.0142421875
82.01844263362169,4.014208203125
82.01319710047905,4.01416796875
82.00795159627998,4.014082421875
82.00270609208089,4.014107421875
81.9974605663281,4.0140234375
81.99221506582394,4.013933203125
81.98696954869263,4.013914453125
81.9817240204766,4.013860546875
81.97647853105717,4.0138015625
81.97123302316317,4.0137328125
81.9659875103426,4.01367421875
81.96074201353336,4.013628125
81.9554964890122,4.013624609375
81.950250998977,4.01353359375
81.94500552187395,4.0135015625
81.9397600090534,4.0134625
81.93451452825546,4.013419921875
81.9292690400677,4.0133859375
81.92402351924149,4.0133046875
81.91877804583339,4.013208984375
81.91353256010892,4.013163671875
81.90828705590981,4.013105078125
81.9030415812701,4.013048046875
81.89779606537046,4.013041015625
81.89255054823916,4.01293046875
81.88730507113611,4.01288046875
81.88205955708393,4.012867578125
81.87681406212212,4.012790234375
81.87156859733552,4.01274453125
81.86632309436807,4.01273203125
81.86107760987522,4.012615625
81.85583214016205,4.01260625
81.85058662610987,4.01260078125
81.84534114284864,4.012492578125
81.84009566328237,4.0125
81.83485015415673,4.01238203125
81.82960467089552,4.012347265625
81.82435918763429,4.01233203125
81.81911368343522,4.012272265625
81.81386819647909,4.012175
81.80862270952294,4.012155078125
81.80337719793403,4.01208671875
81.79813171959938,4.012028515625
81.7928862646659,4.011983203125
81.7876407752465,4.011933203125
81.78239531353898,4.011846875
81.77714987338517,4.01175625
81.77190437411264,4.011809765625
81.7666588816141,4.01168359375
81.7614134199066,4.01162109375
81.7561678990804,4.011632421875
81.75092237579089,4.011540234375
81.74567687528672,4.0114609375
81.74043134583903,4.01147265625
81.73518580037998,4.011439453125
81.72994030664984,4.01131875
81.72469480860897,4.01135
81.7194492803929,4.0112578125
81.71420377496217,4.0111265625
81.70895830278573,4.011070703125
81.70371278195951,4.011080859375
81.69846726667565,4.011005078125
81.6932217821828,4.010962109375
81.687976280447,4.010987109375
81.68273076516314,4.010903515625
81.67748528067033,4.010775
81.6722398214261,4.0107328125
81.66699432461687,4.010718359375
81.66174883642906,4.01064453125
81.65650337718483,4.010588671875
81.65125789022872,4.010601953125
81.6460123786398,4.01053671875
81.64076689661023,4.01039140625
81.63552144167674,4.010321484375
81.63027594671497,4.010358984375
81.62503045729554,4.0102375
81.61978499681963,4.0102234375
81.6145395000104,4.010193359375
81.6092939668678,4.0101796875
81.60404847005856,4.01005859375
81.59880298802898,4.009996484375
81.59355745858127,4.00996953125
81.58831192790194,4.009901171875
81.58306642739775,4.009845703125
81.57782093736256,4.00984765625
81.57257542331035,4.009730859375
81.5673299462073,4.00960078125
81.56208450605354,4.0096234375
81.55683903387705,4.009590234375
81.55159352598305,4.00953828125
81.54634804764842,4.009463671875
81.54110258470925,4.009375390625
81.53585707312033,4.009359375
81.53061154367263,4.00932890625
81.52536605240577,4.0092359375
81.52012058638753,4.00917734375
81.51487507972516,4.00916640625
81.50962955766731,4.009142578125
81.50438408672247,4.00901953125
81.49913863548392,4.00893203125
81.49389313497974,4.008931640625
81.48864762339082,4.008921484375
81.48340215737255,4.00879609375
81.47815671598711,4.008739453125
81.47291121917786,4.0087140625
81.46766569342508,4.008713671875
81.46242020338987,4.00859375
81.45717473121341,4.008523828125
81.45192921038719,4.008534375
81.4466836784762,4.008441015625
81.44143817920367,4.00834609375
81.43619271195378,4.00829140625
81.43094724100898,4.0082921875
81.42570173927317,4.008239453125
81.42045622522096,4.008223828125
81.41521077028749,4.008058984375
81.4099653492241,4.008033203125
81.4047198819742,4.008055859375
81.3994743839333,4.00801484375
81.39422889574553,4.0078640625
81.38898343403802,4.0078171875
81.38373799388422,4.00778671875
81.37849249892241,4.00771171875
81.3732469873335,4.0076984375
81.36800152131526,4.007558984375
81.36275606884504,4.00751953125
81.35751061514316,4.007527734375
81.35226512510798,4.00745390625
81.34701961721395,4.00742578125
81.34177416228046,4.00732578125
81.3365287239741,4.00728046875
81.3312832598033,4.007253515625
81.32603776730481,4.007189453125
81.320792265569,4.007171484375
81.31554678969762,4.007064453125
81.31030134584888,4.00699140625
81.30505583179671,4.007008984375
81.29981030111736,4.006941015625
81.29456477413294,4.006865625
81.2893192804028,4.0068
81.2840738131529,4.006739453125
81.27882829602159,4.006740625
81.27358277150046,4.006721875
81.268337244516,4.006585546875
81.26309176371811,4.006546484375
81.25784630077894,4.006470703125
81.25260079042168,4.006443359375
81.24735526466888,4.006372265625
81.24210971305166,4.00635546875
81.2368642125475,4.00620234375
81.23161873667613,4.0061859375
81.22637327188951,4.006125390625
81.2211277449051,4.00612578125
81.21588219698279,4.006057421875
81.21063664167065,4.0059984375
81.20539112638681,4.005901953125
81.20014563819905,4.00584375
81.19490015863275,4.005805078125
81.18965463041668,4.005757421875
81.1844091022006,4.005714453125
81.17916357398458,4.005686328125
81.17391808394933,4.005589453125
81.16867261300453,4.0055109375
81.16342717038741,4.005462109375
81.15818165510359,4.0054921875
81.15293611765023,4.005385546875
81.14769056849627,4.0053625
81.14244503904857,4.00526484375
81.13719955209247,4.00519453125
81.13195407498944,4.005148828125
81.12670861882431,4.005097265625
81.12146310723539,4.00510234375
81.11621758394588,4.0050171875
81.11097206804624,4.004960546875
81.10572654845166,4.004913671875
81.10048108920742,4.0047828125
81.09523564412703,4.004758203125
81.08999020951563,4.00469140625
81.08474478598893,4.004631640625
81.07949928548476,4.004622265625
81.07425376096361,4.004536328125
81.06900823397922,4.004508203125
81.06376270206822,4.0044828125
81.05851723912906,4.004320703125
81.05327178419556,4.00430546875
81.0480263391152,4.00423671875
81.04278092113091,4.0041734375
81.03753543417476,4.004177734375
81.03228991334855,4.004120703125
81.02704437589519,4.004050390625
81.0217988347469,4.003988671875
81.01655329359862,4.003937109375
81.01130782634874,4.003844140625
81.00606237141523,4.003809375
81.00081692633486,4.00378046875
80.99557148248614,4.003740234375
80.99032605526455,4.003623828125
80.98508056522931,4.003637890625
80.97983502223359,4.003598828125
80.97458946938471,4.003531640625
80.96934392146242,4.00349375
80.96409836984519,4.0034109375
80.95885281945961,4.003346484375
80.95360733989332,4.00322578125
80.94836191267174,4.003153515625
80.94311647929193,4.00314375
80.93787105083872,4.00308671875
80.93262562484875,4.003039453125
80.92738021363847,4.0029484375
80.92213474885187,4.002926171875
80.91688923048893,4.00292265625
80.91164368010332,4.002843359375
80.90639812725446,4.002788671875
80.90115256947904,4.00271640625
80.89590700554547,4.002666015625
80.89066144653836,4.0026203125
80.88541593987601,4.002537890625
80.88017049233237,4.0024234375
80.87492505094693,4.0023609375
80.86967959970833,4.002326953125
80.86443415462796,4.00225078125
80.85918870462105,4.002226171875
80.85394326446722,4.002142578125
80.84869783847725,4.00212421875
80.84345235644773,4.002066796875
80.83820681098868,4.00205234375
80.83296124828668,4.0019515625
80.82771568004233,4.00191640625
80.822470118572,4.001862109375
80.81722456449153,4.001846484375
80.81197900548443,4.0017390625
80.8067334280028,4.00172265625
80.80148790101839,4.001657421875
80.79624244485323,4.001534765625
80.79099703364298,4.001423828125
80.78575161565864,4.0014359375
80.78050618843704,4.001388671875
80.77526076367876,4.001322265625
80.7700153247566,4.001241796875
80.76476989630335,4.001197265625
80.75952448878797,4.0011578125
80.75427906526129,4.00110625
80.74903357276281,4.001045703125
80.74378803099872,4.001036328125
80.73854244859047,4.001016796875
80.73329686371898,4.00092890625
80.72805128131077,4.000816015625
80.72280570013419,4.000795703125
80.71756012018926,4.00072109375
80.71231456610876,4.000711328125
80.70706899971188,4.000615234375
80.70182342099856,4.00058203125
80.69657782319484,4.00054921875
80.69133226172451,4.00049609375
80.68608677045765,4.000390234375
80.6808413290722,4.00026953125
80.67559588522344,4.00022265625
80.67035042474761,4.000198828125
80.66510496304011,4.000128125
80.65985951919136,4.0001
80.65461409196973,4.00003046875
80.64936865612667,3.99999921875
80.64412323136837,3.9999015625
80.63887782015809,3.9998390625
80.63363238185173,3.99978046875
80.62838687395772,3.9997921875
80.62314131741395,3.99977421875
80.61789575101704,3.999652734375
80.61265018030942,3.99959375
80.60740461883907,3.99954453125
80.60215905736875,3.999458984375
80.59691349959331,3.999385546875
80.5916679325806,3.99936796875
80.5864223538673,3.999337890625
80.58117681395065,3.9992703125
80.57593133807931,3.999101953125
80.570685889304,3.999076171875
80.56544044422364,3.999017578125
80.56019499421672,3.998973046875
80.55494955406289,3.998934375
80.54970410528759,3.998874609375
80.54445867313942,3.99881015625
80.53921325638679,3.99873046875
80.5339677891369,3.99866953125
80.52872224922025,3.9986734375
80.52347668282334,3.998672265625
80.51823111888974,3.998531640625
80.51298555495613,3.998459765625
80.50773998424846,3.998411328125
80.50249443263127,3.9983984375
80.49724887855075,3.99833125
80.49200330907475,3.998313671875
80.48675775992085,3.9982140625
80.48151228651275,3.9981328125
80.47626683773743,3.99803046875
80.47102138280394,3.997987890625
80.46577592355972,3.99794453125
80.46053046062059,3.997907421875
80.45528502600915,3.99784140625
80.4500395821604,3.99772421875
80.44479414631734,3.99770390625
80.43954872525394,3.997679296875
80.43430332143349,3.997580859375
80.42905788312713,3.99751640625
80.42381237769641,3.997519921875
80.41856683593231,3.99746796875
80.41332128185182,3.9974703125
80.40807572161312,3.997331640625
80.40283016260607,3.997291796875
80.39758460852555,3.99724921875
80.39233904212864,3.997197265625
80.3870934769634,3.9971453125
80.38184793704676,3.997062890625
80.37660239281938,3.99698203125
80.37135681780103,3.99695390625
80.36611123046626,3.996898828125
80.36086567638573,3.996848828125
80.35562019066124,3.996777734375
80.3503747492758,3.996627734375
80.34512932821242,3.99659453125
80.33988390345407,3.99654609375
80.3346384700743,3.996494140625
80.32939302622555,3.99642421875
80.32414758607173,3.9964078125
80.31890214468628,3.996342578125
80.31365669344771,3.996265234375
80.3084112600679,3.996237890625
80.30316581745082,3.99613828125
80.29792037729699,3.996088671875
80.29267494022231,3.996028125
80.28742951792725,3.995969140625
80.28218410486953,3.99593046875
80.27693864439365,3.995840234375
80.27169311494595,3.995809375
80.26644753992757,3.99576328125
80.2612019649092,3.9957078125
80.25595638865919,3.995637109375
80.25071081364081,3.995566796875
80.24546525463376,3.995505859375
80.24021970424815,3.9954125
80.23497413046144,3.99536484375
80.22972858746567,3.995361328125
80.22448306048126,3.995247265625
80.21923749777929,3.99521171875
80.21399194123549,3.9951890625
80.20874642718329,3.99508984375
80.20350098333459,3.9949734375
80.19825555364967,3.9949015625
80.1930101073377,3.994865234375
80.1877646400878,3.994850390625
80.18251916298478,3.994793359375
80.17727370250891,3.99470546875
80.1720282340274,3.994691796875
80.16678278771538,3.994594921875
80.16153733647678,3.994502734375
80.15629180826075,3.994508203125
80.15104622831579,3.994503515625
80.14580064467596,3.9943953125
80.14055505364627,3.994312109375
80.13530947862787,3.994247265625
80.13006390915189,3.99418671875
80.12481832920695,3.99416484375
80.11957279729597,3.99408046875
80.11432732511952,3.993966015625
80.10908186094872,3.99393359375
80.10383640170447,3.993880859375
80.09859095046592,3.993800390625
80.0933455195494,3.99371875
80.08810007200574,3.993681640625
80.08285455241115,3.993696875
80.07760901249453,3.993598046875
80.07236346580389,3.99356171875
80.06711792711886,3.99349453125
80.06187237180671,3.99345703125
80.05662686021779,3.9933484375
80.05138140097357,3.99328515625
80.04613593803442,3.993251953125
80.0408904855642,3.99316875
80.0356450429471,3.99311953125
80.03039961942042,3.993021875
80.02515412261118,3.99304140625
80.01990857961547,3.992966015625
80.01466301691347,3.992912890625
80.00941746160132,3.992839453125
80.0041718878146,3.992789453125
79.99892638854207,3.99268203125
79.99368091390234,3.992637890625
79.98843545650556,3.992608203125
79.98319001142521,3.99252734375
79.97794457127138,3.9924609375
79.97269905721916,3.992475390625
79.96745352099747,3.992381640625
79.96220797184353,3.99236171875
79.95696240667827,3.99229453125
79.95171691541141,3.992144921875
79.94647144323496,3.99208984375
79.94122598953311,3.992041796875
79.93598056354313,3.99196796875
79.93073506550223,3.991970703125
79.92548953605454,3.991892578125
79.92024400660684,3.99185625
79.91499846915349,3.991765625
79.90975300867763,3.99163984375
79.90450755990231,3.99164453125
79.89926213514403,3.991578515625
79.89401668390542,3.991547265625
79.88877116184757,3.991491015625
79.88352562316256,3.991434765625
79.87828007277699,3.991384765625
79.87303459074742,3.991237890625
79.86778912349753,3.99122578125
79.86254366979568,3.991126171875
79.85729816805987,3.991169921875
79.85205263614888,3.991066796875
79.8468070919215,3.9910515625
79.84156158649077,3.990887890625
79.8363160939923,3.9908484375
79.83107063474806,3.990779296875
79.82582514471282,3.990787109375
79.82057964051373,3.990690625
79.81533411352932,3.990668359375
79.8100886450478,3.990541015625
79.80484319873578,3.990442578125
79.79959774996047,3.990434375
79.79435223837154,3.9904015625
79.78910671508204,3.99033671875
79.78386123921065,3.990223828125
79.7786157941303,3.9901703125
79.77337036690871,3.9900953125
79.76812487995258,3.9901109375
79.76287936590037,3.9900625
79.75763389618722,3.989892578125
79.75238844494864,3.989833203125
79.74714297400384,3.989883203125
79.74189745810413,3.98979765625
79.73665192988811,3.989765234375
79.73140645155344,3.98964296875
79.72616100524142,3.9895921875
79.7209155269068,3.9896078125
79.71567001778112,3.98953828125
79.71042451358205,3.98940859375
79.70517902539429,3.989383984375
79.6999335482913,3.989347265625
79.69468802130685,3.9892578125
79.68944248816425,3.98922890625
79.68419700982959,3.989124609375
79.67895155735935,3.989060546875
79.67370606486088,3.989042578125
79.66846054649791,3.9889796875
79.66321505153614,3.988862890625
79.65796958428623,3.988840625
79.65272408932445,3.988816796875
79.64747857896718,3.98874375
79.64223308646868,3.988620703125
79.63698762045041,3.98856953125
79.63174215073724,3.98854765625
79.62649663360595,3.98848046875
79.62125110415823,3.9884546875
79.61600560611735,3.98835625
79.61076012531944,3.98830859375
79.6055145823237,3.988252734375
79.60026901038442,3.9882453125
79.59502347970509,3.9880796875
79.58977797550598,3.98806171875
79.58453244728992,3.988049609375
79.57928689074615,3.987976953125
79.57404133420238,3.9878765625
79.56879582015017,3.98779140625
79.56355032210925,3.987730078125
79.55830477911354,3.98767265625
79.55305921887484,3.987639453125
79.54781368018983,3.987516015625
79.54256816860091,3.98750859375
79.53732264654305,3.987516015625
79.53207708876762,3.987409375
79.52683153838205,3.987365625
79.52158602432984,3.987270703125
79.51634054722685,3.9871875
79.51109501531587,3.987213671875
79.50584946739355,3.987119140625
79.50060393548259,3.987009765625
79.49535844606316,3.98693984375
79.49011295479632,3.986943359375
79.48486741734294,3.98691328125
79.4796218657257,3.986855859375
79.47437638000122,3.986698828125
79.4691309115197,3.9866953125
79.4638854073206,3.98669765625
79.4586398686356,3.986602734375
79.45339431948166,3.986529296875
79.44814882451989,3.986424609375
79.44290335234342,3.986359765625
79.43765782535903,3.986375390625
79.43241228421074,3.98626953125
79.42716676707943,3.98614296875
79.42192128751316,3.986082421875
79.4166758190316,3.98606015625
79.41143030313195,3.9859796875
79.40618476136785,3.98596796875
79.40093927194842,3.985867578125
79.39569379115052,3.98583359375
79.39044830111528,3.985798046875
79.38520275811953,3.98573203125
79.37995721697125,3.98568125
79.37471171769872,3.985578125
79.36946624429065,3.98549140625
79.36422072839099,3.985503125
79.35897519771163,3.985416796875
79.35372969720748,3.98530859375
79.3484842213361,3.9852953125
79.34323876393935,3.985225390625
79.33799324557638,3.9851421875
79.3327477044281,3.985150390625
79.32750218914428,3.985000390625
79.32225669972485,3.984981640625
79.317011239249,3.984877734375
79.31176574120809,3.984830078125
79.30652021668696,3.984774609375
79.30127471741443,3.984653125
79.29602924031143,3.984662109375
79.29078379523108,3.984578515625
79.28553829472688,3.98457734375
79.28029277944304,3.984490234375
79.27504729002362,3.984423046875
79.26980182954777,3.984341015625
79.26455638939393,3.984302734375
79.25931089812708,3.984249609375
79.25406539269633,3.984182421875
79.24881991436172,3.98406015625
79.24357446681805,3.9840234375
79.23832901927439,3.98397578125
79.23308351138039,3.983925
79.22783798070107,3.983876171875
79.22259248266015,3.983775
79.21734700432552,3.983728515625
79.21210153953892,3.983657421875
79.20685601994434,3.9836421875
79.20161048125934,3.983558203125
79.19636494934836,3.9834703125
79.19111945438657,3.983452734375
79.18587398959994,3.98337265625
79.18062847554772,3.983353515625
79.17538294610003,3.983287890625
79.1701374277371,3.9832171875
79.16489192723294,3.983133984375
79.15964646675707,3.983041015625
79.1544009600947,3.98307890625
79.14915543187864,3.9829890625
79.14390988765125,3.982907421875
79.1386643963844,3.982812890625
79.13341894021923,3.982758984375
79.1281734310936,3.9827390625
79.12292789918261,3.982677734375
79.11768236172925,3.98262421875
79.11243687846806,3.982500390625
79.10719142230292,3.982436328125
79.10194591933548,3.982451953125
79.0967003948143,3.982374609375
79.09145489184687,3.982264453125
79.08620943445011,3.98221171875
79.08096399060139,3.982154296875
79.07571849256047,3.98213046875
79.07047296927098,3.982088671875
79.06522744844476,3.981933203125
79.0599819664152,3.981913671875
79.05473651025005,3.981845703125
79.04949100481933,3.9818421875
79.04424547414001,3.98174375
79.03899996747764,3.9816640625
79.03375450330688,3.981601171875
79.02850906438465,3.981501953125
79.02326357496527,3.98151953125
79.01801805783396,3.981420703125
79.01277257210948,3.98133046875
79.00752710485959,3.98128203125
79.00228164007298,3.981241015625
78.9970361241733,3.98119609375
78.99179058302504,3.98115078125
78.98654509853218,3.981039453125
78.98129964606196,3.981014453125
78.97605417265387,3.980973828125
78.9708086622966,3.98091328125
78.96556313777545,3.980855859375
78.96031765697754,3.98077109375
78.9550722199028,3.98066796875
78.94982674649471,3.980651171875
78.94458125707531,3.98058203125
78.9393357738141,3.980482421875
78.93409032011223,3.980429296875
78.92884489289067,3.980371484375
78.92359941701929,3.980332421875
78.91835390912527,3.98027578125
78.91310844187538,3.980164453125
78.90786299186846,3.980103125
78.90261753939824,3.980104296875
78.89737204135736,3.98003671875
78.89212652545768,3.97998671875
78.8868810520496,3.979855078125
78.88163559834774,3.979788671875
78.87639012493966,3.97980078125
78.8711446244355,3.979710546875
78.86589910853581,3.979703515625
78.86065362896953,3.979591796875
78.85540817157278,3.979515234375
78.85016267353188,3.979496484375
78.84491714162088,3.97943828125
78.83967161340486,3.97928671875
78.8344261313753,3.97922578125
78.82918068629489,3.979151171875
78.82393517963254,3.979155078125
78.81868966003795,3.979106640625
78.81344417554513,3.978983203125
78.80819871137432,3.97892734375
78.80295324843516,3.978863671875
78.79770774300444,3.978794140625
78.79246222094658,3.978823828125
78.78721675123342,3.978691796875
78.78197129383663,3.978669921875
78.77672580688052,3.9786203125
78.77148027620116,3.978532421875
78.76623473628455,3.97851328125
78.7609892394753,3.978383984375
78.75574376483556,3.97836640625
78.7504982489359,3.978312109375
78.7452526948554,3.978218359375
78.74000714570144,3.97815078125
78.7347616365758,3.978060546875
78.72951616193609,3.978031640625
78.72427063372001,3.977998828125
78.71902508579774,3.97790390625
78.71377955635,3.97783671875
78.70853405091927,3.977765625
78.70328856088406,3.9776640625
78.69804302774142,3.9776484375
78.69279746380779,3.97759375
78.68755193559177,3.977469140625
78.68230643139266,3.977471875
78.67706093889419,3.97741171875
78.67181539897753,3.977396875
78.66656984859196,3.9773265625
78.66132435055104,3.9772015625
78.65607887221643,3.977141796875
78.65083338772358,3.977098828125
78.64558785950749,3.977047265625
78.640342305427,3.977041015625
78.6350968104652,3.976887890625
78.62985134444696,3.976876171875
78.62460584517443,3.97685234375
78.61936031942166,3.9767453125
78.61411478627903,3.976685546875
78.6088692993229,3.9766203125
78.603623838847,3.9765578125
78.59837833341632,3.976534765625
78.59313281259008,3.97645546875
78.58788730223282,3.97636640625
78.58264182389816,3.976294921875
78.57739634802677,3.9762421875
78.57215082596895,3.976225
78.56690529159467,3.976177734375
78.56165980217523,3.976009375
78.55641432876716,3.97598203125
78.55116883750028,3.976001953125
78.5459233092842,3.975878515625
78.54067776382522,3.975866796875
78.5354322620894,3.975736328125
78.53018678621802,3.975640625
78.52494125677032,3.975631640625
78.51969570884803,3.9755671875
78.51445018432688,3.97549453125
78.50920469182839,3.975462109375
78.50395919686662,3.975380859375
78.49871364771268,3.9753296875
78.49346808870558,3.975294921875
78.48822257834833,3.9751796875
78.48297709755039,3.97511328125
78.4777316093626,3.975065234375
78.47248608976801,3.97502578125
78.4672405689418,3.974978515625
78.46199508444899,3.974884375
78.45674962397308,3.9747859375
78.45150411607908,3.97475234375
78.44625858416809,3.974753515625
78.44101308120065,3.974594921875
78.43576761148748,3.97458515625
78.43052215532235,3.974541015625
78.42527664866,3.97445546875
78.42003112783378,3.974412109375
78.41478564703583,3.974336328125
78.40954018963909,3.974250390625
78.40429468790327,3.974219140625
78.39904916215048,3.97414921875
78.39380366410961,3.974037890625
78.38855819562805,3.97399375
78.38331270744028,3.973985546875
78.37806719708304,3.973907421875
78.37282170335288,3.97381015625
78.36757624287699,3.973746875
78.36233075838413,3.97371953125
78.35708524125282,3.973681640625
78.35183974074867,3.973540625
78.34659426857223,3.97348359375
78.34134876929971,3.9734734375
78.33610322753557,3.9733359375
78.33085769931955,3.9732734375
78.32561220682102,3.973231640625
78.32036672109655,3.973168359375
78.31512119534375,3.9731609375
78.30987568005992,3.973046875
78.30463020788345,3.9729546875
78.29938473447538,3.9729671875
78.294139227813,3.9728796875
78.28889371622408,3.97280703125
78.28364824158434,3.972799609375
78.27840275216495,3.9727515625
78.27315722764384,3.97266875
78.26791171235995,3.972581640625
78.26266623402529,3.972483984375
78.25742075815396,3.972508203125
78.25217523609608,3.972410546875
78.24692972450715,3.972295703125
78.24168424617251,3.972284765625
78.23643874197343,3.972230859375
78.23119320452007,3.97218203125
78.22594767507236,3.972096484375
78.22070218503714,3.972026171875
78.21545668453297,3.972003515625
78.21021116124346,3.9719359375
78.20496565950765,3.971806640625
78.19972019472104,3.97173515625
78.19447471269146,3.971736328125
78.18922919432855,3.971638671875
78.18398370183002,3.971539453125
78.1787382370434,3.971508203125
78.17349273038106,3.971478125
78.16824721324974,3.971395703125
78.1630017472315,3.971324609375
78.15775629599293,3.971271875
78.15251079672039,3.971216015625
78.14726527958909,3.971173046875
78.14201981357085,3.971071875
78.13677435309498,3.9710203125
78.1315288618281,3.970953125
78.12628337487197,3.97087890625
78.12103791193283,3.970777734375
78.11579244221964,3.97082109375
78.11054694048387,3.97074453125
78.1053014744656,3.97065234375
78.10005602938523,3.97058046875
78.09481054119748,3.970554296875
78.08956503946165,3.97050703125
78.0843195549688,3.97037109375
78.07907409202966,3.97031640625
78.07382859522042,3.97033671875
78.06858308116821,3.970203125
78.06333759790701,3.9701359375
78.05809215898482,3.9700609375
78.05284667326033,3.970066015625
78.04760116167141,3.969997265625
78.04235568210511,3.969848828125
78.03711023332981,3.969867578125
78.03186474514206,3.969775390625
78.02661922801076,3.9697125
78.02137374474955,3.96963203125
78.01612827257308,3.969584375
78.01088276837402,3.969608203125
78.0056372413896,3.969518359375
78.00039173595887,3.969389453125
77.99514624900273,3.969365234375
77.98990074726692,3.9693609375
77.9846552190509,3.969319140625
77.9794096932981,3.969126171875
77.97416420203123,3.9691015625
77.96891871261181,3.969051953125
77.96367319055396,3.9690125
77.95842766110627,3.968980859375
77.95318216306538,3.96884140625
77.94793668965727,3.9687765625
77.94269116636777,3.96874609375
77.93744561228728,3.968651953125
77.93220010931981,3.96862421875
77.92695461990041,3.968534765625
77.92170908922105,3.968525
77.91646351974511,3.968459375
77.91121797428606,3.96835390625
77.905972470087,3.968272265625
77.90072698436248,3.96821484375
77.89548146476793,3.968198828125
77.89023591191905,3.96818203125
77.88499041141486,3.968023828125
77.87974494970736,3.96796953125
77.87449945289812,3.96795625
77.86925393330355,3.967875
77.86400842910444,3.967775
77.8587629507698,3.967687109375
77.85351746627698,3.967694921875
77.84827195099311,3.967601171875
77.84302643509345,3.967550390625
77.83778096168537,3.967478515625
77.83253550552026,3.9674140625
77.82728999146804,3.967354296875
77.82204445955705,3.9673140625
77.81679897013763,3.967234765625
77.81155350535101,3.967171484375
77.8063079882197,3.96709375
77.80106245076635,3.96710078125
77.79581696873677,3.966998046875
77.79057151134002,3.966919921875
77.78532599544033,3.9668484375
77.78008045429206,3.96684375
77.77483496056192,3.96671484375
77.76958948592221,3.966670703125
77.76434396016941,3.966609765625
77.75909839315669,3.966575
77.75385287602538,3.966489453125
77.74860738599017,3.966409765625
77.74336183683623,3.966387109375
77.73811627290263,3.966357421875
77.73287075453965,3.966212109375
77.72762524664566,3.966176171875
77.72237970118664,3.96616015625
77.71713418528698,3.96604140625
77.71188870448906,3.965958984375
77.70664321199055,3.966018359375
77.70139769670669,3.965880078125
77.69615219989744,3.9657546875
77.69090673511081,3.96574921875
77.68566122598519,3.965662890625
77.68041570515898,3.965662890625
77.6751702292876,3.96555625
77.6699247558795,3.965520703125
77.66467924552221,3.965470703125
77.65943375056044,3.965346484375
77.65418827468906,3.965348828125
77.64894277972729,3.96530390625
77.64369727060166,3.965180859375
77.6384517861088,3.965151171875
77.63320632686457,3.96505703125
77.62796081527566,3.96502578125
77.62271529568106,3.964938671875
77.61746981365148,3.96488671875
77.61222432423206,3.9648546875
77.60697880833241,3.964761328125
77.6017333250712,3.964626953125
77.596487872601,3.964623828125
77.59124237209681,3.96457421875
77.58599684511239,3.964551953125
77.58075136185121,3.964425390625
77.57550587243178,3.964388671875
77.57026035961123,3.964352734375
77.56501487142347,3.9642015625
77.55976940047866,3.9641796875
77.55452389012137,3.964121484375
77.54927837606915,3.964110546875
77.54403290266107,3.9640015625
77.53878740338853,3.96398671875
77.53354187517249,3.9639015625
77.52829635927282,3.9638484375
77.52305086431105,3.96373671875
77.51780533609497,3.9637140625
77.51255981280548,3.96363515625
77.50731432277023,3.96357109375
77.50206878285361,3.963556640625
77.49682326325903,3.96344140625
77.49157777199216,3.96341953125
77.48633226532976,3.96336328125
77.48108672787643,3.96329921875
77.47584123414629,3.96317734375
77.47059575334833,3.96314375
77.465350246686,3.9631296875
77.46010475665075,3.96302265625
77.45485929247995,3.962911328125
77.44961377842773,3.962862109375
77.44436827669196,3.962801953125
77.43912279712568,3.962713671875
77.43387727876272,3.96274765625
77.42863176039978,3.962687109375
77.42338628206514,3.96255546875
77.41814079202989,3.96258671875
77.41289527243532,3.9625140625
77.40764979040577,3.96239375
77.40240428620665,3.962359765625
77.3971587370527,3.9623078125
77.39191322423216,3.962225390625
77.3866677397393,3.9621546875
77.38142222815038,3.96211875
77.37617674365754,3.962014453125
77.37093127887093,3.96194921875
77.365685767282,3.961965234375
77.36044026431456,3.96185390625
77.35519479213812,3.96173671875
77.34994927685426,3.9617859375
77.34470377511848,3.961632421875
77.33945829062561,3.961603125
77.33421276117791,3.96157890625
77.32896724527824,3.961455859375
77.32372174107918,3.961434765625
77.31847619808343,3.961414453125
77.3132306877261,3.961316015625
77.30798519091687,3.96126328125
77.30273966146919,3.961213671875
77.29749415480683,3.961116796875
77.29224865984501,3.961104296875
77.2870031328606,3.9610203125
77.28175764036212,3.96092265625
77.2765121349314,3.96086875
77.27126658824074,3.960847265625
77.26602108034672,3.960666015625
77.26077555705722,3.960737890625
77.25553002637785,3.96065234375
77.25028453387937,3.960537890625
77.24503903091193,3.9604984375
77.239793519323,3.96040234375
77.23454805330474,3.96031875
77.22930255957458,3.960309375
77.2240570670761,3.960169140625
77.21881158874143,3.960133984375
77.21356608207908,3.96014609375
77.2083206025128,3.959999609375
77.20307512787305,3.96001796875
77.19782962367398,3.959934765625
77.19258414657094,3.9598578125
77.18733865530407,3.959841796875
77.18209314371516,3.95976953125
77.17684766784377,3.959612109375
77.17160217965602,3.959599609375
77.16635668284677,3.959532421875
77.16111123530312,3.95944140625
77.15586575450523,3.959469921875
77.15062028109713,3.95936171875
77.14537481631052,3.95928515625
77.140129317038,3.959266015625
77.13488385225138,3.959119140625
77.1296383665269,3.959151953125
77.12439286971765,3.959026171875
77.11914741232087,3.958965234375
77.11390191735909,3.95894140625
77.10865643902444,3.9588078125
77.10341099024913,3.95880859375
77.09816549528735,3.958737890625
77.09292001941597,3.958667578125
77.08767453245983,3.958677734375
77.08242903872969,3.958544140625
77.07718358133293,3.958516796875
77.07193807343891,3.95845625
77.06669258525115,3.95833203125
77.06144710198997,3.9583109375
77.05620159655922,3.958298046875
77.05095612068786,3.958151953125
77.04571061156223,3.9580859375
77.0404651073631,3.958053515625
77.03521963395504,3.95802265625
77.02997412236611,3.957987109375
77.0247286329467,3.95789453125
77.0194831287476,3.957843359375
77.01423762701182,3.957754296875
77.00899215483537,3.957688671875
77.00374663277749,3.957644140625
76.9985011310417,3.95758359375
76.99325562930588,3.957601171875
76.98801011525369,3.957422265625
76.98276464061396,3.9573796875
76.97751912533009,3.957383203125
76.97227363283162,3.957258984375
76.96702813232744,3.95724921875
76.96178261704358,3.95711953125
76.95653713870895,3.957035546875
76.95129162465673,3.957023046875
76.94604613092659,3.9569296875
76.94080063288568,3.956941015625
76.935555127455,3.956809375
76.93030965774182,3.956766015625
76.9250641535427,3.956734375
76.91981867274481,3.956643359375
76.91457319071523,3.95658359375
76.90932769821671,3.956501171875
76.90408223219848,3.9564125
76.89883672676775,3.956408203125
76.89359124966475,3.956339453125
76.88834575285551,3.956314453125
76.88310024742478,3.95617734375
76.87785476662684,3.95615546875
76.87260923471585,3.95613828125
76.8673637292851,3.9560109375
76.862118204764,3.9560203125
76.85687267038973,3.9558828125
76.85162714833186,3.95593359375
76.84638161395763,3.955804296875
76.84113613315967,3.95568046875
76.8358906418928,3.955706640625
76.83064516109485,3.955610546875
76.82539967167547,3.955566796875
76.82015415762326,3.955517578125
76.81490868052026,3.955409375
76.80966315353585,3.9554015625
76.80441765672657,3.955319140625
76.7991721395953,3.955247265625
76.7939266163058,3.9551328125
76.78868111333831,3.955103515625
76.7834355863539,3.955072265625
76.77819011664072,3.95492265625
76.77294461367327,3.954910546875
76.76769911193752,3.954835546875
76.76245361820736,3.954817578125
76.75720809368619,3.95479921875
76.75196263074706,3.95463359375
76.74671712162142,3.954625
76.74147160325845,3.9545625
76.73622607996894,3.954526953125
76.73098053882067,3.95439609375
76.7257350438589,3.954347265625
76.72048951317954,3.954344921875
76.71524400528553,3.95426484375
76.70999849739155,3.95416875
76.70475299565574,3.954121875
76.69950751732107,3.954031640625
76.69426199279994,3.954087109375
76.68901648983251,3.953962109375
76.68377097146958,3.953919921875
76.6785254561857,3.953784765625
76.67327995198664,3.95383203125
76.66803442007564,3.95375625
76.66278893188789,3.95361953125
76.65754341660403,3.9535765625
76.65229791486824,3.953511328125
76.64705240574257,3.953476953125
76.64180689292202,3.953381640625
76.63656140596588,3.953339453125
76.63131587774983,3.9533078125
76.62607038401968,3.953187890625
76.62082488351552,3.95316484375
76.61557937931643,3.953053125
76.61033389605522,3.953004296875
76.60508837646064,3.953028515625
76.59984289935763,3.952887109375
76.59459740809078,3.952823828125
76.58935193468265,3.9527140625
76.58410645757967,3.952762890625
76.57886095953879,3.952678515625
76.57361549352052,3.952527734375
76.56836999178473,3.9525453125
76.56312450729187,3.952437109375
76.55787901787244,3.952433203125
76.55263350628351,3.95227578125
76.54738801255337,3.952203125
76.54214248680063,3.952244921875
76.53689699307048,3.95215
76.53165148024989,3.952100390625
76.52640597481917,3.952049609375
76.5211604835523,3.951975
76.51591495656788,3.951968359375
76.51066946838012,3.9518265625
76.5054239666443,3.95183046875
76.50017846244523,3.9517015625
76.494932979184,3.95171171875
76.48968745712617,3.9516609375
76.48444196770674,3.951564453125
76.47919645057543,3.951484375
76.47395093652322,3.95139375
76.46870545572533,3.95133671875
76.46345995275789,3.95136328125
76.45821445594862,3.95121875
76.45296896899248,3.951230078125
76.44772345186117,3.951141015625
76.44247798461127,3.95107890625
76.43723249334442,3.95105078125
76.43198698298715,3.950944140625
76.4267415083474,3.9508734375
76.42149600168506,3.95083515625
76.41625050241252,3.9507390625
76.411005033931,3.95068515625
76.40575953465847,3.9506046875
76.40051402306955,3.95053671875
76.39526853980833,3.9505203125
76.39002303068268,3.95046796875
76.38477749754009,3.9503765625
76.37953201674212,3.95033046875
76.3742864996108,3.950310546875
76.36904094676197,3.9502609375
76.36379543147814,3.95015390625
76.35854993897962,3.9500421875
76.35330439783134,3.950075390625
76.34805886715202,3.949974609375
76.34281337588514,3.949903515625
76.33756786799114,3.94988984375
76.33232234223834,3.949825
76.32707684419748,3.949703125
76.32183137325262,3.949615234375
76.31658585735299,3.9496015625
76.31134031743633,3.949564453125
76.30609482740114,3.949462109375
76.3008493564563,3.949397265625
76.29560383686173,3.949358984375
76.29035830618238,3.94929921875
76.2851128112206,3.949243359375
76.27986732426447,3.949226953125
76.27462178311619,3.94913203125
76.26937621364017,3.949108984375
76.26413070328293,3.9489515625
76.25888520955277,3.94895546875
76.25363967209941,3.9489546875
76.24839411925055,3.948846875
76.2431485602435,3.948765234375
76.23790304188053,3.94868671875
76.23265754014471,3.948633203125
76.22741199838062,3.94859296875
76.22216643321538,3.948506640625
76.21692086250775,3.948478515625
76.21167533921826,3.94836484375
76.20642984671973,3.948330859375
76.20118437823821,3.94824140625
76.19593885125376,3.948283984375
76.19069330948966,3.94815859375
76.18544776834139,3.948090234375
76.18020222719312,3.948092578125
76.17495673715787,3.94791171875
76.16971126251816,3.94789921875
76.16446580081066,3.947844921875
76.1592203163178,3.947806640625
76.15397477640113,3.94780234375
76.14872921862576,3.94767578125
76.14348366085034,3.947604296875
76.13823808460032,3.94761953125
76.13299257424302,3.9474953125
76.12774709221345,3.9473796875
76.12250162496355,3.947369921875
76.11725617618828,3.9473078125
76.11201074404012,3.94727578125
76.10676524723088,3.947219140625
76.10151970300349,3.947212890625
76.09627413783822,3.94711796875
76.09102858252609,3.94704375
76.08578300627606,3.946959375
76.0805374497323,3.946962890625
76.07529195477049,3.946813671875
76.07004645672963,3.94674765625
76.06480098085824,3.946717578125
76.05955552038239,3.94662890625
76.05431007776528,3.94659609375
76.04906456248146,3.9465796875
76.04381902502809,3.946498046875
76.03857347587414,3.946396875
76.0333279230253,3.94636953125
76.02808235909167,3.9462921875
76.02283685366095,3.9462453125
76.01759138949015,3.94611171875
76.01234593578829,3.946116015625
76.00710049563448,3.946053125
76.00185505178572,3.9459515625
75.99660962456414,3.945891015625
75.99136412036509,3.94590234375
75.98611857860095,3.94583125
75.9808730257521,3.945758203125
75.97562745381285,3.94569765625
75.97038189603744,3.94566953125
75.9651363321038,3.94563203125
75.9598908488426,3.945501953125
75.95464542162098,3.945397265625
75.94939997654062,3.945370703125
75.94415453761846,3.945296875
75.93890909500134,3.9452546875
75.9336636412995,3.94512890625
75.92841810261451,3.945134375
75.9231725023475,3.945106640625
75.91792687991101,3.945022265625
75.91268123899987,3.944924609375
75.90743559500967,3.9448984375
75.90218995902515,3.944828125
75.8969443082609,3.944775
75.89169869136676,3.944730078125
75.88645313112808,3.944583984375
75.88120761276514,3.944515234375
75.87596212272992,3.944505859375
75.87071663823707,3.944440234375
75.8654711623657,3.944377734375
75.86022569018922,3.9443171875
75.854980230945,3.944261328125
75.84973475876858,3.944165625
75.84448920838295,3.94413046875
75.8392435896414,3.94413359375
75.83399795488847,3.9440796875
75.82875232752541,3.943975
75.82350670939965,3.94392109375
75.81826110297443,3.943862890625
75.81301548300121,3.943816796875
75.80776987164946,3.943778125
75.80252433173284,3.94367421875
75.7972788380027,3.94358203125
75.79203334427254,3.94356328125
75.78678784253671,3.9435125
75.78154235927552,3.9434109375
75.7762968760143,3.943321875
75.77105139521639,3.943313671875
75.76580591072354,3.94322265625
75.76056036957526,3.9432171875
75.75531476191843,3.94320234375
75.75006913209208,3.943138671875
75.74482351396628,3.943066015625
75.73957788660324,3.9430015625
75.73433226047182,3.94296484375
75.72908663680363,3.94286171875
75.7238410155988,3.942846484375
75.71859546028664,3.9427421875
75.71334994869771,3.942650390625
75.70810444573027,3.942612109375
75.70285893537297,3.94256875
75.6976134250157,3.94249921875
75.69236792820647,3.942444140625
75.68712244740853,3.942398828125
75.68187693951454,3.942290234375
75.676631354643,3.94230625
75.67138572851158,3.94226015625
75.66614008883215,3.94216875
75.66089445777415,3.942115234375
75.65564882671615,3.942047265625
75.65040321905931,3.9420109375
75.64515758923297,3.9419375
75.63991194031621,3.941878515625
75.63466636037128,3.941821875
75.62942085863547,3.94171875
75.62417537783752,3.941628515625
75.61892987733336,3.941618359375
75.61368436574443,3.9415578125
75.60843886400862,3.94150625
75.60319335365135,3.941400390625
75.5979478599212,3.941347265625
75.59270237789164,3.9413234375
75.58745686076033,3.941224609375
75.58221127219393,3.9412375
75.5769656460625,3.941211328125
75.57172003163161,3.94114375
75.56647441289005,3.94103515625
75.56122879845921,3.9409875
75.55598318525999,3.94091640625
75.55073757513986,3.940897265625
75.545491953935,3.940840234375
75.540246322877,3.9407796875
75.53500074662698,3.94070390625
75.52975523873297,3.940609375
75.5245097745622,3.9405109375
75.51926430854394,3.94047109375
75.51401882897767,3.940426953125
75.50877334202153,3.94036796875
75.50352786738182,3.940294140625
75.49828238042566,3.940242578125
75.49303689962777,3.94018984375
75.48779143545697,3.940125
75.48254595589069,3.940078515625
75.47730040427344,3.940094140625
75.47205481324376,3.9400078125
75.46680920681858,3.93998125
75.46156359793008,3.9398890625
75.45631798781,3.939826171875
75.45107237768987,3.93978515625
75.44582677003302,3.939701953125
75.44058115190727,3.939675390625
75.43533554055553,3.93961875
75.4300899950965,3.93948984375
75.42484448473921,3.939432421875
75.41959898669832,3.939400390625
75.41435351452189,3.93933046875
75.40910803126066,3.93930703125
75.40386256524242,3.939241015625
75.39861705734842,3.939140625
75.39337147986674,3.939143359375
75.38812587344155,3.939112109375
75.38288025346833,3.939024609375
75.37763462610528,3.938974609375
75.37238899258399,3.9388953125
75.3671433652209,3.938812890625
75.36189782099353,3.938719921875
75.35665229893569,3.938671875
75.35140678303601,3.9386359375
75.34616128376348,3.93853984375
75.34091580296555,3.938484375
75.33567026674383,3.938490234375
75.33042468926219,3.9384375
75.32517909946414,3.938377734375
75.31993349303893,3.93830078125
75.31468787614482,3.938248828125
75.3094422574032,3.938220703125
75.30419670948092,3.938065625
75.29895118372814,3.938038671875
75.29370565304878,3.93802109375
75.28846013345422,3.9379078125
75.2832146440348,3.937851953125
75.27796911581872,3.937794921875
75.27272352047831,3.937803125
75.2674779140531,3.9377109375
75.26223229715897,3.93768203125
75.25698665994281,3.93756328125
75.25174102888481,3.937530859375
75.2464954809625,3.937410546875
75.24124995151479,3.93737265625
75.23600442576202,3.93732265625
75.23075892525785,3.93723125
75.22551343583847,3.937194921875
75.22026789961672,3.937163671875
75.21502229442316,3.937153125
75.20977667198665,3.937059375
75.20453104708689,3.936994921875
75.19928541849217,3.936940625
75.19403978866579,3.936934765625
75.18879424197515,3.936754296875
75.18354872238059,3.9367625
75.17830322064476,3.93667421875
75.17305773245701,3.936615625
75.16781222333137,3.9365375
75.1625666458497,3.9365859375
75.15732104681432,3.93648046875
75.15207542807276,3.93645078125
75.14682979824639,3.93642578125
75.14158418504722,3.936315625
75.13633864205144,3.936198046875
75.13109310459808,3.93618203125
75.12584757391876,3.936130078125
75.12060206725639,3.936051171875
75.11535648854309,3.93605859375
75.11011086856985,3.935981640625
75.1048652498283,3.93591328125
75.09961963970817,3.935807421875
75.09437404744683,3.93581015625
75.08912851553585,3.9356578125
75.08388299594125,3.935645703125
75.07863749666873,3.93555625
75.07339201217587,3.9355109375
75.06814645070556,3.93553671875
75.06290085413346,3.9354328125
75.05765524278173,3.935429296875
75.0524096178819,3.93535078125
75.04716401145673,3.935236328125
75.04191847400338,3.935182421875
75.03667296118282,3.935128125
75.0314274686843,3.935083203125
75.02618196941177,3.93498046875
75.02093641409962,3.93500234375
75.01569082799651,3.934900390625
75.0104452215713,3.934846875
75.00519961145122,3.934828125
74.99995406722383,3.9346796875
74.99470854147103,3.934655859375
74.98946303357702,3.934601953125
74.98421748811799,3.934570703125
74.97897190817308,3.93449609375
74.9737263208383,3.934463671875
74.96848071071821,3.93444296875
74.96323515663768,3.934296484375
74.95798962226341,3.934265234375
74.95274409651064,3.934213671875
74.94749855905727,3.93413125
74.94225296618015,3.934122265625
74.9370073548284,3.934056640625
74.93176173239188,3.934005078125
74.92651617215317,3.93386875
74.92127064393712,3.933846875
74.91602514096965,3.933783984375
74.91077961275361,3.93376484375
74.90553402418718,3.933703125
74.90028841899363,3.933661328125
74.89504280333115,3.933607421875
74.88979723939752,3.933492578125
74.88455169517016,3.93344453125
74.87930617311228,3.933394921875
74.87406057654019,3.93341796875
74.86881496210934,3.9333546875
74.86356934891013,3.9332859375
74.85832379975623,3.933166015625
74.85307827400344,3.933103125
74.84783276487781,3.933031640625
74.84258718246956,3.933049609375
74.83734157973927,3.932998828125
74.83209595607114,3.93297421875
74.82685036996799,3.932821875
74.8216048121926,3.932734375
74.81635927042848,3.932729296875
74.81111368925191,3.932681640625
74.80586810684368,3.932605078125
74.80062254414172,3.932555078125
74.79537702085221,3.932491015625
74.79013153143283,3.932433203125
74.78488598843708,3.93244296875
74.7796404072605,3.932356640625
74.77439481499914,3.932323046875
74.76914927508253,3.932173046875
74.76390374193988,3.9321296875
74.75865822665604,3.932125
74.75341266272243,3.932042578125
74.74816706738203,3.932025
74.74292150960659,3.931908984375
74.7376759776956,3.93183828125
74.73243046364338,3.931783984375
74.72718489170411,3.9317328125
74.72193931668575,3.93172109375
74.71669376753181,3.931625
74.71144824793723,3.931555078125
74.7062027363483,3.93150078125
74.70095716933558,3.931508203125
74.69571157645841,3.93146640625
74.69046600451915,3.931328125
74.68522045906013,3.93132109375
74.67997492160676,3.931265234375
74.67472934535674,3.931215625
74.66948375001633,3.93116484375
74.66423819224092,3.93102109375
74.65899265478755,3.9310125
74.65374711733418,3.930980859375
74.64850155032146,3.930879296875
74.64325595806011,3.93089140625
74.63801042060678,3.930762890625
74.6327649022438,3.930713671875
74.62751936109552,3.930680859375
74.62227379839356,3.93064609375
74.61702823138086,3.930550390625
74.61178269269583,3.930499609375
74.60653717987526,3.93038125
74.60129160608855,3.930421875
74.59604599720008,3.9303578125
74.59080042649242,3.9302109375
74.58555488534414,3.9301765625
74.58030933372694,3.930187109375
74.57506375747694,3.93012421875
74.56981817876363,3.930037109375
74.56457263207298,3.929980859375
74.55932711678912,3.929914453125
74.55408154300238,3.929885546875
74.54883595443597,3.92987265625
74.54359040528202,3.92973203125
74.53834486782867,3.92970078125
74.53309931005325,3.92971015625
74.52785372271846,3.92964609375
74.52260813538368,3.92955
74.51736258622978,3.92948359375
74.51211707094589,3.929387890625
74.50687150023828,3.92942578125
74.5016259104402,3.929330859375
74.49638035389644,3.929230859375
74.49113482568038,3.929187109375
74.48588928699537,3.929228125
74.48064370458715,3.929108984375
74.47539811047838,3.9290734375
74.47015256748264,3.928976953125
74.46490704788803,3.92888125
74.4596614796437,3.92888515625
74.45441588183996,3.928823046875
74.44917030066341,3.9287125
74.44392473796141,3.928656640625
74.4386791740278,3.9286609375
74.43343357376081,3.928576171875
74.42818795932996,3.928544921875
74.42294240401782,3.92843515625
74.41769687580175,3.92839921875
74.41245129585684,3.928369921875
74.40720570297967,3.928319140625
74.4019601402777,3.928215625
74.39671459851358,3.928159375
74.39146905982858,3.92812578125
74.38622347742039,3.928055078125
74.38097787345845,3.928051171875
74.37573231075649,3.927933203125
74.37048676160254,3.927889453125
74.36524117919434,3.92789453125
74.35999558015898,3.927808203125
74.35474999159257,3.92771640625
74.34950444736515,3.92767578125
74.34425893208133,3.927593359375
74.33901336506861,3.927576171875
74.33376779005026,3.927519921875
74.32852225136523,3.92743125
74.32327673053902,3.927306640625
74.31803119062236,3.927340625
74.31278561437234,3.927255078125
74.30754000917881,3.927254296875
74.3022944489401,3.927141796875
74.29704893180882,3.927063671875
74.2918033777283,3.927076953125
74.28655778793028,3.927048046875
74.28131221722262,3.926894140625
74.27606669762805,3.926868359375
74.27082118727076,3.9267515625
74.26557563072697,3.926788671875
74.26033004831875,3.926723828125
74.25508449793318,3.92659453125
74.24983896602218,3.92654765625
74.24459342487391,3.926556640625
74.23934784616061,3.926480859375
74.23410223850377,3.926449609375
74.22885667703343,3.926333984375
74.22361113403771,3.9263
74.21836557872558,3.9263234375
74.21311999262242,3.92623125
74.20787438619725,3.92617890625
74.20262884196987,3.926052734375
74.19738331621708,3.926028125
74.1921377535151,3.926037890625
74.18689216741198,3.925960546875
74.18164655852351,3.92591328125
74.17640098350513,3.92579453125
74.17115544358848,3.925737109375
74.1659098968978,3.9257546875
74.16066432187945,3.925658203125
74.1554187320814,3.9256359375
74.15017319216473,3.925532421875
74.1449276768809,3.92548203125
74.1396821203371,3.925475
74.13443654285547,3.925395703125
74.12919096660544,3.9252796875
74.1239454174515,3.92526328125
74.11869989539362,3.92520234375
74.11345430559561,3.925192578125
74.10820870163367,3.925101171875
74.10296313215767,3.92500390625
74.09771759470433,3.924960546875
74.09247204555038,3.924953515625
74.08722645698396,3.924858984375
74.08198085055878,3.92485859375
74.07673528231443,3.92476640625
74.07148975532998,3.924672265625
74.06624419139641,3.924684375
74.06099860529325,3.92462890625
74.0557530475178,3.92449140625
74.05050750883284,3.924463671875
74.04526196891617,3.924460546875
74.04001638034975,3.924388671875
74.03477080533139,3.92431796875
74.02952526541478,3.924278515625
74.0242797501309,3.924208984375
74.01903418188654,3.924173046875
74.01378858161958,3.924164453125
74.00854303246562,3.92403984375
74.00329750671283,3.923968359375
73.99805193600521,3.923962890625
73.99280634189641,3.923919921875
73.98756078658428,3.923793359375
73.98231524789925,3.9237734375
73.97706969012387,3.92377109375
73.9718241163371,3.92369140625
73.96657856102496,3.92356875
73.96133302665072,3.923509375
73.9560874787284,3.9235671875
73.95084189878348,3.92347421875
73.94559632807585,3.923354296875
73.9403507881592,3.923325
73.93510524023688,3.923338671875
73.92985966152362,3.923251953125
73.92461407542046,3.92317265625
73.9193685274982,3.923121484375
73.91412297711257,3.92308125
73.9088773743823,3.923042578125
73.90363176118312,3.922947265625
73.89838620217603,3.922886328125
73.89314066349102,3.92281953125
73.88789509155178,3.9228
73.882649517765,3.92270234375
73.87740398462242,3.922668359375
73.8721584613329,3.922603125
73.86691290232585,3.922588671875
73.86166734208716,3.922468359375
73.8564218021705,3.922397265625
73.85117624562673,3.92240703125
73.84593066814506,3.922321484375
73.8406851214544,3.922227734375
73.83543959939655,3.9222171875
73.8301940631748,3.9222328125
73.82494849369886,3.922130078125
73.81970297164096,3.9220375
73.81445747113682,3.92195234375
73.80921193491507,3.921944921875
73.80396636851819,3.92193515625
73.79872083783884,3.9218296875
73.79347530839115,3.921789453125
73.78822974137842,3.921765625
73.78298418113971,3.921629296875
73.7777386479971,3.921603125
73.77249309514825,3.921617578125
73.76724751397167,3.92154453125
73.76200196851264,3.9214359375
73.75675645446044,3.921383984375
73.75151088929516,3.921389453125
73.74626529703386,3.921314453125
73.7410197478799,3.921213671875
73.73577418640959,3.92121640625
73.73052859784318,3.921187890625
73.72528304006775,3.921023046875
73.72003751924152,3.921021484375
73.71479196269773,3.92098671875
73.70954638767938,3.9209390625
73.70430084591526,3.920829296875
73.69905532385742,3.920803515625
73.6938097476074,3.92074765625
73.6885641812105,3.9207140625
73.68331864375712,3.92064375
73.67807308844499,3.9206609375
73.67282749064128,3.920567578125
73.66758191562289,3.920459375
73.66233636646895,3.92040546875
73.65709078652402,3.920421875
73.65184519364686,3.92038046875
73.6465996494195,3.92026328125
73.64135411750851,3.920217578125
73.6361085511116,3.9201640625
73.63086299087288,3.920052734375
73.62561745773027,3.920046875
73.62037190241814,3.92003125
73.61512631262008,3.9199421875
73.60988076346618,3.91984609375
73.60463523278682,3.919796875
73.5993896540735,3.91979453125
73.5941440938348,3.919677734375
73.58889856192383,3.91965234375
73.58365299799024,3.919631640625
73.57840741311875,3.91958046875
73.57316187012299,3.91949609375
73.56791633390124,3.9194578125
73.562670768736,3.9194015625
73.55742523005101,3.9193140625
73.55217970429823,3.919254296875
73.54693413605386,3.91926484375
73.54168858074173,3.9191546875
73.53644305498894,3.919096484375
73.53119749228696,3.919063671875
73.52595192281099,3.919009765625
73.52070638535761,3.91895
73.51546083497202,3.91893203125
73.51021526426437,3.91888515625
73.50496973974326,3.91878671875
73.49972421768538,3.918790234375
73.4944786636049,3.918707421875
73.48923313785211,3.918621875
73.48398762195242,3.918559375
73.47874207526178,3.9185375
73.47349654827735,3.918416796875
73.46825104038335,3.918384765625
73.463005478913,3.918369921875
73.45775992852744,3.91824609375
73.45251441570684,3.9182578125
73.44726886778457,3.9182125
73.44202331370406,3.918117578125
73.4367777879513,3.918094140625
73.43153224926627,3.918065625
73.4262866951858,3.91801328125
73.42104117928612,3.91790859375
73.41579565969153,3.917934375
73.41055010684268,3.917840625
73.40530457739497,3.91776796875
73.40005906457442,3.917706640625
73.39481350433572,3.917705078125
73.38956796257162,3.9176
73.38432244728779,3.917556640625
73.37907688951235,3.91752421875
73.37383133420022,3.917423828125
73.3685858170689,3.91738359375
73.36334027592063,3.917353125
73.35809472553504,3.917278125
73.3528492071721,3.91723359375
73.3476036617131,3.91719765625
73.34235809901111,3.9171671875
73.33711258064817,3.917032421875
73.33186705366373,3.91704375
73.32662150943634,3.91699921875
73.32137600770058,3.91689921875
73.31613049056925,3.916906640625
73.31088493648875,3.91683125
73.30563940026704,3.9167484375
73.30039389853123,3.916691015625
73.29514834198744,3.916684765625
73.28990279160185,3.9165484375
73.2846572787813,3.916505859375
73.27941175672342,3.916533984375
73.27416619771637,3.91644921875
73.26892066826868,3.9163203125
73.26367516160633,3.91630859375
73.25842962168969,3.91632265625
73.25318404543965,3.91624140625
73.2479384888959,3.916094140625
73.24269295821654,3.91611953125
73.23744742076316,3.91609375
73.23220184451314,3.915987109375
73.22695625040436,3.915990234375
73.2217107160301,3.9158578125
73.21646520444118,3.915844140625
73.21121968730986,3.915816015625
73.20597411660225,3.915755078125
73.20072854158384,3.915678515625
73.1954829825768,3.91561953125
73.19023745436073,3.915560546875
73.18499196432552,3.9155046875
73.17974645766314,3.915508203125
73.17450089496117,3.915426953125
73.16925531994279,3.915338671875
73.16400974369279,3.91532734375
73.15876421793999,3.915223046875
73.15351871127763,3.915178125
73.14827322555317,3.915141015625
73.14302768255742,3.915143359375
73.13778210877068,3.915044921875
73.13253652020423,3.9150109375
73.1272909211689,3.914994140625
73.12204539048956,3.91486875
73.11679987643734,3.91481484375
73.11155437346991,3.9147828125
73.10630888220304,3.91471015625
73.10106331826942,3.914733984375
73.09581773339792,3.91462734375
73.09057213189928,3.914596875
73.08532651623682,3.9145484375
73.08008097508853,3.914403515625
73.07483544317755,3.914403125
73.06958992789367,3.914325390625
73.0643444384743,3.914298828125
73.05909888562545,3.914320703125
73.0538532779686,3.9142359375
73.04860766784846,3.914175390625
73.04336204664362,3.914132421875
73.03811645561392,3.914071484375
73.03287091138657,3.913953125
73.02762538317047,3.913938671875
73.02237987527647,3.913859765625
73.01713440186839,3.913826171875
73.01188887857889,3.913841015625
73.00664329001246,3.9137546875
73.00139768851382,3.913694921875
72.99615208208866,3.91367109375
72.99090646088375,3.91363125
72.98566088586541,3.913518359375
72.98041536503916,3.9134453125
72.9751698583768,3.913412890625
72.96992435540936,3.913376953125
72.96467885613683,3.9133015625
72.95943337903384,3.913218359375
72.95418784958613,3.913231640625
72.94894228257341,3.9131921875
72.94369670509174,3.91312421875
72.93845110359312,3.913080078125
72.93320549716792,3.913007421875
72.92795987842635,3.912958984375
72.9227142769277,3.9129203125
72.91746874748,3.91284453125
72.91222324451256,3.912797265625
72.90697773661854,3.912709375
72.90173224719916,3.912678125
72.89648676763282,3.912580078125
72.891241313931,3.912558203125
72.88599587131391,3.912530859375
72.88075035295097,3.912501171875
72.87550477300603,3.912484765625
72.87025918197634,3.91237578125
72.86501358170932,3.91235546875
72.85976797035758,3.91224921875
72.85452237132225,3.912241015625
72.84927676243376,3.912169140625
72.84403112398593,3.9121375
72.83878549662286,3.9121125
72.83353993884745,3.9120375
72.82829443588001,3.911936328125
72.82304894892387,3.911879296875
72.8178034539621,3.9118453125
72.81255793990988,3.911844921875
72.80731243817407,3.9117296875
72.80206694444392,3.911694921875
72.79682143778157,3.91163671875
72.79157593358248,3.911596484375
72.78633044354727,3.911511328125
72.78108492395266,3.911491015625
72.77583934523936,3.91143984375
72.77059371294976,3.9114234375
72.76534806957537,3.91135078125
72.7601024311275,3.91127890625
72.75485680253281,3.911258984375
72.74961117763303,3.91118984375
72.7443655453434,3.911166796875
72.73911992167524,3.911138671875
72.73387428076413,3.9110546875
72.72862862630498,3.911039453125
72.72338296815091,3.91097578125
72.71813736542065,3.91086015625
72.71289181749836,3.9108015625
72.7076462954405,3.9107578125
72.70240077091937,3.91070546875
72.69715523777673,3.91068046875
72.6919097107923,3.91062109375
72.68666419920339,3.9105515625
72.68141868391955,3.910511328125
72.67617316678825,3.910469921875
72.67092766751571,3.91043046875
72.66568219164434,3.9103671875
72.66043670468824,3.910267578125
72.6551911555343,3.910221875
72.64994553864015,3.910241015625
72.6446998780228,3.91020390625
72.6394542100156,3.9101546875
72.63420854570334,3.9101046875
72.62896289801823,3.910018359375
72.62371726696023,3.90996328125
72.61847162728074,3.90987265625
72.61322599499114,3.909828515625
72.607980371323,3.909800390625
72.60273473657008,3.9097125
72.597489078416,3.90969765625
72.59224339624498,3.909683984375
72.58699774732821,3.9096359375
72.58175216368834,3.909508203125
72.576506657026,3.90945078125
72.57126118977611,3.909391796875
72.5660157188313,3.909337890625
72.56077022386948,3.90928828125
72.55552469688507,3.90924921875
72.55027916990066,3.909200390625
72.54503363367891,3.909181640625
72.53978810792613,3.909118359375
72.5345425735519,3.909051953125
72.52929703363525,3.90901484375
72.52405151034574,3.908953515625
72.51880601353649,3.908926171875
72.51356053520183,3.908816796875
72.50831507349432,3.90878515625
72.50306960870772,3.90872890625
72.49782409588718,3.9086984375
72.49257853441684,3.908649609375
72.48733292552834,3.90863203125
72.48208728831214,3.908568359375
72.47684164493779,3.90855625
72.47159601141652,3.908505078125
72.4663503828218,3.908447265625
72.46110475053217,3.90840546875
72.4558591170109,3.90833671875
72.45061349580604,3.90827421875
72.44536787891191,3.9082234375
72.44012227125506,3.908144140625
72.4348766623666,3.9081265625
72.42963105101485,3.908073828125
72.42438545444278,3.908009375
72.41913986033396,3.907974609375
72.41389427053593,3.907926171875
72.40864867519548,3.90785390625
72.40340307616012,3.907785546875
72.39815747835642,3.90773671875
72.39291187932106,3.907674609375
72.38766628829137,3.9076546875
72.38242070711479,3.907601953125
72.37717513332807,3.90756015625
72.37192954968819,3.90752265625
72.36668398144386,3.907449609375
72.36143839903565,3.907404296875
72.35619278583643,3.9073328125
72.35094715847333,3.907261328125
72.34570152125718,3.907200390625
72.34045589882066,3.907146875
72.3352103151808,3.907075390625
72.32996479681786,3.907020703125
72.32471929385042,3.906998828125
72.31947380443098,3.9069375
72.31422830515847,3.90690625
72.30898280588598,3.90684296875
72.30373731461907,3.906765625
72.29849182519968,3.906696875
72.29324634440172,3.906649609375
72.28800088392589,3.90664375
72.2827554043596,3.9066234375
72.27750984288926,3.90656953125
72.27226425185957,3.90652265625
72.26701865775075,3.906470703125
72.2617730433199,3.906403125
72.25652741103028,3.906407421875
72.25128177011918,3.906339453125
72.24603610703855,3.90624140625
72.2407904956868,3.9061890625
72.23554495022779,3.90614140625
72.23029940846367,3.906071875
72.22505387532107,3.906049609375
72.21980835326318,3.905941796875
72.2145628607647,3.905935546875
72.20931737996675,3.90592421875
72.20407182834951,3.905859375
72.1988262422464,3.905801953125
72.19358065491161,3.90576015625
72.18833505218136,3.90571484375
72.1830894408296,3.90567109375
72.1778438159298,3.905588671875
72.17259817501869,3.905516796875
72.16735258398901,3.905473046875
72.16210703606673,3.90541640625
72.15686149615007,3.905355859375
72.15161597655549,3.90531484375
72.14637046065585,3.905246875
72.14112494352453,3.90515546875
72.13587943932542,3.905145703125
72.13063397330718,3.90508125
72.12538852576351,3.905133203125
72.12014304742888,3.905088671875
72.11489748719018,3.90497734375
72.1096518906181,3.904949609375
72.10440627618726,3.904898046875
72.09916065929312,3.9049078125
72.09391504363066,3.904816796875
72.08866943597381,3.904771875
72.08342381353731,3.904668359375
72.07817819356407,3.904619921875
72.07293257543827,3.9045953125
72.06768695423342,3.904552734375
72.06244134657658,3.904508984375
72.05719574138301,3.904455078125
72.05195013126294,3.90440390625
72.04670451806372,3.904356640625
72.04145890671197,3.904308984375
72.03621328673873,3.904280859375
72.03096767107623,3.90420859375
72.02572205110299,3.904171484375
72.02047642497156,3.90413359375
72.01523080499834,3.90406171875
72.0099851813302,3.904043359375
72.00473955273549,3.903985546875
71.99949393399389,3.903930078125
71.99424831032574,3.9038703125
71.98900268912088,3.90381953125
71.98375707222677,3.903752734375
71.97851145102186,3.90370625
71.97326581873224,3.903692578125
71.96802018397933,3.903645703125
71.962774554153,3.903558203125
71.95752892186337,3.903524609375
71.95228328957373,3.90348046875
71.94703764989427,3.903432421875
71.94179203300016,3.903369140625
71.93654640686871,3.903321875
71.93130076965252,3.903265625
71.92605513736291,3.903226171875
71.92080950753655,3.903176953125
71.91556387524692,3.90312890625
71.91031825527368,3.903094140625
71.90507263406879,3.90302890625
71.89982702641198,3.902983203125
71.89458140397548,3.90291875
71.8893357679909,3.90289765625
71.88409012584818,3.902797265625
71.87884447262068,3.90275390625
71.87359881323496,3.90270546875
71.86835314769104,3.902653515625
71.86310747845225,3.902585546875
71.85786180613431,3.9025625
71.85261614428534,3.90250234375
71.84737048489961,3.902441796875
71.84212483167212,3.902386328125
71.8368792030774,3.902304296875
71.8316335843358,3.902281640625
71.82638797544735,3.902234375
71.82114237764364,3.902166796875
71.81589681124674,3.9021109375
71.81065127133009,3.902057421875
71.80540575296716,3.902023046875
71.80016024384153,3.90196328125
71.79491473717913,3.9019328125
71.78966922928511,3.901873828125
71.7844236930634,3.9018328125
71.77917813036146,3.9017609375
71.77393253255771,3.901728515625
71.76868691812686,3.9016390625
71.76344130492764,3.901609765625
71.7581956868019,3.901560546875
71.75295006067046,3.901514453125
71.74770443700233,3.901478125
71.74245879609119,3.901415625
71.73721314532698,3.901379296875
71.73196748224633,3.90128671875
71.72672182286065,3.901272265625
71.72147617394387,3.901225
71.71623052317963,3.901169140625
71.71098486009903,3.901084375
71.70573919948168,3.90106640625
71.70049354132763,3.901009375
71.69524787332043,3.900998046875
71.69000219853923,3.900934765625
71.68475652129474,3.90091875
71.67951084774519,3.900865625
71.67426517050069,3.900800390625
71.66901948217146,3.900800390625
71.66377380000041,3.9007328125
71.65852814430961,3.9006875
71.6532824873872,3.900652734375
71.64803682800147,3.9005890625
71.6427911723107,3.900570703125
71.63754552154649,3.900493359375
71.63229987078225,3.900423828125
71.62705422432876,3.9003953125
71.62180858218603,3.9003546875
71.61656294866475,3.90029375
71.61131731637514,3.900250390625
71.60607168408552,3.900192578125
71.60082605056422,3.900082421875
71.59558042812772,3.90009453125
71.59033481123357,3.900014453125
71.5850891955711,3.899974609375
71.57984356820802,3.89992578125
71.5745979297602,3.899859375
71.5693522987022,3.899805078125
71.56410667133912,3.89975703125
71.55886104767097,3.89970078125
71.55361542523447,3.89964375
71.54836981203528,3.8996171875
71.54312419637276,3.899580859375
71.5378785776312,3.899492578125
71.53263296997436,3.89945
71.52738736354914,3.899427734375
71.5221417337228,3.899379296875
71.51689609773828,3.899332421875
71.51165048207577,3.899259375
71.50640487195564,3.899219140625
71.50115924705588,3.8991703125
71.49591360183402,3.899125390625
71.49066795106981,3.8990765625
71.48542228675751,3.899049609375
71.48017664461479,3.899001953125
71.47493105604839,3.898949609375
71.46968551982664,3.8988828125
71.46444003779708,3.898787109375
71.45919458532686,3.89872734375
71.45394914270977,3.89869453125
71.4487036822339,3.8986046875
71.44345820143599,3.898572265625
71.43821270093179,3.898526171875
71.43296719180616,3.89849296875
71.42772167775395,3.89845234375
71.42247617478651,3.898400390625
71.41723067181907,3.8983875
71.4119851768573,3.898344921875
71.40673968866952,3.8982765625
71.40149422265125,3.898202734375
71.39624874801154,3.89816328125
71.39100325428139,3.89809375
71.38575775931962,3.8980703125
71.3805122575838,3.8979859375
71.37526675954288,3.8979375
71.37002128490317,3.89792578125
71.3647758244273,3.897882421875
71.35953035964067,3.89782890625
71.3542848923908,3.8977765625
71.34903942945165,3.897737890625
71.34379398067634,3.897672265625
71.33854853066941,3.897673046875
71.33330306218791,3.897604296875
71.32805758754817,3.897562109375
71.32281211906664,3.897465625
71.31756665181673,3.89741328125
71.31232117840864,3.8973359375
71.30707569022088,3.8972890625
71.30183019649074,3.89727265625
71.29658469968149,3.89720625
71.29133920287224,3.897198828125
71.28609372453761,3.89713359375
71.28084825605606,3.89708046875
71.27560278387963,3.897071484375
71.27035729261276,3.897029296875
71.26511179580352,3.89695078125
71.2598662903728,3.89688046875
71.25462078740536,3.896828125
71.24937528566953,3.8967796875
71.24412978393372,3.89670234375
71.23888428897195,3.8966640625
71.23363882295371,3.896590625
71.2283933840315,3.8965703125
71.2231479592732,3.89654765625
71.21790254252053,3.89647109375
71.21265713377353,3.89645
71.20741171702088,3.896444921875
71.20216628240946,3.89640078125
71.19692080900137,3.896371875
71.1916752678531,3.896331640625
71.18642967374427,3.896269140625
71.18118404268631,3.896198046875
71.17593841039665,3.896145703125
71.17069277687541,3.8961109375
71.16544713350102,3.89610390625
71.16020149874812,3.896033203125
71.15495588431727,3.895953515625
71.14971025941746,3.895921875
71.14446462959114,3.8958734375
71.13921900222805,3.89579140625
71.1339734007294,3.895746875
71.1287277992308,3.895712109375
71.12348219280558,3.895675390625
71.1182365986968,3.895643359375
71.11299101136201,3.895593359375
71.10774541725323,3.895543359375
71.10249980959638,3.895509375
71.09725419270227,3.895468359375
71.0920085838138,3.895437890625
71.08676297061456,3.89536015625
71.0815173549521,3.89531328125
71.0762717337472,3.89528671875
71.07102610268925,3.89521640625
71.06578047532615,3.89517265625
71.06053484426816,3.895112109375
71.05528919350395,3.89507421875
71.05004355875106,3.895037109375
71.04479793508291,3.894981640625
71.03955229663505,3.89492109375
71.03430665326067,3.894902734375
71.02906100803884,3.894811328125
71.02381536466446,3.894773828125
71.01856970651039,3.8947265625
71.01332403727156,3.89471015625
71.00807837172763,3.89462421875
71.0028327049521,3.8945671875
70.99758703140253,3.894537109375
70.99234136709029,3.8944796875
70.98709571509441,3.89441328125
70.98185006864092,3.894387109375
70.97660442465073,3.89433359375
70.97135878497124,3.894266015625
70.96611314159686,3.89422265625
70.96086751177052,3.894216015625
70.95562186778028,3.89416640625
70.95037621455279,3.894115625
70.94513057117841,3.8940578125
70.93988494012041,3.893987109375
70.93463929489859,3.893998828125
70.9293936484451,3.893877734375
70.92414800999724,3.893894140625
70.91890236785451,3.893823046875
70.9136567355649,3.89377265625
70.90841109034304,3.893728125
70.90316544512118,3.893680078125
70.89791980544173,3.893601953125
70.89267417192045,3.893566015625
70.88742853716754,3.893496875
70.88218290241464,3.893494921875
70.87693726027187,3.8934484375
70.87169160581276,3.89340390625
70.86644594519541,3.89333203125
70.86120026918253,3.8933140625
70.85595459440135,3.893241015625
70.85070892516252,3.8931890625
70.84546325592369,3.893167578125
70.84021757867923,3.893088671875
70.83497188603923,3.893035546875
70.82972617923538,3.8930109375
70.82448046627333,3.89294609375
70.81923474530566,3.892876171875
70.81398903111199,3.89284609375
70.80874333724037,3.892749609375
70.80349764460038,3.892684765625
70.79825196242935,3.89262890625
70.79300631043348,3.89257734375
70.78776068430204,3.89253203125
70.78251508649832,3.892478515625
70.77726953241785,3.89245234375
70.77202402821874,3.8923796875
70.76677855357903,3.892359375
70.76153308263422,3.89233671875
70.75628760429956,3.892253125
70.75104213458638,3.892240625
70.74579666856815,3.892180078125
70.7405511939284,3.89207734375
70.735305704509,3.89206796875
70.73006020154156,3.89203515625
70.72481472690181,3.891991015625
70.71956926765759,3.891932421875
70.71432380287096,3.89190859375
70.70907832207304,3.891871875
70.70383283634855,3.891788671875
70.69858734939245,3.89172734375
70.69334185689392,3.891720703125
70.68809636193215,3.8916625
70.68285086019634,3.89161328125
70.67760534983904,3.891523046875
70.67235985487727,3.891485546875
70.66711436484202,3.891433203125
70.66186890436617,3.89138125
70.65662346544401,3.8913453125
70.65137804561225,3.891298828125
70.64613263932853,3.891342578125
70.64088722257587,3.89128046875
70.63564178426951,3.891228125
70.63039632009871,3.8912265625
70.62515080974146,3.8911515625
70.61990524334453,3.8910859375
70.61465964061428,3.891053515625
70.60941402187267,3.8909796875
70.60416839943615,3.890925390625
70.59892277084144,3.890894921875
70.59367715394731,3.890859765625
70.58843156291762,3.890838671875
70.58318598174104,3.890757421875
70.57794040056449,3.890727734375
70.57269480152912,3.890655859375
70.56744919264067,3.890602734375
70.56220357574652,3.890525390625
70.55695797178461,3.89051640625
70.55171237028597,3.890437109375
70.5464667675557,3.890441796875
70.54122114511918,3.8903859375
70.53597553068833,3.890340625
70.5307299137942,3.890314453125
70.52548427657801,3.890243359375
70.52023862458218,3.89016875
70.51499297381793,3.8900703125
70.50974735938709,3.890007421875
70.50450181023315,3.88995390625
70.49925632204537,3.889936328125
70.49401085110057,3.889921875
70.48876538816138,3.889843359375
70.48351990859511,3.889826953125
70.47827442902883,3.889783984375
70.47302894823092,3.889725
70.46778347112787,3.889651953125
70.46253799032996,3.8896078125
70.45729250460549,3.889550390625
70.45204701333863,3.889501953125
70.44680154116216,3.889465625
70.44155608992357,3.889470703125
70.43631063252681,3.889426953125
70.4310651184746,3.8893703125
70.42581953483477,3.889333203125
70.42057392594629,3.88928828125
70.41532829242503,3.889234765625
70.41008267676251,3.889193359375
70.40483708450121,3.889166796875
70.39959148053929,3.889075390625
70.39434587904063,3.889023828125
70.38910027877365,3.8890015625
70.38385466865353,3.88896875
70.37860904991196,3.888921484375
70.37336340592175,3.888866796875
70.36811773791455,3.88876015625
70.3628720772972,3.88869375
70.35762646594546,3.888658203125
70.35238092048645,3.888598046875
70.34713541382406,3.888571484375
70.341889909625,3.8885203125
70.33664439557279,3.88849765625
70.3313989061534,3.888451953125
70.32615343151365,3.888385546875
70.32090793901513,3.888322265625
70.31566244220592,3.888257421875
70.31041693431189,3.888216796875
70.30517146090382,3.888190625
70.29992600597032,3.888176953125
70.29468052394074,3.888129296875
70.28943497355517,3.8880828125
70.28418937328819,3.888044921875
70.2789437422302,3.8879859375
70.2736981111722,3.8879796875
70.26845249119896,3.887901171875
70.26320686629917,3.887850390625
70.25796125186832,3.887805859375
70.25271563620585,3.8877921875
70.2474700193117,3.88774609375
70.24222437408984,3.887651171875
70.23697872763637,3.88757578125
70.23173312983268,3.887556640625
70.22648758191035,3.887489453125
70.22124207155305,3.88743203125
70.21599655996413,3.887385546875
70.21075106192326,3.88736171875
70.20550556018745,3.887327734375
70.20026005598837,3.887255859375
70.19501454809435,3.887165625
70.18976906483316,3.88711875
70.18452361113128,3.8871359375
70.17927815065543,3.887156640625
70.1740326581569,3.887072265625
70.16878708621765,3.88700078125
70.16354148348739,3.8869796875
70.1582958622825,3.88690859375
70.15305024354093,3.886903125
70.14780464081062,3.88683203125
70.14255902761143,3.8867484375
70.13731342118622,3.886733203125
70.1320678221509,3.8866828125
70.12682222557882,3.88663828125
70.12157661545871,3.8865953125
70.11633098563233,3.88651484375
70.1110853595009,3.886429296875
70.10583975923393,3.88637109375
70.1005942347128,3.886367578125
70.09534874652503,3.886312109375
70.09010327065366,3.886257421875
70.08485777569184,3.8862296875
70.07961228565665,3.8861640625
70.0743667956214,3.886133984375
70.06912130558615,3.88608203125
70.0638758143193,3.886016015625
70.05863031751005,3.88595
70.05338482932228,3.885921484375
70.04813937007806,3.885919921875
70.04289390713893,3.88589765625
70.0376484017082,3.88583359375
70.03240280759937,3.88581328125
70.02715717530975,3.8857421875
70.02191155533653,3.885726953125
70.01666594213735,3.885637109375
70.01142033078558,3.885562890625
70.00617473051857,3.88556875
70.00092911916683,3.885539453125
69.99568350781507,3.885524609375
69.99043786444068,3.885405859375
69.9851922179872,3.885317578125
69.97994662818913,3.88527578125
69.97470109750982,3.885248046875
69.96945559700566,3.885195703125
69.96421009526983,3.88515859375
69.95896461939846,3.88506953125
69.95371913367399,3.885052734375
69.94847363316983,3.8849921875
69.94322812527581,3.884915625
69.93798262600328,3.88484453125
69.93273715998501,3.88483515625
69.92749170874646,3.884818359375
69.9222462612028,3.88478046875
69.91700079703202,3.884754296875
69.91175524787806,3.884688671875
69.9065096550009,3.884646484375
69.90126406273959,3.884614453125
69.89601847540482,3.884553515625
69.89077288006436,3.884520703125
69.88552727487081,3.88446015625
69.88028165366596,3.884428125
69.8750360324611,3.884355859375
69.86979040017145,3.8843609375
69.86454475494962,3.884309375
69.85929909433227,3.884278515625
69.85405342324597,3.88419609375
69.84880773861164,3.884155859375
69.84356207183609,3.884076171875
69.83831644200976,3.884
69.83307087007047,3.8839578125
69.82782535293917,3.88390546875
69.82257987829945,3.883898828125
69.8173344307558,3.883815234375
69.81208898813868,3.883772265625
69.80684354428995,3.8837328125
69.80159809058812,3.883718359375
69.79635261471674,3.88363671875
69.79110714254031,3.883549609375
69.78586166543728,3.8835203125
69.78061618094446,3.883473046875
69.77537069398832,3.883468359375
69.7701252131904,3.883393359375
69.76487973731903,3.883339453125
69.75963427684316,3.883308984375
69.75438882067803,3.883269140625
69.74914337682928,3.883240234375
69.74389793975455,3.883171875
69.73865251130135,3.883153125
69.73340708038481,3.88308828125
69.72816166240052,3.88305625
69.72291621855179,3.88298203125
69.71767072851658,3.882942578125
69.71242517936264,3.88289609375
69.70717957047414,3.88289921875
69.70193392709976,3.882872265625
69.69668829234683,3.882816796875
69.69144266744706,3.8827625
69.68619706102186,3.882703515625
69.6809514521334,3.8826734375
69.67570583523927,3.882594140625
69.67046024297795,3.882580078125
69.66521462731544,3.88252265625
69.65996899133091,3.882504296875
69.65472341939163,3.882451171875
69.64947790533941,3.882332421875
69.64423240237197,3.882291015625
69.63898689324634,3.882271875
69.63374140321109,3.8822109375
69.62849592857138,3.882180078125
69.62325047979607,3.8821125
69.61800498606593,3.8820625
69.61275941966902,3.882101953125
69.60751383356589,3.882007421875
69.60226824376784,3.881973828125
69.59702263980594,3.881925
69.59177705000788,3.881859765625
69.58653143865612,3.88183828125
69.58128587718579,3.881797265625
69.57604037791326,3.881685546875
69.57079487248254,3.881642578125
69.56554937444166,3.881619140625
69.56030388194313,3.881551171875
69.55505840730342,3.88150703125
69.54981295113829,3.881466796875
69.54456743400699,3.881440625
69.53932185775697,3.88143125
69.5340762648798,3.8813203125
69.52883068123994,3.88127890625
69.52358510498993,3.881293359375
69.51833951888682,3.8811984375
69.51309396357466,3.8811890625
69.50784847107614,3.881078125
69.50260298288839,3.881019921875
69.49735749962719,3.881005859375
69.49211201513434,3.8809546875
69.48686653803134,3.880891796875
69.48162098148754,3.880893359375
69.47637538245222,3.88088359375
69.47112978711175,3.880769140625
69.4658841880764,3.88075625
69.46063856810318,3.880721484375
69.45539300170627,3.880603515625
69.45014748457496,3.88054765625
69.44490197298603,3.880546875
69.43965646632368,3.88052421875
69.43441097813592,3.880455859375
69.42916542775035,3.880435546875
69.42391984411047,3.8803734375
69.41867423522201,3.88035
69.41342861832788,3.88032109375
69.40818303222474,3.880254296875
69.40293750524032,3.88015546875
69.39769198195081,3.880166796875
69.39244646358789,3.880125
69.38720095938878,3.88003671875
69.38195538744952,3.88005390625
69.37670979641982,3.879976953125
69.37146420785339,3.879946875
69.36621860019655,3.879915625
69.36097306027995,3.879783984375
69.35572754314863,3.879767578125
69.35048204018118,3.87972109375
69.3452365359821,3.879636328125
69.33999095234226,3.879671875
69.33474534345375,3.8796203125
69.32949973210201,3.87954765625
69.32425411397625,3.87953984375
69.3190085648223,3.879387890625
69.31376304276442,3.879398046875
69.30851752563315,3.87935703125
69.30327200973348,3.879279296875
69.29802644949476,3.879319140625
69.29278086462327,3.879229296875
69.28753525696646,3.8791953125
69.28228964930963,3.87916484375
69.27704409646077,3.879052734375
69.27179856947633,3.879031640625
69.26655306035067,3.878954296875
69.26130753213461,3.878975
69.25606195465296,3.878931640625
69.25081636854985,3.87883984375
69.24557077320941,3.8788015625
69.24032521420236,3.878719140625
69.23507967798062,3.878695703125
69.2298341571544,3.8786484375
69.22458866896662,3.878592578125
69.21934311242288,3.87861171875
69.21409752755137,3.87856015625
69.20885193221092,3.8784890625
69.20360633933376,3.878446875
69.19836081111772,3.878343359375
69.19311529521805,3.878313671875
69.18786980148789,3.87825
69.18262425479723,3.8782734375
69.17737867731559,3.87823203125
69.17213307581696,3.87815390625
69.16688747308669,3.8781234375
69.1616419319384,3.877991015625
69.15639641234381,3.87798125
69.15115092908262,3.8779296875
69.14590539470835,3.87795390625
69.14065981230014,3.87788828125
69.13541421942297,3.877856640625
69.13016861546105,3.877825
69.12492307677606,3.877703515625
69.11967755102327,3.877687109375
69.11443204312926,3.877622265625
69.10918651368156,3.877609375
69.10394092881008,3.87759453125
69.09869533223801,3.87752734375
69.09344971657553,3.8774765625
69.08820413047238,3.877409765625
69.08295856653875,3.8773734375
69.07771302107975,3.877328125
69.07246749779024,3.877262890625
69.06722190676057,3.87729921875
69.06197629787205,3.87720703125
69.05673068344122,3.877204296875
69.05148504499338,3.87715859375
69.04623946628008,3.877009375
69.04099391835781,3.87703046875
69.03574838644683,3.87693984375
69.03050286069404,3.87691015625
69.02525727089596,3.876929296875
69.02001166447079,3.87684609375
69.01476605435067,3.876826171875
69.00952044115145,3.87676171875
69.00427489815573,3.87666015625
68.99902936378147,3.876658203125
68.99378383679702,3.876580078125
68.98853831104427,3.876538671875
68.98329272124619,3.8765625
68.97804712898485,3.876465234375
68.97280152132801,3.876418359375
68.9675559389198,3.8763625
68.96231039715572,3.876294921875
68.95706487879278,3.876257421875
68.95181938937334,3.8761875
68.94657385746237,3.876205859375
68.9413282972237,3.876139453125
68.93608272774769,3.8760734375
68.93083715026603,3.87605390625
68.9255916509935,3.87592734375
68.92034618128035,3.87589921875
68.91510072203613,3.875889453125
68.90985524000655,3.875841796875
68.90460970563228,3.87582265625
68.899364140467,3.87577265625
68.89411855066896,3.875743359375
68.88887297072401,3.875688671875
68.8836274308074,3.875644140625
68.87838189889641,3.87556328125
68.87313638730748,3.8755140625
68.86789084554337,3.87551015625
68.86264525944024,3.87548671875
68.8573996450094,3.87542109375
68.85215401641469,3.87539375
68.84690843154318,3.8752984375
68.84166288731582,3.875221484375
68.83641736895285,3.875187109375
68.8311718807651,3.875136328125
68.82592633961681,3.875153125
68.82068076459846,3.875058984375
68.81543517603201,3.875066796875
68.81018956283283,3.874998046875
68.80494401121561,3.874899609375
68.79969847807295,3.87486015625
68.79445294985692,3.874815625
68.78920741917757,3.87479296875
68.78396180597838,3.874795703125
68.77871618723677,3.874715625
68.77347056480025,3.874662109375
68.76822491588348,3.87462421875
68.76297934394422,3.874516796875
68.75773381203325,3.874483984375
68.75248830167595,3.874420703125
68.74724281718309,3.874362890625
68.74199728280882,3.87437890625
68.7367517065588,3.87433359375
68.7315061142975,3.874265234375
68.72626051649377,3.8742578125
68.72101495625509,3.87417734375
68.71576944220288,3.8741375
68.71052394416198,3.8740875
68.70527844488947,3.87406328125
68.7000329296056,3.87399609375
68.69478736136126,3.874005859375
68.68954177033156,3.873930078125
68.6842961700646,3.873887890625
68.67905058026652,3.873859765625
68.67380504712388,3.87373046875
68.66855953184005,3.873737890625
68.6633140251777,3.873694140625
68.65806847971866,3.873671875
68.65282287945166,3.87362734375
68.64757725701516,3.873575
68.64233162472554,3.87353359375
68.63708604847552,3.87342421875
68.63184050055321,3.873398046875
68.62659497233717,3.873334765625
68.62134947552792,3.8732875
68.6161039085152,3.873334765625
68.61085831071146,3.8732453125
68.6056127141394,3.8732234375
68.6003671126408,3.87317265625
68.59512157826651,3.873056640625
68.58987606421432,3.873033203125
68.58463056740506,3.872991796875
68.579385039189,3.873010546875
68.57413945678078,3.872941015625
68.56889385281885,3.872906640625
68.56364822791909,3.872874609375
68.55840265967471,3.8727328125
68.55315710559424,3.87269765625
68.54791157614653,3.8726859375
68.54266604916208,3.8726390625
68.53742047168045,3.872607421875
68.53217487018179,3.87259453125
68.52692925205605,3.872564453125
68.52168370167048,3.8724046875
68.5164381672962,3.87239609375
68.51119264770162,3.87233359375
68.50594705913521,3.872389453125
68.50070145024675,3.872307421875
68.49545583335261,3.872278125
68.49021027434551,3.872140625
68.48496473258143,3.87214296875
68.47971922099251,3.87204296875
68.47447364905322,3.87208203125
68.46922804385966,3.87201484375
68.46398242388643,3.872
68.45873685995282,3.87190859375
68.45349130587233,3.871844921875
68.4482457628766,3.87183828125
68.44300016999944,3.8718140625
68.4377545500262,3.871748046875
68.43250896515471,3.871621875
68.42726341723242,3.87166875
68.42201788778472,3.871563671875
68.41677230044995,3.87158125
68.41152670141459,3.871527734375
68.40628111654308,3.871441015625
68.40103555999931,3.87138828125
68.39579004163635,3.871346875
68.39054447092873,3.871364453125
68.38529887066174,3.871265625
68.3800533024174,3.871201953125
68.37480776126908,3.871156640625
68.36956223921125,3.871127734375
68.36431666419286,3.871079296875
68.3590710589993,3.87110078125
68.35382549999225,3.87094921875
68.34857996130727,3.8709390625
68.34333441092166,3.870940625
68.33808883467164,3.870881640625
68.33284325472671,3.870844921875
68.32759771850502,3.870744140625
68.32235221307428,3.870673046875
68.31710664359828,3.8706515625
68.31186105380021,3.870617578125
68.30661549971974,3.87048671875
68.30136996103471,3.870503125
68.296124418039,3.87052265625
68.29087883439912,3.870451171875
68.28563323536376,3.870426953125
68.28038768251491,3.870311328125
68.27514215429883,3.870234375
68.26989658051211,3.870235546875
68.26465098517166,3.87019921875
68.25940541015332,3.87013046875
68.25415985853608,3.87007734375
68.24891430568722,3.870087109375
68.24366873744289,3.86998984375
68.23842316119284,3.86998046875
68.23317764036662,3.8699125
68.22793214909974,3.869834375
68.22268661287806,3.869847265625
68.21744104771277,3.869829296875
68.21219550471706,3.869698046875
68.20694998142756,3.86970390625
68.20170444274252,3.86970390625
68.19645887634566,3.869615625
68.19121328408431,3.869632421875
68.18596772138234,3.8694890625
68.18072219193465,3.869471875
68.17547661445296,3.869465234375
68.17023101418599,3.869401171875
68.16498544470998,3.86932265625
68.15973991156737,3.86927421875
68.15449439074112,3.8693015625
68.14924881880187,3.8692578125
68.14400321237666,3.8692265625
68.13875765460125,3.869140234375
68.13351213254339,3.869076171875
68.12826657230467,3.869050390625
68.12302098743318,3.868996875
68.11777540133006,3.868994140625
68.11252984724953,3.86887109375
68.107284334429,3.868825390625
68.1020387926649,3.868817578125
68.09679321641485,3.868757421875
68.09154765371291,3.868691015625
68.0863021341183,3.868674609375
68.0810566440831,3.868610546875
68.07581110416645,3.868625
68.07056553776954,3.868543359375
68.06531995782461,3.868519921875
68.06007443084022,3.868434375
68.05482893033601,3.868364453125
68.04958340704653,3.868370703125
68.04433786035585,3.868289453125
68.03909227671602,3.868276171875
68.03384674234175,3.868172265625
68.02860123198445,3.868112890625
68.02335573394357,3.86806796875
68.01811017370487,3.86810078125
68.01286460546052,3.868055859375
68.00761901443083,3.868004296875
68.0023734782091,3.867905078125
67.99712795615126,3.867883984375
67.99188244948887,3.8678578125
67.98663690033491,3.867805078125
67.98139133886458,3.867745703125
67.97614576815695,3.867693359375
67.97090023870925,3.867603515625
67.96565473943673,3.867578125
67.96040919828845,3.867619140625
67.95516361834353,3.867525390625
67.94991802423473,3.867495703125
67.9446724855497,3.8673890625
67.93942697026587,3.86736328125
67.93418148577301,3.867286328125
67.92893595139876,3.867314453125
67.92369038869678,3.867237890625
67.91844479889872,3.8672234375
67.9131992743776,3.867091796875
67.90795377510507,3.867078125
67.9027082869173,3.867001171875
67.89746272791025,3.867019140625
67.89221714550204,3.86698203125
67.88697157356276,3.866898046875
67.88172605396817,3.866855078125
67.876480553464,3.866827734375
67.8712350240163,3.8667828125
67.86598946131431,3.86673515625
67.86074389060668,3.866719921875
67.85549836362227,3.86658125
67.85025285449663,3.8665453125
67.84500737246705,3.866533203125
67.83976183255042,3.86656015625
67.83451626984841,3.866497265625
67.82927071330465,3.86644375
67.82402519247843,3.866368359375
67.8187796932059,3.8663015625
67.81353415144181,3.86630859375
67.80828857149685,3.866246484375
67.80304296137676,3.866216015625
67.79779740729623,3.8660734375
67.79255188400674,3.8660515625
67.7873063871975,3.866003515625
67.78206084974413,3.866028515625
67.77681529812693,3.8659671875
67.77156974281479,3.865901171875
67.76632422691512,3.8658484375
67.76107871532619,3.8658
67.75583316863553,3.86584765625
67.75058757883747,3.865721875
67.74534197118066,3.86569609375
67.74009641710015,3.865596875
67.73485089504231,3.86557421875
67.72960539330649,3.865537109375
67.72435981951976,3.865569140625
67.7191142143262,3.865496875
67.71386861036427,3.86543203125
67.70862305874704,3.865315234375
67.70337754838978,3.865284375
67.69813203125847,3.865290625
67.69288644885026,3.865276171875
67.68764083565104,3.865204296875
67.68239526740669,3.86507421875
67.67714972625842,3.865041015625
67.67190420789545,3.865005859375
67.66665864149856,3.865033984375
67.66141305046887,3.864963671875
67.65616745759174,3.86491328125
67.65092191767508,3.86480078125
67.64567640362287,3.864765234375
67.64043090435035,3.86468828125
67.6351853391851,3.864744140625
67.62993974938702,3.864695703125
67.62469414788842,3.864639453125
67.6194486061243,3.86454375
67.6142030865297,3.864501953125
67.60895758479393,3.864454296875
67.60371202948178,3.864448828125
67.59846645446339,3.8644
67.59322088806648,3.86433671875
67.58797537093518,3.864309375
67.58272987043102,3.86421796875
67.57748433297766,3.864234375
67.57223876350169,3.8641328125
67.56699317863017,3.86411015625
67.56174763440278,3.864012109375
67.55650211480823,3.864001953125
67.55125662785208,3.863923828125
67.54601109717274,3.86395234375
67.54076553570239,3.8638890625
67.53551999578578,3.8638015625
67.53027448419685,3.8637671875
67.52502899724072,3.863705859375
67.51978344808677,3.86373671875
67.51453786691019,3.86362421875
67.50929227711215,3.86363671875
67.50404673719551,3.86355078125
67.49880121021108,3.863514453125
67.49355565859386,3.86349140625
67.48831008357547,3.8634140625
67.48306449747236,3.863388671875
67.4778189729512,3.8633171875
67.47257345766737,3.86326015625
67.46732793437785,3.863241796875
67.46208237044425,3.863175390625
67.4568367806462,3.86316484375
67.45159124627193,3.8630265625
67.44634573345135,3.86302265625
67.44110023171557,3.86294765625
67.43585467147686,3.86300234375
67.43060907613642,3.862940625
67.42536350111806,3.862841015625
67.42011795196412,3.8628265625
67.41487243791191,3.86275078125
67.40962686966756,3.862762109375
67.40438128602769,3.862709765625
67.39913572332573,3.862640234375
67.39389019018309,3.862601953125
67.38864468844727,3.8625390625
67.38339912143459,3.86256015625
67.37815352239922,3.8625140625
67.37290793260117,3.86244453125
67.36766238467887,3.862360546875
67.36241684476224,3.862356640625
67.35717127405461,3.862315625
67.35192567994581,3.862227734375
67.34668006859403,3.862223046875
67.34143450835535,3.862096484375
67.33618896289632,3.862063671875
67.33094344453339,3.8620265625
67.32569786705172,3.861988671875
67.32045228464351,3.861963671875
67.31520671393586,3.86190078125
67.30996118079327,3.86186796875
67.30471566674106,3.861820703125
67.29947013051931,3.861808203125
67.29422455981168,3.861767578125
67.28897896323961,3.86172109375
67.28373341162238,3.861587109375
67.27848788586958,3.861554296875
67.27324238906036,3.86153515625
67.2679968152736,3.861560546875
67.26275121623826,3.861478515625
67.25750563259842,3.861391015625
67.25226009145014,3.861348046875
67.24701457185556,3.861296484375
67.24176898698406,3.861317578125
67.2365233842538,3.861230078125
67.23127778645006,3.861195703125
67.22603223236958,3.861108203125
67.22078670784842,3.8610796875
67.21554115130466,3.86106015625
67.21029556889644,3.86101875
67.20504998033002,3.860938671875
67.19980444718739,3.860906640625
67.19455894052504,3.860820703125
67.1893133913711,3.860858203125
67.18406780157305,3.86079140625
67.17882220253767,3.86074375
67.17357664722554,3.86065703125
67.1683311288626,3.86060625
67.16308557108718,3.860623828125
67.15784000037955,3.860558203125
67.15259444260413,3.860465625
67.1473489119248,3.86045234375
67.14210340033587,3.860372265625
67.13685782654912,3.860381640625
67.1316122275138,3.86035078125
67.1263666685067,3.860228515625
67.12112114644887,3.860203515625
67.11587560098982,3.86023828125
67.11063003274548,3.86018984375
67.10538447743333,3.8600453125
67.10013895907038,3.86002265625
67.09489346965098,3.859955859375
67.0896479285027,3.859962109375
67.08440236025837,3.85992109375
67.07915683450558,3.8598
67.07391133954377,3.85978359375
67.06866581379099,3.859813671875
67.06342026833198,3.859724609375
67.05817473765262,3.859614453125
67.05292922729537,3.8596328125
67.04768371570644,3.85958046875
67.04243814869372,3.859539453125
67.03719255766403,3.859505078125
67.03194703191124,3.859383984375
67.02670152032232,3.8593734375
67.02145598040566,3.8593921875
67.01621042509352,3.859307421875
67.01096488887181,3.859205859375
67.00571938097781,3.85917421875
67.00047387924198,3.85912421875
66.99522832885641,3.859100390625
66.9899827581488,3.85908046875
66.98473721946377,3.858995703125
66.97949169986921,3.858935546875
66.97424613470392,3.8589640625
66.96900056522796,3.858896875
66.96375502654293,3.85876953125
66.9585095272704,3.8587515625
66.95326400028598,3.85881171875
66.9480184400473,3.858720703125
66.94277289335665,3.8586625
66.93752737006714,3.858578515625
66.93228185724655,3.858510546875
66.92703629208133,3.858508203125
66.92179070720982,3.858475390625
66.91654517406718,3.858390234375
66.91129967725793,3.858338671875
66.90605413179894,3.858338671875
66.90080855431727,3.858308203125
66.89556303225942,3.858228515625
66.89031753298688,3.858141796875
66.88507198383294,3.858144140625
66.87982641989932,3.858114453125
66.87458088922,3.85806484375
66.86933538009431,3.85798984375
66.86408983463532,3.857983203125
66.8588442639277,3.857918359375
66.85359873078505,3.85784765625
66.8483532278176,3.857813671875
66.84310767620038,3.857808984375
66.83786209625545,3.8577671875
66.8326165507964,3.857653125
66.82737104536572,3.8576015625
66.82212549867506,3.8576375
66.81687992673577,3.8575890625
66.81163435849143,3.857500390625
66.80638881734312,3.857450390625
66.80114325033041,3.857474609375
66.79589766053236,3.85737578125
66.79065210275694,3.85730078125
66.78540658069906,3.8572765625
66.78016105617793,3.85727109375
66.77491549470761,3.857227734375
66.76966993816383,3.857115625
66.76442441241105,3.857105078125
66.75917888665826,3.8570875
66.75393330794496,3.857036328125
66.7486877156836,3.856990625
66.74344217391952,3.8569046875
66.73819666479389,3.85682421875
66.73295109839698,3.856859765625
66.7277055110622,3.856842578125
66.72245996991391,3.85670546875
66.71721444785608,3.856651171875
66.7119688826908,3.8566578125
66.70672330520915,3.856580859375
66.70147776406084,3.856487109375
66.69623224692958,3.856454296875
66.69098669161744,3.856459765625
66.68574113014711,3.85640390625
66.68049558899884,3.856304296875
66.67525007063585,3.85626875
66.67000452271357,3.856294921875
66.66475894153699,3.856230078125
66.65951338129828,3.856159375
66.65426785308225,3.856093359375
66.64902232609779,3.856117578125
66.64377675539018,3.85605703125
66.6385311926882,3.855998828125
66.63328566200884,3.85591640625
66.62804015288322,3.85591640625
66.62279460126598,3.85586640625
66.6175490348691,3.855803515625
66.6123035269751,3.855771484375
66.60705803201328,3.855686328125
66.60181249209667,3.855680859375
66.59656691830989,3.855688671875
66.59132138393568,3.855580859375
66.58607587973657,3.85549921875
66.58083032196114,3.8554765625
66.57558475002189,3.855479296875
66.57033921934253,3.855391015625
66.56509369358974,3.855350390625
66.55984814813074,3.855324609375
66.55460258912369,3.85526640625
66.54935706952911,3.855186328125
66.5441115523978,3.85515625
66.53886598723254,3.85511328125
66.53362042021983,3.855057421875
66.52837488707718,3.855026953125
66.5231293551662,3.85501875
66.51788378322695,3.8549203125
66.51263822175662,3.854859375
66.50739269477216,3.85479921875
66.50214715608718,3.85482265625
66.49690159708013,3.8548015625
66.49165606516914,3.85470546875
66.4864105498853,3.85462578125
66.4811650179743,3.854683984375
66.47591946266218,3.854568359375
66.47067395846308,3.85449375
66.46542847027531,3.85446171875
66.46018293159031,3.8544421875
66.4549373608827,3.854424609375
66.44969183759316,3.854341015625
66.44444633955227,3.85425703125
66.4392007891667,3.85425078125
66.43395524370767,3.85417265625
66.42870973335042,3.854107421875
66.42346421375582,3.854151171875
66.41821864982221,3.85408984375
66.4129731179112,3.8539875
66.40772762418106,3.853944921875
66.40248209965995,3.85393359375
66.39723656097492,3.853875
66.39199107278715,3.853818359375
66.38674558028865,3.853791796875
66.381500033598,3.8537796875
66.3762545103085,3.853648828125
66.37100900487776,3.853631640625
66.3657634606504,3.85363515625
66.36051787824215,3.853608984375
66.35527232785658,3.8534890625
66.35002681380438,3.853414453125
66.34478125479733,3.8534234375
66.33953570810667,3.8533625
66.33429020513923,3.853290234375
66.32904468800791,3.853304296875
66.32379914685963,3.853222265625
66.3185536284967,3.85313671875
66.31330814030893,3.853101171875
66.30806261086121,3.85308203125
66.30281704446433,3.8530859375
66.2975715082426,3.852973828125
66.29232599665367,3.852944921875
66.28708043764662,3.852948046875
66.28183488726106,3.85283828125
66.27658936397155,3.852766796875
66.2713438172809,3.852837109375
66.26609825026817,3.8527328125
66.2608527060408,3.8526234375
66.25560720553659,3.852606640625
66.25036168101548,3.852578515625
66.24511612447172,3.852569921875
66.2398706073404,3.852487890625
66.2346251092995,3.852437109375
66.2293795515241,3.852392578125
66.22413397034751,3.852397265625
66.21888842735177,3.852323828125
66.21364290159897,3.852280078125
66.20839733520208,3.852265234375
66.2031517688052,3.852155859375
66.19790623689423,3.85213515625
66.19266069574596,3.85213828125
66.18741513181232,3.852066796875
66.18216959743806,3.851921484375
66.17692410801862,3.85192265625
66.17167858842407,3.851921484375
66.16643303064865,3.8518734375
66.16118749627438,3.851785546875
66.15594198714874,3.851715625
66.1506964379948,3.8517265625
66.14545086605551,3.8516796875
66.1402053366078,3.851591015625
66.13495978252732,3.851604296875
66.12971420504564,3.85158671875
66.12446864727023,3.851455859375
66.11922312274909,3.85139140625
66.11397756251039,3.851401953125
66.10873196963325,3.8513875
66.10348641308946,3.85127578125
66.09824087317284,3.851243359375
66.0929952969228,3.85122578125
66.08774974407395,3.85112109375
66.0825042287901,3.851119140625
66.07725867717288,3.85109296875
66.07201308983814,3.85102578125
66.06676753945251,3.85100234375
66.06152200877321,3.850915234375
66.05627644176049,3.850903125
66.05103088398506,3.8507953125
66.04578534961078,3.850759375
66.04053977767154,3.850741796875
66.03529417124632,3.850723046875
66.0300486042336,3.85061796875
66.02480305015312,3.850633203125
66.01955746404997,3.850553125
66.01431189888471,3.85046953125
66.00906635712063,3.85041015625
66.00382079195535,3.850473828125
65.99857524772797,3.850340234375
65.99332972936503,3.85028203125
65.98808415434665,3.85028046875
65.98283860396108,3.850169140625
65.97759307943993,3.850169921875
65.97234752166453,3.850126171875
65.96710197251059,3.850041796875
65.96185645168437,3.85001328125
65.95661089883548,3.8500109375
65.95136536692449,3.84988203125
65.94611987442602,3.8498796875
65.94087433450936,3.8498234375
65.93562881614642,3.849737109375
65.93038333165356,3.84973671875
65.92513777880473,3.849734765625
65.919892242583,3.8496703125
65.91464671683023,3.84959921875
65.90940115535989,3.84958125
65.90415561790653,3.849544140625
65.89891007367913,3.849522265625
65.89366449003927,3.849499609375
65.88841894458024,3.849399609375
65.88317339296304,3.849380859375
65.87792783272434,3.849303125
65.87268232113541,3.849255859375
65.86743678121876,3.84925234375
65.86219124930777,3.849126953125
65.85694573217651,3.849083984375
65.85170016947451,3.84908046875
65.84645462401548,3.849035546875
65.8412090822514,3.849014453125
65.83596351277538,3.848962890625
65.83071798948588,3.848871875
65.82547245757489,3.848883984375
65.82022690226276,3.848819140625
65.81498138513145,3.8487296875
65.80973584767811,3.848719140625
65.80449028743939,3.84864921875
65.79924476661319,3.8486171875
65.79399922115415,3.8485796875
65.78875367076859,3.848475
65.78350815363729,3.84845859375
65.7782625995568,3.848434375
65.77301706087178,3.848357421875
65.76777156283089,3.848300390625
65.76252602106682,3.84830234375
65.75728050147221,3.848178125
65.7520349935782,3.84821328125
65.74678944935083,3.848162890625
65.741543934067,3.84810546875
65.7362984144724,3.84809296875
65.7310528542337,3.848044921875
65.72580734633966,3.847967578125
65.72056182920838,3.847965625
65.71531629852905,3.847869921875
65.71007080603053,3.8478328125
65.70482528520431,3.847783203125
65.69957976684138,3.847719140625
65.69433427311124,3.847652734375
65.68908873688952,3.847684765625
65.68384322283731,3.84756953125
65.67859770693764,3.847603125
65.67335215408878,3.847540234375
65.66810663572585,3.8474625
65.66286110750977,3.8474890625
65.6576155688248,3.847393359375
65.65237006462569,3.847341796875
65.64712451670339,3.847321484375
65.64187898048165,3.8472203125
65.6366334701244,3.847166015625
65.63138790988567,3.84716875
65.62614237243231,3.84709375
65.62089683066823,3.847071484375
65.61565124949165,3.84706640625
65.6104057040326,3.84694453125
65.60516013024588,3.84692890625
65.59991457862868,3.846798828125
65.59466904918095,3.84679609375
65.58942348278408,3.846787890625
65.58417793978833,3.84672890625
65.5789323943293,3.84670625
65.57368684394373,3.846657421875
65.56844132865989,3.846566796875
65.56319576965284,3.84658828125
65.55795024020514,3.846472265625
65.5527047169156,3.8465234375
65.54745915914022,3.846446484375
65.54221363461905,3.846384375
65.53696807438037,3.84633671875
65.5317225092151,3.84626484375
65.52647694774475,3.84629453125
65.5212313333139,3.846226171875
65.51598575460062,3.846125
65.51074016357093,3.846112890625
65.50549457069376,3.845996484375
65.50024899690703,3.845986328125
65.49500339294511,3.8459875
65.48975782901152,3.845911328125
65.48451225399312,3.845870703125
65.47926667774311,3.845767578125
65.47402113659484,3.84573359375
65.46877555172334,3.8457328125
65.46352998471062,3.845675390625
65.45828439368094,3.845662890625
65.45303880080378,3.845561328125
65.44779324179673,3.84549609375
65.44254764276135,3.8454984375
65.43730206035315,3.845435546875
65.43205647917657,3.8453953125
65.42681090046327,3.845287890625
65.42156537594215,3.84523046875
65.41631980954524,3.8452421875
65.41107426839696,3.845167578125
65.40582871801136,3.8451375
65.40058315900431,3.8450671875
65.39533763078823,3.84503828125
65.39009206254389,3.845057421875
65.38484653309618,3.844948828125
65.37960098271061,3.844934375
65.37435543232502,3.844838671875
65.36910988563436,3.844848046875
65.36386429460467,3.844836328125
65.35861871712302,3.84473671875
65.35337311808766,3.844730078125
65.34812753198452,3.84465546875
65.34288194464978,3.844640234375
65.33763633329802,3.844612890625
65.3323907792175,3.84450078125
65.3271452097415,3.84448046875
65.32189965812431,3.84440859375
65.31665410897037,3.844394921875
65.31140855488985,3.844278125
65.30616303960602,3.844248828125
65.30091747444077,3.844257421875
65.29567192282354,3.84417578125
65.29042636012154,3.844170703125
65.28518079988287,3.844018359375
65.2799352556555,3.8440421875
65.27468967078399,3.844024609375
65.26944412532497,3.84393828125
65.26419855708062,3.843915625
65.2589529968419,3.843849609375
65.25370744152977,3.8438609375
65.24846185912155,3.84382265625
65.24321632289983,3.84373203125
65.23797076266113,3.843711328125
65.23272521597048,3.8436046875
65.22747965573177,3.843638671875
65.22223407578684,3.843515234375
65.21698852540128,3.84347578125
65.21174292759756,3.843519140625
65.20649735257915,3.843404296875
65.2012517498489,3.84339375
65.19600615758758,3.843300390625
65.19076057887428,3.843318359375
65.18551497983891,3.84324765625
65.18026943314825,3.84315546875
65.17502385443495,3.843187109375
65.1697783145183,3.8430859375
65.16453275058468,3.843049609375
65.1592871965042,3.84296171875
65.15404164119207,3.842984765625
65.14879606494203,3.842865625
65.14355051825139,3.842851953125
65.13830492291093,3.84283359375
65.13305935343493,3.842744921875
65.12781376733182,3.84274453125
65.1225682070931,3.84266640625
65.11732263207476,3.8426765625
65.11207705089818,3.842553125
65.10683150051261,3.84254453125
65.1015859094829,3.842519140625
65.09634035663402,3.84244140625
65.09109479762697,3.842390625
65.08584923985154,3.842310546875
65.08060367961286,3.84234375
65.07535809104647,3.842296875
65.07011254189253,3.8421703125
65.06486697241651,3.842196875
65.05962142203094,3.842087890625
65.054375872877,3.84210390625
65.04913032741796,3.84198515625
65.04388482814544,3.8419390625
65.03863928268643,3.842010546875
65.03339373969068,3.841894140625
65.02814818191526,3.84189296875
65.0229026068969,3.841809375
65.01765707067517,3.84174609375
65.0124114987359,3.841733203125
65.00716594219212,3.84163125
65.00192038687997,3.84166796875
64.99667482540963,3.84156484375
64.99142929965684,3.84150625
64.98618373572322,3.841475390625
64.98093818164274,3.841378125
64.97569264172608,3.841365234375
64.9704470630128,3.841340625
64.96520149907917,3.841274609375
64.95995592529245,3.841251953125
64.95471035027404,3.841150390625
64.94946481713144,3.841113671875
64.94421925566111,3.841104296875
64.93897371389701,3.84101328125
64.93372819060752,3.84100546875
64.92848261866823,3.8409671875
64.92323707197757,3.84088359375
64.91799151420214,3.84090234375
64.91274594472614,3.840821875
64.90750040850443,3.840784375
64.90225484333918,3.840737890625
64.89700929172196,3.840626953125
64.89176376473755,3.840623828125
64.88651819649316,3.840602734375
64.88127266581384,3.840504296875
64.87602713513448,3.8405171875
64.87078157735908,3.840468359375
64.8655360670018,3.840401953125
64.86029052708514,3.840356640625
64.85504498162614,3.840252734375
64.8497994607999,3.840230078125
64.844553894403,3.8402265625
64.83930836372366,3.84013828125
64.83406283181267,3.840191015625
64.82881726911071,3.84010390625
64.82357174458954,3.840021484375
64.81832620344127,3.8399828125
64.81308066721957,3.839903515625
64.80783514393008,3.839873828125
64.80258958615465,3.839880078125
64.79734405178037,3.839796875
64.7920985235643,3.8397890625
64.78685299165332,3.839701953125
64.78160750592885,3.839658203125
64.77636197278623,3.83958828125
64.77111644580182,3.839540625
64.76587094160271,3.83950078125
64.76062538998548,3.8394953125
64.7553798580745,3.839436328125
64.75013432062117,3.83940390625
64.74488876284575,3.839331640625
64.73964324448278,3.839271875
64.7343976940972,3.839285546875
64.72915214371163,3.839164453125
64.72390661056899,3.8391421875
64.71866104109303,3.8391109375
64.71341551041367,3.83902109375
64.70816997296029,3.839023046875
64.70292440594758,3.838958203125
64.69767888019483,3.838909765625
64.6924333285776,3.838866796875
64.68718778311856,3.838745703125
64.68194225982906,3.838716796875
64.67669669281635,3.838733984375
64.67145116336864,3.838641796875
64.66620563268933,3.83866015625
64.66096007984044,3.83861796875
64.65571457194645,3.838514453125
64.6504690357247,3.838522265625
64.6452235050454,3.838420703125
64.63997798976152,3.83837734375
64.63473242274883,3.838370703125
64.62948687852142,3.838308203125
64.62424133552571,3.838297265625
64.61899576728133,3.838233203125
64.61375024399183,3.83814296875
64.60850468744806,3.838155859375
64.60325912474607,3.838007421875
64.5980135989933,3.838021484375
64.59276803382804,3.83802421875
64.58752247358936,3.8379
64.58227693059361,3.837907421875
64.57703134325882,3.837859765625
64.57178578425177,3.837812109375
64.56654022154979,3.8378328125
64.56129463790995,3.83773125
64.55604910969387,3.837630859375
64.55080356177159,3.83761328125
64.54555798305829,3.837606640625
64.54031243883088,3.83752421875
64.53506687612892,3.837469140625
64.5298212998789,3.837411328125
64.5245757667363,3.837353125
64.5193302138874,3.837349609375
64.51408465734364,3.837228125
64.50883913282252,3.837226953125
64.503593578742,3.837223828125
64.49834804683103,3.83710390625
64.49310255310087,3.837071484375
64.48785701010512,3.83703359375
64.4826114831207,3.836938671875
64.47736598815894,3.836923046875
64.47212045070556,3.83695078125
64.46687492495279,3.836846875
64.46162941705876,3.836788671875
64.45638386420991,3.83678984375
64.45113833476222,3.8367125
64.44589282686819,3.836657421875
64.44064727278771,3.836678515625
64.43540172856035,3.83658515625
64.43015620403918,3.83655234375
64.42491064749541,3.836535546875
64.41966512174263,3.8364640625
64.41441961508028,3.836471875
64.40917406838959,3.836387109375
64.40392854633174,3.836314453125
64.39868303597444,3.83625390625
64.39343748928378,3.83621328125
64.38819196229937,3.8361640625
64.38294645317373,3.8361625
64.3777009015565,3.8361171875
64.37245536040822,3.836035546875
64.36720985620912,3.835958203125
64.36196430828684,3.83598984375
64.35671877883914,3.835875390625
64.35147326478693,3.835865234375
64.34622770454821,3.83584765625
64.34098215908922,3.83571328125
64.3357366475003,3.835711328125
64.33049109465145,3.83570703125
64.32524553810765,3.835618359375
64.32000001235485,3.835565234375
64.31475444595797,3.835564453125
64.30950887648197,3.83546328125
64.30426334333936,3.835443359375
64.29901779418542,3.835416015625
64.29377223148343,3.835355859375
64.28852670203572,3.83529453125
64.28328117012474,3.83528984375
64.27803561973917,3.835249609375
64.27279011677173,3.8351609375
64.26754456884942,3.83515625
64.26229900737907,3.835087109375
64.25705348778452,3.835038671875
64.25180795033116,3.834994140625
64.24656241842017,3.83493125
64.24131689882559,3.83486015625
64.23607134597673,3.83488125
64.23082581776065,3.834791796875
64.22558030740339,3.834795703125
64.22033475948106,3.834742578125
64.2150892491238,3.83465703125
64.20984371844445,3.83463515625
64.20459817421708,3.834525
64.19935265339085,3.83449453125
64.19410708637812,3.8345171875
64.18886154461401,3.834475390625
64.18361599053353,3.83441015625
64.1783704290632,3.834312109375
64.17312490454204,3.83429375
64.16787934430336,3.834303125
64.1626337976127,3.834198828125
64.15738824969037,3.834213671875
64.15214269807319,3.83409296875
64.14689716185144,3.83405390625
64.1416515843698,3.834030078125
64.13640603275257,3.83396875
64.13116046450823,3.833981640625
64.12591488209998,3.833856640625
64.1206693304828,3.8338125
64.11542375053783,3.83386640625
64.11017821062121,3.833762890625
64.1049326503825,3.833717578125
64.09968707043757,3.83363046875
64.09444151512544,3.833621875
64.08919591485842,3.833632421875
64.08395034661409,3.833521484375
64.07870475681601,3.8334921875
64.07345917687108,3.8334125
64.06821361047417,3.83346015625
64.0629679917326,3.833423828125
64.05772239639217,3.8333421875
64.05247678072969,3.833288671875
64.04723120324802,3.833176953125
64.04198563254039,3.83319296875
64.03674005629037,3.833116796875
64.03149453176921,3.833056640625
64.02624895305591,3.83305625
64.02100340267035,3.832976171875
64.01575783873673,3.832925
64.0105122748031,3.832850390625
64.0052667256492,3.832857421875
64.00002113831441,3.8327859375
63.99477559039208,3.832736328125
63.989530016605364,3.832722265625
63.984284462524855,3.832645703125
63.97903889058559,3.832620703125
63.97379331064064,3.832559375
63.968547752865234,3.832526171875
63.963302165530465,3.832484375
63.95805661144994,3.832401171875
63.952811025346826,3.83241015625
63.94756547249797,3.83230078125
63.94231989255302,3.8323078125
63.9370743255403,3.832215234375
63.931828740668806,3.83219375
63.92658317550355,3.83210546875
63.92133759679025,3.832091015625
63.9160920340883,3.832021484375
63.910846445521855,3.832015234375
63.90560086065037,3.831910546875
63.90035527824216,3.8319359375
63.89510969460231,3.831794921875
63.889864119583926,3.83186171875
63.88461853717573,3.83173125
63.87937298555849,3.831751953125
63.87412742408816,3.831634375
63.86888188971389,3.8316296875
63.86363631592717,3.83159453125
63.85839076307831,3.831530859375
63.85314518067009,3.831515625
63.847899643216735,3.8314140625
63.842654066966716,3.83142421875
63.83740851534948,3.831316015625
63.832162921240695,3.83133515625
63.8269173646969,3.83128515625
63.82167177489887,3.83126875
63.81642621589179,3.83115
63.811180633483566,3.83113828125
63.80593508432967,3.831094140625
63.80068950931128,3.830998828125
63.795443968163,3.831049609375
63.790198410387575,3.830896484375
63.78495286862349,3.830942578125
63.77970731084805,3.830784765625
63.77446175307263,3.830840234375
63.76921619283392,3.830729296875
63.76397063629015,3.830736328125
63.75872507974639,3.830605859375
63.75347951273367,3.830619140625
63.74823394633676,3.83056875
63.74298837439748,3.83050703125
63.73774280923223,3.83047421875
63.73249724221951,3.83043125
63.727251696760504,3.830395703125
63.72200613652179,3.830359765625
63.71676058490458,3.830281640625
63.711515012965314,3.830251171875
63.706269458884805,3.8301890625
63.701023870318394,3.8301671875
63.695778302074004,3.830075390625
63.690532715970896,3.830063671875
63.68528715326893,3.83001796875
63.68004155300191,3.830013671875
63.67479597798338,3.829910546875
63.66955038387477,3.82987578125
63.66430483348906,3.829787890625
63.659059258470855,3.829796875
63.653813705622106,3.82972734375
63.64856813614599,3.829669140625
63.64332259438179,3.829626171875
63.638077024905684,3.829615234375
63.632831479446764,3.82952734375
63.62758590442854,3.8295328125
63.622340351579446,3.829437890625
63.61709477163481,3.829430078125
63.61184920462208,3.82937421875
63.606603614823875,3.829328125
63.601358036110575,3.829284765625
63.59611245493389,3.8292609375
63.59086687006247,3.829180859375
63.58562131351862,3.829198046875
63.58037574404288,3.829116015625
63.575130217058316,3.82902734375
63.56988464080842,3.829040625
63.56463910089158,3.828970703125
63.559393520946585,3.82894375
63.554147957012916,3.82884921875
63.54890237953133,3.828824609375
63.54365681313463,3.828733984375
63.5384112541274,3.828751171875
63.533165670487676,3.82866328125
63.52792012872348,3.828587890625
63.52267454262036,3.82858046875
63.517428995929734,3.828485546875
63.51218343322779,3.82849296875
63.506937880379034,3.828437890625
63.501692323835194,3.82843046875
63.49644672603149,3.82840234375
63.49120117810918,3.828311328125
63.48595559939587,3.82829921875
63.48071003546223,3.828219921875
63.47546447399196,3.8282359375
63.470218881730354,3.82814921875
63.4649733301133,3.828088671875
63.459727759405496,3.82806171875
63.45448220655674,3.827967578125
63.4492366549397,3.8279703125
63.44399107006827,3.827940625
63.438745527072385,3.8278484375
63.433499958827966,3.827827734375
63.42825437765127,3.827725
63.4230088186444,3.8277046875
63.41776322638316,3.82769921875
63.41251766244951,3.8275921875
63.4072721096004,3.8276265625
63.40202651857085,3.827593359375
63.39678095956398,3.8274953125
63.39153537099747,3.8274625
63.38628978735738,3.827337890625
63.38104423327694,3.827327734375
63.37579864963722,3.8273453125
63.37055309186168,3.827253515625
63.36530753408651,3.8272625
63.36006193258772,3.827215625
63.35481639143955,3.82712265625
63.349570824426834,3.827113671875
63.34432525618241,3.827015625
63.339079719960665,3.82696953125
63.33383415294796,3.82695
63.32858858901429,3.826866796875
63.3233430460184,3.826817578125
63.318097458683944,3.8268484375
63.312851878738954,3.826767578125
63.30760630926283,3.82673046875
63.302360701605934,3.82668359375
63.29711511796619,3.826604296875
63.29186952385724,3.82660390625
63.28662390388408,3.82656171875
63.28137832024435,3.82644921875
63.276132727367084,3.826470703125
63.27088710739391,3.826425
63.26564154469195,3.826308984375
63.26039596721036,3.826355078125
63.25515035955345,3.82629921875
63.24990479007732,3.82619921875
63.244659201511176,3.826176953125
63.239413606170515,3.826146484375
63.23416804593195,3.82603671875
63.228922461060534,3.826023828125
63.22367686448816,3.825968359375
63.21843131533451,3.825886328125
63.213185747090094,3.82589453125
63.207940168376794,3.82579140625
63.20269462845995,3.82576796875
63.19744906206327,3.825752734375
63.19220349012377,3.825665625
63.18695795698145,3.825612109375
63.181712381962875,3.825620703125
63.17646681926091,3.8255046875
63.17122127934445,3.825460546875
63.16597570986834,3.82550703125
63.16073015209279,3.825403125
63.155484614639356,3.825356640625
63.150239030999636,3.825365234375
63.144993461523526,3.82523984375
63.13974793330763,3.825211328125
63.134502354594325,3.82523046875
63.129256791892374,3.82511875
63.12401125012818,3.825066015625
63.11876566156166,3.8250734375
63.11352008962251,3.824985546875
63.108274550937374,3.824932421875
63.103028970992746,3.8249546875
63.097783403980024,3.824833203125
63.092537859752426,3.824807421875
63.087292264412135,3.8248140625
63.082046685698835,3.82470390625
63.07680113285008,3.8246953125
63.07155553627772,3.8246546875
63.06630996249122,3.824563671875
63.061064421342685,3.824537890625
63.05581883277653,3.824543359375
63.050573262068724,3.824398828125
63.04532772215226,3.8243515625
63.040082136049136,3.824376953125
63.03483656410963,3.8242890625
63.029591026656185,3.824271484375
63.024345446711564,3.824255078125
63.01909985937674,3.82417265625
63.01385430529629,3.824129296875
63.00860872288791,3.824111328125
63.003363138016475,3.824069921875
62.998117601794746,3.823967578125
62.99287204894599,3.823978125
62.98762646037949,3.823944140625
62.98238090506734,3.823856640625
62.97713536330314,3.823823828125
62.971889798137795,3.82379609375
62.966644255142256,3.823682421875
62.96139874478507,3.823684765625
62.95615317838802,3.823651171875
62.95090758735847,3.8236140625
62.94566203697276,3.823535546875
62.94041647796552,3.823547265625
62.9351708764671,3.823505078125
62.92992529652211,3.823358203125
62.92467974613638,3.8233546875
62.91943416126497,3.82336796875
62.91418855360805,3.8233390625
62.90894297735815,3.823178125
62.90369742943582,3.823195703125
62.89845185749668,3.8231796875
62.89320626338771,3.8231453125
62.887960691448576,3.823007421875
62.88271515707419,3.82294921875
62.8774696276266,3.822925
62.872224050145,3.822921875
62.86697843879337,3.8229078125
62.861732868085554,3.82280625
62.85648732016323,3.8227640625
62.851241758692964,3.822739453125
62.845996175052875,3.82269765625
62.84075057601785,3.82264296875
62.83550501947401,3.822559765625
62.83025948633133,3.8225078125
62.82501395565204,3.822469140625
62.81976838063348,3.822465234375
62.81452279329866,3.822392578125
62.80927721951215,3.8223265625
62.80403168760117,3.8222859375
62.798786158153206,3.8222875
62.793540589909156,3.822244921875
62.78829498964207,3.822177734375
62.78304936843722,3.822133984375
62.777803775559946,3.822064453125
62.7725582227112,3.82202578125
62.7673126932636,3.821997265625
62.76206716874244,3.821907421875
62.756821575865175,3.821914453125
62.75157596020278,3.821845703125
62.746330329144705,3.82181875
62.741084749199715,3.821703515625
62.73583918772945,3.82170703125
62.73059364904431,3.821625390625
62.72534811713333,3.821593359375
62.720102509476405,3.821630078125
62.71485687349192,3.82156015625
62.709611238739114,3.8214859375
62.70436561137613,3.82148046875
62.69912003389454,3.82136328125
62.69387445394955,3.821379296875
62.6886288875525,3.82131796875
62.68338332115581,3.821246875
62.678137691329425,3.821251953125
62.6728920393336,3.82120078125
62.66764637378947,3.82118125
62.6624006854602,3.8211234375
62.65715506548703,3.82100625
62.651909475689195,3.82097890625
62.64666389943891,3.820912109375
62.641418349053566,3.820893359375
62.63617279866786,3.8208125
62.63092719101094,3.8208328125
62.62568157411684,3.820762109375
62.620435955375385,3.820707421875
62.61519032431732,3.82066875
62.60994467108979,3.82065625
62.604699087450065,3.820532421875
62.59945353952774,3.8204671875
62.594207995300145,3.82046640625
62.58896247201069,3.820423046875
62.583716943794784,3.82037734375
62.578471430974204,3.820328125
62.57322590398965,3.820262109375
62.567980309881044,3.8202890625
62.56273467882297,3.820273046875
62.55748904407018,3.82016328125
62.55224340685399,3.820149609375
62.54699776286364,3.820097265625
62.541752140427086,3.820073046875
62.536506499516165,3.820000390625
62.53126084875167,3.819962109375
62.526015212767184,3.8199578125
62.5207696537603,3.8198515625
62.515524150792565,3.819746875
62.510278658294084,3.8197015625
62.505033157790116,3.819636328125
62.49978766529163,3.81964765625
62.49454217956691,3.81958671875
62.48929671539638,3.819544921875
62.48405125060981,3.819458984375
62.4788057876706,3.8194171875
62.473560325963085,3.819432421875
62.46831485748143,3.819377734375
62.46306940008467,3.819301953125
62.457823955004166,3.8192578125
62.45257851608215,3.819201171875
62.44733307777579,3.819140625
62.44208765424909,3.819115234375
62.436842233185764,3.81907421875
62.43159681520151,3.81899375
62.4263513929065,3.818932421875
62.42110596691639,3.818936328125
62.415860532305125,3.818916015625
62.41061509892519,3.818853515625
62.40536966431394,3.818810546875
62.40012422169683,3.818732421875
62.394878759989325,3.818719921875
62.38963325702158,3.818670703125
62.38438777006555,3.818619140625
62.37914230281558,3.818567578125
62.37389683556598,3.818516796875
62.36865135230468,3.81846484375
62.363405869043376,3.8183921875
62.358160384550374,3.818358203125
62.35291492838532,3.818362890625
62.3476694666778,3.818369140625
62.34242394831513,3.818308984375
62.337178367138435,3.818231640625
62.331932774877195,3.818232421875
62.326687169683325,3.8181515625
62.32144157064828,3.818085546875
62.316195974075924,3.818087890625
62.31095034301822,3.818015625
62.30570470087524,3.81796484375
62.30045912093024,3.817890625
62.29521358101376,3.81783125
62.28996806388243,3.8178359375
62.28472255352524,3.8177625
62.27947704932617,3.81766640625
62.2742315796128,3.81772421875
62.26898606001844,3.8176203125
62.26374051455915,3.81764140625
62.258494953088885,3.81752890625
62.25324937683898,3.81751484375
62.24800375871319,3.817492578125
62.24275814305078,3.817344140625
62.23751259143337,3.817376171875
62.232267063217485,3.8173203125
62.22702155901841,3.817248828125
62.221776060977476,3.8172125
62.216530580179565,3.81723125
62.21128504149442,3.81713984375
62.20603948864568,3.81710546875
62.20079391916957,3.817041796875
62.19554833799323,3.817035546875
62.19030273279936,3.816908984375
62.18505719965704,3.816885546875
62.17981167513587,3.816848046875
62.174566163546984,3.816762109375
62.1693206710485,3.8167796875
62.16407512989998,3.81674609375
62.15882956842971,3.81668671875
62.1535839786315,3.81663984375
62.148338358658336,3.8165671875
62.143092776250306,3.816528125
62.13784723879687,3.8164671875
62.13260172474458,3.816398046875
62.127356245178376,3.816409765625
62.122110704030206,3.81635703125
62.11686512285352,3.8163109375
62.11161952258642,3.816294140625
62.10637391369818,3.816218359375
62.10112837624474,3.8161515625
62.09588286465585,3.81609765625
62.09063736969398,3.816016796875
62.085391859336795,3.816058984375
62.080146308951065,3.81600390625
62.07490071668983,3.81593203125
62.06965509671667,3.81589765625
62.06440952600886,3.8158234375
62.0591640014877,3.815791015625
62.05391850098372,3.815684375
62.048673022648835,3.815748046875
62.043427489506165,3.815671484375
62.03818192310947,3.815625
62.03293632161069,3.815610546875
62.027690707179985,3.815490625
62.02244515309954,3.815457421875
62.017199611951014,3.815380859375
62.01195409482002,3.815337109375
62.00670857522529,3.81536640625
62.00146299774369,3.81532109375
61.996217398708296,3.815260546875
61.99097176641853,3.8152046875
61.98572612797063,3.815142578125
61.980480550489034,3.8150734375
61.9752349951769,3.81506015625
61.96998945218136,3.814979296875
61.964743945518904,3.81500234375
61.95949838281693,3.81494921875
61.95425280164025,3.814901171875
61.94900720014183,3.8148609375
61.94376158201603,3.814829296875
61.93851592263038,3.814699609375
61.933270331600475,3.814730078125
61.92802476520378,3.814662109375
61.92277920742825,3.81462890625
61.917533668743104,3.81455546875
61.91228815469118,3.81458359375
61.90704256612467,3.81449765625
61.90179696585759,3.81445234375
61.89655134711612,3.814424609375
61.891305727142964,3.814418359375
61.8860600960849,3.8142859375
61.8808144958178,3.814241796875
61.87556895466963,3.81420546875
61.870323439385665,3.81416171875
61.86507792656507,3.814094140625
61.859832410665426,3.814045703125
61.85458692986753,3.814026953125
61.849341428131844,3.81402109375
61.8440958629665,3.813939453125
61.83885027809508,3.813905859375
61.83360468029137,3.813858203125
61.8283590763292,3.813846484375
61.82311345758773,3.81374296875
61.81786782037154,3.813653125
61.81262225335882,3.813612890625
61.80737673376445,3.813571484375
61.80213122710199,3.813544921875
61.79688572536595,3.813482421875
61.79164023163612,3.813451171875
61.7863947803975,3.81344453125
61.78114926449785,3.81342265625
61.77590369625343,3.81334296875
61.77065811754014,3.81328671875
61.76541253759515,3.813256640625
61.76016694902863,3.813233984375
61.75492134506682,3.813089453125
61.74967579837619,3.813052734375
61.74443031511488,3.8130015625
61.73918484417019,3.812966015625
61.733939378151916,3.812917578125
61.72869391890781,3.812878515625
61.72344847875373,3.812892578125
61.71820297209163,3.812822265625
61.71295742416931,3.81276484375
61.70771185777225,3.812740625
61.70246628706481,3.81268984375
61.697220689260746,3.812647265625
61.691975100694584,3.812533203125
61.68672959403213,3.812490234375
61.6814841058444,3.8124703125
61.676238621351395,3.81243515625
61.67099313193197,3.812323046875
61.66574764990237,3.812415625
61.660502095821926,3.8123328125
61.655256518340316,3.812272265625
61.65001092854248,3.812245703125
61.64476530487423,3.812198046875
61.639519690443166,3.81209140625
61.63427415052669,3.812030078125
61.62902863339534,3.8120328125
61.62378313042798,3.8119171875
61.61853764100855,3.812000390625
61.613292085696415,3.811900390625
61.608046503288016,3.81185625
61.60280090302129,3.8118484375
61.59755527319493,3.811775
61.592309687091806,3.811694921875
61.58706413177967,3.811655859375
61.58181858878377,3.811578125
61.57657307288412,3.81159296875
61.57132751264556,3.81155078125
61.56608192777413,3.811469140625
61.560836329970435,3.811475390625
61.555590722313525,3.8113375
61.5503451633063,3.811351953125
61.545099632627,3.8112890625
61.53985410933755,3.811234375
61.534608642087576,3.8112625
61.529363107713195,3.811155859375
61.52411754870633,3.811140625
61.518871958908115,3.811122265625
61.513626366031204,3.81102578125
61.50838082857777,3.810979296875
61.503135321915316,3.810936328125
61.49788984973892,3.810914453125
61.49264432644945,3.81085703125
61.487398784685254,3.810812890625
61.48215320720365,3.81079921875
61.476907648196786,3.81068828125
61.47166212121222,3.810625390625
61.466416610855035,3.81058828125
61.46117109495539,3.810597265625
61.455925523015885,3.8105609375
61.450679930138975,3.810536328125
61.44543433233491,3.810412109375
61.44018877702313,3.810372265625
61.434943243880454,3.8103171875
61.42969772859648,3.81032109375
61.42445215480961,3.81029140625
61.419206545921355,3.810279296875
61.413960924716505,3.81013046875
61.40871535400869,3.81009296875
61.40346981963468,3.8100328125
61.39822426185915,3.810069921875
61.39297867452432,3.809962890625
61.38773305578287,3.809969921875
61.38248748938582,3.80988203125
61.37724196116993,3.8098046875
61.3719964717505,3.809814453125
61.36675093983951,3.809730859375
61.36150537344246,3.809728515625
61.35625982675184,3.8096515625
61.35101431516294,3.809584765625
61.34576882943825,3.809615234375
61.34052328521102,3.809534765625
61.33527770649773,3.809505078125
61.330032149953894,3.809416015625
61.324786613732144,3.809367578125
61.3195410978325,3.809366015625
61.31429553143582,3.809266015625
61.3090499404059,3.80923671875
61.30380437893563,3.80915625
61.29855885564617,3.809090234375
61.293313341593894,3.809109375
61.28806779490327,3.809092578125
61.28282220387372,3.80898828125
61.27757665964613,3.8089546875
61.27233115175233,3.80889296875
61.26708561860966,3.80883828125
61.261840052212605,3.808871875
61.25659446734119,3.80875
61.25134892311396,3.808702734375
61.24610342507301,3.808737109375
61.24085788761957,3.80868203125
61.235612313832696,3.80863125
61.23036676344735,3.8085015625
61.2251212475477,3.808478515625
61.21987573041636,3.808501171875
61.21463017264082,3.8084515625
61.20938457853221,3.808361328125
61.20413903984707,3.808309765625
61.19889353441631,3.80833984375
61.1936479852623,3.80825234375
61.188402400390885,3.80819296875
61.18315684138401,3.808103515625
61.17791130824133,3.808045703125
61.17266576647713,3.80806796875
61.16742019576932,3.808029296875
61.16217462506187,3.80790625
61.156929101772405,3.80788125
61.151683586488424,3.80788046875
61.14643802132307,3.807802734375
61.141192430293536,3.807741796875
61.135946887297635,3.807709765625
61.130701385561956,3.8077265625
61.12545584934021,3.807647265625
61.12021029156468,3.80758828125
61.11496477628107,3.807475390625
61.10971927824013,3.807459765625
61.10447377034597,3.8074515625
61.099228237203654,3.80738984375
61.09398269543945,3.80730234375
61.08873718754529,3.807290234375
61.083491705515684,3.807296875
61.07824617114167,3.80720078125
61.07300060474462,3.80712421875
61.06775509315573,3.807103515625
61.062509604968,3.8070765625
61.05726408291024,3.807027734375
61.052018522671304,3.807001171875
61.046772982754824,3.806925390625
61.041527458233666,3.806840625
61.03628193001741,3.806864453125
61.03103636485242,3.8068765625
61.02579079537631,3.8067265625
61.020545270855145,3.806721484375
61.015299766656085,3.806721875
61.010054211343935,3.806606640625
61.00480862277742,3.80655078125
60.99956308286095,3.806562109375
60.99431757373509,3.80650390625
60.98907202334974,3.8064453125
60.98382644340475,3.8064328125
60.978580897945825,3.806324609375
60.97333538881997,3.8062609375
60.96808988092618,3.806298828125
60.96284432438234,3.806212890625
60.95759874813243,3.806108203125
60.95235322361127,3.80606953125
60.94710771325372,3.80609140625
60.94186216163667,3.806046875
60.93661657430185,3.805955078125
60.93137102637953,3.805936328125
60.92612550185837,3.80587421875
60.92087995886284,3.80589609375
60.91563438815503,3.80587109375
60.91038883284289,3.805741015625
60.90514331694323,3.805644140625
60.899897802890955,3.80567578125
60.89465225373695,3.805615234375
60.889406670097216,3.805558984375
60.88416112586999,3.80551171875
60.878915614280736,3.805497265625
60.87367007251691,3.80541796875
60.86842449626664,3.805424609375
60.863178948344675,3.80531484375
60.85793343429239,3.805260546875
60.85268793378806,3.80526796875
60.84744240064538,3.8051984375
60.84219682870623,3.8051296875
60.83695130788016,3.805090234375
60.83170580491243,3.80501015625
60.826460305640154,3.80505703125
60.821214761412556,3.80498046875
60.815969179004526,3.804909375
60.810723653251664,3.8048296875
60.80547816198488,3.80478515625
60.80023268488169,3.80480390625
60.79498715297071,3.8047421875
60.78974156809929,3.804730078125
60.784496018945276,3.804659765625
60.77925049565581,3.8045640625
60.7740050160896,3.8045828125
60.76875947986785,3.804508984375
60.76351391285514,3.804496875
60.75826835015318,3.804369140625
60.753022843490726,3.804335546875
60.74777737131433,3.80428125
60.74253186834695,3.804285546875
60.73728631549821,3.8042265625
60.73204073185812,3.80416875
60.726795193173345,3.8041125
60.72154966988352,3.804064453125
60.71630418169579,3.80404296875
60.711058643011015,3.804021484375
60.705813085235484,3.803957421875
60.70056748250535,3.80391875
60.695321924729825,3.80389921875
60.69007640020866,3.80381875
60.684830894777896,3.80377734375
60.67958536533031,3.80377421875
60.67433979154343,3.803688671875
60.66909420174559,3.803684765625
60.6638486014785,3.80356484375
60.658603056019565,3.80351171875
60.65335751487103,3.803487890625
60.64811200081912,3.80347734375
60.64286644304359,3.80341796875
60.637620856940465,3.803343359375
60.63237525667338,3.8033625
60.62712964224267,3.803228515625
60.62188409432036,3.80319453125
60.61663857472562,3.80316171875
60.611393089001275,3.803083984375
60.606147574949,3.80311328125
60.600902028258375,3.80302265625
60.59565647294624,3.80300390625
60.590410893001234,3.80296484375
60.58516536971177,3.802841015625
60.57991987474989,3.802843359375
60.57467438348311,3.80277421875
60.56942891500143,3.802789453125
60.56418337754836,3.802760546875
60.55893781053564,3.80271015625
60.55369223305367,3.80263984375
60.548446627860166,3.8025875
60.54320106084744,3.802519921875
60.537955543716095,3.802476171875
60.532710040748725,3.80241953125
60.52746457473046,3.802352734375
60.52221908777442,3.802390234375
60.516973546626254,3.802323046875
60.51172798638733,3.802254296875
60.50648240274761,3.80223828125
60.50123678708521,3.802116796875
60.49599124408931,3.802096484375
60.49074572079984,3.802070703125
60.4855002227589,3.802019921875
60.48025473272381,3.801941796875
60.475009261778744,3.801975390625
60.469763744647764,3.801901953125
60.46451820349924,3.80186484375
60.459272632791794,3.80179375
60.45402704668867,3.801809375
60.44878142548381,3.80176171875
60.443535795657446,3.8016140625
60.43829024896682,3.8016234375
60.43304473737793,3.801537109375
60.42779924918984,3.801497265625
60.422553759770416,3.801419921875
60.41730828759402,3.801362890625
60.41206283881879,3.801402734375
60.40681733215633,3.80136640625
60.401571769454364,3.80127734375
60.39632619566786,3.801257421875
60.39108060340625,3.801209375
60.38583499020726,3.801194140625
60.38058934806464,3.801154296875
60.37534368375219,3.80105625
60.37009806254734,3.800995703125
60.364852506003494,3.800974609375
60.35960697286081,3.800896484375
60.35436146004024,3.800862109375
60.349115954609466,3.80081640625
60.343870436246796,3.800733203125
60.33862494621134,3.800698046875
60.33337948696722,3.800702734375
60.32813401479083,3.800702734375
60.32288846440511,3.800642578125
60.317642878302,3.80059140625
60.31239728419339,3.800551953125
60.30715168885272,3.800497265625
60.30190609659149,3.800442578125
60.296660511720056,3.800394921875
60.29141491268466,3.8004140625
60.2861692939432,3.800327734375
60.280923655495315,3.8002375
60.275678029363675,3.8001578125
60.27043245865622,3.800126953125
60.26518695199377,3.800079296875
60.259941474890944,3.8000390625
60.25469599901946,3.799973828125
60.24945054285441,3.7999578125
60.24420507560444,3.79986953125
60.238959592343136,3.79984296875
60.233714111545225,3.799778515625
60.22846864675865,3.799748828125
60.22322320414154,3.79974140625
60.2179777578297,3.799737109375
60.21273225363064,3.7996765625
60.20748669216,3.799624609375
60.20224110728859,3.79955859375
60.196995516259044,3.799506640625
60.191749918455336,3.79949609375
60.18650432065164,3.799440234375
60.18125871545813,3.7993859375
60.17601312011747,3.799387109375
60.17076751985038,3.799341796875
60.165521893719095,3.79925078125
60.160276246034016,3.799172265625
60.15503061990274,3.799095703125
60.14978505720041,3.799079296875
60.1445395622389,3.79901796875
60.13929409252553,3.798992578125
60.13404863759219,3.79895703125
60.12880315925766,3.79888671875
60.1235576920077,3.798850390625
60.11831223707398,3.79879921875
60.11306678337232,3.798735546875
60.10782133090199,3.798664453125
60.102575867962784,3.7986078125
60.097330429656424,3.79855859375
60.09208501413556,3.798535546875
60.08683960785189,3.798540234375
60.08159419356236,3.79850703125
60.07634874355543,3.798466015625
60.07110322765578,3.7984234375
60.06585764894249,3.79837734375
60.06061205113878,3.79828359375
60.05536643978715,3.7982734375
60.050120835825325,3.79820078125
60.04487524356372,3.79817890625
60.03962966608212,3.798134375
60.03438409660601,3.798074609375
60.029138524666855,3.798035546875
60.02389294718527,3.797954296875
60.01864734691817,3.797906640625
60.01340172571332,3.79788046875
60.00815609096052,3.79782109375
60.00291045374433,3.797789453125
59.9976648116017,3.79774765625
59.992419170690425,3.797664453125
59.98717353963235,3.7976546875
59.98192790611125,3.797576953125
59.97668225965751,3.797554296875
59.971436611972436,3.797521875
59.96619097352455,3.797469921875
59.960945348624975,3.797424609375
59.955699755747695,3.7973796875
59.95045418196119,3.797345703125
59.94520861248507,3.797300390625
59.93996303623517,3.797258984375
59.93471745629017,3.797191015625
59.929471852328355,3.7971671875
59.9242262286601,3.797115234375
59.91898060006543,3.79707578125
59.91373495238036,3.79704375
59.90848932501701,3.796969140625
59.90324375985202,3.796975
59.89799823779389,3.796851171875
59.89275275453295,3.796772265625
59.88750727866147,3.796729296875
59.88226179540016,3.796710546875
59.87701629735922,3.7966859375
59.87177080239769,3.796644140625
59.8665253191364,3.79656484375
59.86127982786961,3.79653125
59.85603436061964,3.796479296875
59.85078889460137,3.796425
59.84554336145869,3.796468359375
59.84029777781896,3.796409765625
59.83505220156869,3.796336328125
59.82980663086125,3.79627265625
59.824561049684554,3.796239453125
59.81931548267183,3.796220703125
59.81406990272684,3.79615546875
59.80882432401354,3.79612578125
59.80357881858278,3.795978515625
59.79833333655353,3.79592421875
59.793087848365445,3.79595625
59.78784235894638,3.795876953125
59.7825968855383,3.79582890625
59.77735144723194,3.795740625
59.77210594426421,3.79574375
59.76686039634189,3.795754296875
59.76161483363992,3.79569140625
59.75636926847493,3.795640234375
59.751123694688054,3.795594140625
59.74587810858494,3.795529296875
59.740632579137355,3.795461328125
59.73538709218096,3.795384375
59.730141603993225,3.795393359375
59.724896128122104,3.795291796875
59.7196506842733,3.795269921875
59.71440518376896,3.795266796875
59.709159642005126,3.795270703125
59.703914073760714,3.79520859375
59.69866849751044,3.795176953125
59.69342290340184,3.795130078125
59.68817734439461,3.7950328125
59.68293182726326,3.794965625
59.67768631567437,3.794916015625
59.67244081024361,3.79487265625
59.667195335604184,3.7948046875
59.66194980861963,3.794836328125
59.6567042237482,3.794812890625
59.65145861978603,3.79471015625
59.64621302198232,3.7946828125
59.64096740385689,3.79463125
59.635721854702886,3.7945359375
59.630476320328505,3.794478515625
59.62523080073376,3.79446484375
59.61998530146148,3.794412890625
59.61473981019469,3.79434453125
59.60949425241916,3.79436953125
59.60424868294304,3.7943296875
59.59900310299805,3.794246875
59.593757501499624,3.79420859375
59.588511912933114,3.79417421875
59.583266360084366,3.79406875
59.5780208380266,3.794044140625
59.57277534675944,3.794016796875
59.567529847487165,3.793965625
59.56228427677935,3.79398046875
59.55703868944454,3.79388359375
59.551793094104234,3.79386484375
59.54654747289938,3.79379921875
59.54130192374536,3.793710546875
59.53605640846138,3.79366875
59.53081090426231,3.79363671875
59.52556541053213,3.793548046875
59.52031990879646,3.7935125
59.51507433500959,3.793532421875
59.509828745211735,3.793451953125
59.50458315233447,3.7934328125
59.49933752866622,3.793395703125
59.494091983207284,3.793262109375
59.48884646114953,3.793257421875
59.4836009717301,3.793221875
59.47835550324844,3.79313515625
59.47311000028106,3.79313359375
59.46786442834192,3.793119921875
59.46261883731201,3.7930640625
59.45737324997755,3.79301015625
59.4521276534052,3.7929765625
59.446882126420995,3.7928734375
59.44163661360042,3.79284765625
59.43639111186438,3.7928
59.43114563599327,3.792714453125
59.42590009299737,3.792751171875
59.42065451551577,3.79269375
59.41540891771208,3.7926296875
59.41016331128686,3.79260859375
59.40491769254539,3.792569140625
59.39967214585478,3.79244375
59.394426626260035,3.79245078125
59.38918113376154,3.792344140625
59.38393565789006,3.792320703125
59.37869012844248,3.79232734375
59.373444553423894,3.792307421875
59.36819896855249,3.7922328125
59.362953370748784,3.792187109375
59.35770777540847,3.792166796875
59.352462253350716,3.79200546875
59.34721674299316,3.792012109375
59.34197124125748,3.791944140625
59.336725778318275,3.79188125
59.33148025256541,3.791915625
59.32623468185797,3.791853125
59.32098909329145,3.79184921875
59.315743507188344,3.791749609375
59.31049792601165,3.7917578125
59.30525240888031,3.79163515625
59.300006907144635,3.79158984375
59.29476142881012,3.791575390625
59.28951595663372,3.7914796875
59.2842703963948,3.79156796875
59.279024809059976,3.79144375
59.27377922049383,3.791407421875
59.268533622690136,3.791383203125
59.26328807599914,3.7912734375
59.25804255763647,3.791225
59.2527970534374,3.791190234375
59.2475515689444,3.791122265625
59.24230608075667,3.791112109375
59.237060516823014,3.79110625
59.23181493441499,3.791005078125
59.22656936740227,3.7909796875
59.221323795462766,3.7909296875
59.216078294958784,3.790808984375
59.21083281046579,3.79079296875
59.20558733213127,3.7907578125
59.2003418648813,3.790662109375
59.19509632742786,3.790730859375
59.18985076226251,3.79065
59.184605186012604,3.79059765625
59.17935959313533,3.790589453125
59.17411407230926,3.790441796875
59.16886857180492,3.790428515625
59.1636230959338,3.7904015625
59.15837762006232,3.79030703125
59.15313207213999,3.790367578125
59.147886500200855,3.79028125
59.14264090917094,3.79021171875
59.137395325531216,3.79022265625
59.13214979854666,3.79006796875
59.12690428449474,3.79007421875
59.12165878029568,3.7900671875
59.11641328225473,3.789946484375
59.11116772078447,3.789965234375
59.10592213468099,3.789880859375
59.100676538108985,3.78983203125
59.09543093291547,3.78982578125
59.09018538868824,3.789721875
59.08493985800896,3.78970078125
59.07969434641971,3.789646484375
59.07444885700064,3.7896046875
59.06920329676172,3.789621484375
59.06395771804841,3.789571484375
59.05871212517151,3.789555859375
59.05346650827704,3.78945390625
59.04822094927018,3.78934296875
59.04297540812201,3.789329296875
59.037729877442366,3.78926640625
59.0324843732433,3.789235546875
59.027238803767546,3.789233984375
59.02199320473215,3.789164453125
59.01674759707524,3.78916875
59.01150197094396,3.78909921875
59.006256420558245,3.78898984375
59.00101088741556,3.788960546875
58.99576537028422,3.788884375
58.990519879017434,3.788864453125
58.985274318778856,3.7888421875
58.98002871851177,3.788783984375
58.97478309977031,3.7887625
58.969537456395635,3.7887140625
58.964291884456486,3.78858359375
58.95904634700304,3.78853671875
58.953800824945276,3.788514453125
58.948555333678485,3.788480859375
58.943309783292776,3.7884921875
58.93806419472626,3.78841953125
58.93281860246502,3.788403125
58.92757297510204,3.788355859375
58.922327400083475,3.788224609375
58.91708184723473,3.78820078125
58.911836309781286,3.788153125
58.9065907969607,3.788084375
58.901345226253255,3.788128125
58.89609962968125,3.788068359375
58.89085403434059,3.788013671875
58.885608422988945,3.787952734375
58.880362892309655,3.787823046875
58.87511738072077,3.787812890625
58.86987189622778,3.787790625
58.86462640126589,3.787730078125
58.8593808361009,3.787741015625
58.8541352573876,3.787658984375
58.84888964849899,3.787650390625
58.84364409072346,3.78754375
58.838398586524384,3.78748828125
58.83315309956835,3.787440234375
58.827907627391966,3.787405078125
58.82266208439607,3.78743046875
58.81741650691447,3.787386328125
58.812170909110776,3.7873046875
58.80692533717162,3.78723515625
58.801679804028936,3.7871859375
58.796434285665896,3.787130859375
58.791188777772106,3.7870765625
58.78594320706429,3.787133984375
58.78069761972948,3.787037109375
58.77545201946276,3.787009765625
58.77020644567589,3.786913671875
58.76496091253319,3.786880859375
58.75971539293883,3.78682265625
58.754469887508066,3.78675234375
58.749224318031956,3.786809765625
58.743978725154676,3.786716015625
58.738733103949826,3.786698046875
58.73348752893162,3.78655546875
58.728241992709876,3.78652421875
58.72299648112098,3.786501953125
58.7177509695321,3.78641171875
58.712505390818805,3.786461328125
58.707259796709835,3.786365625
58.70201417796837,3.78632265625
58.696768616498105,3.786240234375
58.69152307904467,3.786178515625
58.68627755944993,3.786162890625
58.68103203739216,3.786090625
58.67578644513092,3.786129296875
58.670540839937416,3.7860515625
58.665295211342375,3.78603984375
58.66004962647094,3.78593203125
58.654804067464084,3.785912890625
58.64955852877895,3.785875390625
58.64431299563626,3.78580859375
58.63906741322823,3.785778125
58.63382180002886,3.785755078125
58.62857616650776,3.785691015625
58.6233305902575,3.7855703125
58.618085042335174,3.78555
58.61283949933964,3.785525
58.607593947722236,3.785453515625
58.602348330828136,3.7854734375
58.59710269730704,3.785441015625
58.59185703915307,3.785375
58.58661145920808,3.785266015625
58.58136590512765,3.78526015625
58.576120375679686,3.78519765625
58.57087483268416,3.7851796875
58.565629257665584,3.785136328125
58.560383665404345,3.7850890625
58.55513806267423,3.785023046875
58.54989253445797,3.784949609375
58.54464700993681,3.784933203125
58.539401497116216,3.784853125
58.53415595412069,3.78481796875
58.528910361243426,3.7847765625
58.523664745581016,3.784746875
58.51841912191277,3.78472265625
58.51317356290554,3.78459609375
58.507928019910004,3.7846
58.50268248368826,3.784518359375
58.497436967788616,3.784475390625
58.49219138907532,3.784519140625
58.48694578880823,3.78440859375
58.48170015898185,3.78438515625
58.47645450821772,3.784366796875
58.47120892580933,3.78423515625
58.465963361876035,3.78423046875
58.460717824422595,3.78418984375
58.45547230729126,3.7841046875
58.450226717493045,3.784165625
58.44498109936724,3.7840875
58.439735462151056,3.784077734375
58.4344898064605,3.784016796875
58.42924419880359,3.783887890625
58.423998638565024,3.78382265625
58.418753097416484,3.783795703125
58.4135075790538,3.78373203125
58.40826208409193,3.783700390625
58.40301651892658,3.783700390625
58.397770921122884,3.78363359375
58.39252530977124,3.7835578125
58.387279696571866,3.7835421875
58.382034078446075,3.783518359375
58.376788532987156,3.78341875
58.37154301770317,3.78336640625
58.366297511041076,3.783325
58.361052005610304,3.783283984375
58.3558065426711,3.783212109375
58.35056101199182,3.78321328125
58.3453154258887,3.783213671875
58.34006983732218,3.783138671875
58.334824241981885,3.78310078125
58.32957862077702,3.783066796875
58.324333050069214,3.78295546875
58.31908753724863,3.7828734375
58.31384203058617,3.782865625
58.30859655594674,3.7828015625
58.303351093007535,3.782759765625
58.29810561836776,3.78271484375
58.29286007044543,3.782743359375
58.28761449050043,3.782675390625
58.28236890316562,3.78259296875
58.277123315830806,3.78258125
58.271877705710864,3.78253203125
58.266632138698135,3.782458203125
58.2613866178717,3.782350390625
58.256141097045635,3.782343359375
58.25089560701054,3.782307421875
58.24565013729719,3.78225859375
58.24040467127891,3.7821828125
58.235159124588286,3.782222265625
58.229913544643296,3.782144921875
58.224667950534695,3.782102734375
58.21942235396269,3.782075
58.21417674507408,3.782026171875
58.208931143575285,3.78203828125
58.20368562151752,3.781863671875
58.19844011978185,3.781856640625
58.19319462851505,3.78180234375
58.187949133553175,3.7817078125
58.18270365398697,3.781716015625
58.17745815902507,3.78162578125
58.172212602481245,3.781664453125
58.16696701514642,3.78163046875
58.161721413648,3.78152734375
58.156475809685816,3.781526171875
58.151230191560025,3.781462109375
58.14598455927062,3.781419921875
58.14073898856281,3.78131015625
58.135493470199776,3.78126875
58.130247959842585,3.78121328125
58.12500244948539,3.781212890625
58.1197569366648,3.781139453125
58.11451143616046,3.7811359375
58.10926594674141,3.781031640625
58.10402038403908,3.781062109375
58.098774783772356,3.78106015625
58.093529170572985,3.780971875
58.08828355737398,3.780921484375
58.08303795833859,3.78085546875
58.07779234821828,3.780821484375
58.07254670176491,3.78076328125
58.06730110888763,3.780739453125
58.06205558559816,3.780600390625
58.05681008386249,3.78056953125
58.05156458089512,3.7805515625
58.04631910625534,3.7805109375
58.041073609446094,3.7804671875
58.03582813111121,3.780416796875
58.030582611516834,3.78039609375
58.025337014944846,3.78038125
58.020091396203014,3.78034609375
58.01484577746155,3.7802578125
58.00960014886688,3.78018671875
58.00435452519863,3.78020625
57.999108890445825,3.780138671875
57.993863248302844,3.78012734375
57.98861767451634,3.77998203125
57.98337214506839,3.779927734375
57.9781266131574,3.779873046875
57.97288108124642,3.779840625
57.9676355684262,3.779821875
57.96239005252619,3.779769140625
57.95714455879637,3.77968828125
57.95189905090221,3.779641015625
57.94665347095721,3.7796625
57.94140785098406,3.779633984375
57.9361622297792,3.7795265625
57.93091661657983,3.7795234375
57.925670996606684,3.779475
57.92042538094429,3.77946875
57.91517974742282,3.779437890625
57.909934150850816,3.7793546875
57.904688623866626,3.7792
57.89944313383116,3.779158984375
57.894197643796076,3.77912109375
57.88895213467021,3.779083203125
57.88370662431303,3.779051171875
57.87846111395584,3.77901796875
57.873215608525065,3.778957421875
57.8679701425068,3.778904296875
57.862724680799296,3.77884921875
57.85747913410867,3.778889453125
57.852233526451755,3.778829296875
57.84698790771029,3.778787109375
57.84174228034732,3.7787078125
57.83649665175228,3.7786625
57.83125102438931,3.778603125
57.826005411190295,3.778549609375
57.82075978752205,3.778523828125
57.81551416878059,3.77853984375
57.81026861839488,3.778441796875
57.80502314006035,3.778330078125
57.7997776715787,3.778283203125
57.79453218954909,3.778263671875
57.789286699513994,3.778220703125
57.78404120947853,3.7781671875
57.778795718211754,3.77813203125
57.77355023618214,3.778062890625
57.76830475784762,3.7779890625
57.76305922347325,3.777987890625
57.75781362690125,3.777973046875
57.75256800569639,3.777918359375
57.747322395576084,3.7778328125
57.74207677683463,3.77778671875
57.736831179030936,3.7777734375
57.73158557506911,3.777691796875
57.72633995140085,3.77766328125
57.72109433820185,3.777658984375
57.715848801980115,3.777545703125
57.71060329901238,3.777486328125
57.70535779604501,3.77745859375
57.700112280761395,3.777421875
57.694866771635546,3.777391796875
57.68962125573589,3.77729140625
57.68437574661041,3.7773078125
57.679130273202304,3.777193359375
57.67388477269798,3.777153515625
57.66863921122771,3.777145703125
57.66339358879116,3.777144921875
57.65814795157497,3.777085546875
57.65290231805387,3.777053515625
57.64765669192222,3.77695625
57.64241107502812,3.776896875
57.637165459365725,3.776873046875
57.631919852940506,3.776859765625
57.62667423050396,3.77676640625
57.62142858158719,3.7767546875
57.61618293390212,3.776713671875
57.61093734102484,3.77666171875
57.60569181034555,3.776552734375
57.60044630491479,3.776504296875
57.59520079702099,3.77643515625
57.589955273731164,3.776431640625
57.58470974797867,3.7763734375
57.57946422222581,3.776334765625
57.574218705094474,3.7763203125
57.56897321136428,3.7762390625
57.56372773426147,3.776180078125
57.55848221097164,3.77609921875
57.5532366187104,3.77612890625
57.54799096979363,3.776111328125
57.54274531287137,3.77606171875
57.53749965471705,3.77599921875
57.53225400949537,3.775904296875
57.52700836427369,3.775869140625
57.521762734447314,3.7758265625
57.51651711570549,3.775822265625
57.51127148587912,3.77578203125
57.50602583819404,3.775735546875
57.50078019974616,3.77568515625
57.49553462472795,3.77559609375
57.49028910636491,3.775556640625
57.485043616945475,3.775480859375
57.47979811767284,3.77539375
57.4745526017732,3.77539453125
57.46930706986221,3.77535390625
57.46406152871404,3.7753234375
57.458815998034765,3.775276953125
57.453570456270555,3.775183984375
57.448324924359575,3.775203125
57.443079420160515,3.775103125
57.43783393689921,3.775082421875
57.432588409915006,3.77500234375
57.427342822580194,3.775016015625
57.42209719152213,3.774977734375
57.416851540757996,3.774962109375
57.411605880140634,3.77493203125
57.40636023799802,3.774846484375
57.40111460078183,3.7747859375
57.39586896356565,3.7747484375
57.39062332511775,3.774712109375
57.385377681743435,3.77467578125
57.38013204945367,3.77459609375
57.37488643933336,3.774566015625
57.36964081443377,3.77452109375
57.36439516551701,3.7744765625
57.35914949997323,3.774417578125
57.35390382888663,3.77439765625
57.34865819782894,3.77433671875
57.34341263389528,3.774275390625
57.33816711430053,3.77418359375
57.332921624265445,3.774151171875
57.327676148393955,3.7740671875
57.32243065466378,3.77401015625
57.317185149233005,3.77398671875
57.31193964626564,3.7739640625
57.30669413837185,3.77391875
57.3014486415626,3.77380390625
57.29620315029544,3.773812890625
57.29095767442433,3.7737296875
57.28571219239471,3.77371875
57.280466658020345,3.77361171875
57.27522105405852,3.7737
57.269975407605145,3.773639453125
57.264729766693854,3.773562109375
57.25948412947767,3.773524609375
57.25423850827281,3.773445703125
57.24899286736152,3.7734328125
57.24374724738836,3.773370703125
57.23850162618351,3.773322265625
57.23325598773562,3.773287890625
57.22801039916947,3.773271484375
57.222764880806444,3.773172265625
57.21751938953964,3.77311640625
57.212273884108875,3.773093359375
57.20702835835601,3.77299765625
57.20178286154678,3.7729734375
57.19653734441543,3.77293671875
57.191291840216365,3.772876171875
57.186046348949574,3.77279609375
57.18080082689181,3.772759375
57.17555523709359,3.77276171875
57.17030961465704,3.77273046875
57.16506398729406,3.772628515625
57.159818361162785,3.77263203125
57.15457273133641,3.7726
57.149327106436466,3.772517578125
57.14408146675688,3.772477734375
57.138835823382564,3.7724390625
57.1335902643757,3.7723515625
57.12834476017663,3.772277734375
57.12309926336738,3.772237890625
57.1178537505468,3.772216015625
57.112608238957904,3.772190234375
57.10736274214866,3.7721125
57.10211723918093,3.772048046875
57.0968717522249,3.772005859375
57.091626273890384,3.771952734375
57.0863807955555,3.771944921875
57.081135248864875,3.7718640625
57.07588963320248,3.771882421875
57.07064397874325,3.771894140625
57.06539833536895,3.77183359375
57.06015267721498,3.771754296875
57.054907029529915,3.771722265625
57.049661396008446,3.771631640625
57.04441576248735,3.771608203125
57.039170138819095,3.771560546875
57.03392452869879,3.771498046875
57.028678902567506,3.771433984375
57.02343326781472,3.7714125
57.018187612123796,3.7713796875
57.012941958896256,3.771321484375
57.007696380182956,3.77125703125
57.00245086982577,3.771185546875
56.99720539888108,3.7711609375
56.99195992670432,3.771056640625
56.98671444590641,3.771020703125
56.98146894417073,3.770991796875
56.97622342827109,3.770941796875
56.97097790621333,3.77092421875
56.965732387850274,3.77088984375
56.960486873798,3.770788671875
56.95524137698875,3.77070546875
56.94999587402138,3.77067734375
56.94475039691821,3.770668359375
56.93950493213163,3.770609765625
56.93425945749184,3.770575
56.92901395329278,3.77053828125
56.92376837581118,3.770470703125
56.918522730589494,3.77045625
56.913277073666876,3.770476953125
56.90803141551293,3.770355078125
56.90278575612727,3.770340625
56.89754010043635,3.77029140625
56.89229444351409,3.770269921875
56.887048803834496,3.770208984375
56.88180315183866,3.770155859375
56.87655751092775,3.77012578125
56.87131192359293,3.7700546875
56.86606637567061,3.76995
56.860820830211324,3.7699015625
56.855575295837305,3.76991328125
56.85032978547976,3.76984296875
56.84508427881766,3.76976015625
56.83983877954502,3.7697390625
56.83459326918783,3.769695703125
56.82934767138412,3.76970859375
56.824102030472844,3.769648828125
56.81885637231889,3.769605078125
56.81361071170154,3.76952421875
56.80836506955892,3.769484765625
56.803119397240984,3.76945625
56.79787379081578,3.769376171875
56.79262824535649,3.769288671875
56.78738270420832,3.769265234375
56.78213718215055,3.7692296875
56.776891665019214,3.76917578125
56.77164616082015,3.76911953125
56.76640059011233,3.76912890625
56.761155002777876,3.769056640625
56.75590941051628,3.76900625
56.75066381517597,3.768998828125
56.74541819705018,3.768927734375
56.74017261587348,3.768884765625
56.7349270888893,3.768744140625
56.72968156683116,3.76877109375
56.72443605647397,3.768659765625
56.71919056828624,3.768647265625
56.71394503391186,3.768659765625
56.70869944103495,3.7686046875
56.703453844462594,3.768512890625
56.698208238037736,3.768520703125
56.6929626119061,3.768417578125
56.68771703442449,3.7683921875
56.68247151482976,3.76825234375
56.67722600939935,3.768289453125
56.67198050396859,3.7682234375
56.666735024402016,3.7681453125
56.66148947524836,3.76822578125
56.65624390577224,3.768086328125
56.650998309200254,3.768077734375
56.64575269476918,3.768053125
56.640507146846865,3.7678953125
56.63526162232569,3.767890234375
56.63001612736418,3.767879296875
56.62477061454359,3.767825
56.619525033366905,3.767787109375
56.61427941524111,3.767763671875
56.60903379157286,3.76771953125
56.603788230102595,3.76760546875
56.598542692649154,3.767571484375
56.59329718229197,3.767544140625
56.58805160481036,3.767496875
56.58280599715345,3.767482421875
56.577560388265205,3.76745859375
56.57231482925798,3.767344140625
56.56706929611529,3.76731796875
56.561823749424676,3.767301171875
56.556578165784956,3.76724140625
56.55133255689634,3.76715703125
56.546086980646436,3.7671015625
56.54084143888224,3.76709453125
56.535595905739555,3.766971484375
56.530350313478316,3.76702734375
56.52510470027895,3.766968359375
56.51985912526074,3.766869140625
56.51461357733842,3.76683984375
56.50936805158556,3.766778515625
56.504122477799044,3.766759765625
56.49887688923254,3.766705859375
56.493631285270716,3.7667078125
56.4883857373484,3.766547265625
56.483140198663264,3.766494140625
56.47789467783719,3.7664625
56.47264910035559,3.7664703125
56.4674035154838,3.766450390625
56.4621579213752,3.76641640625
56.456912383921754,3.766292578125
56.45166687233287,3.7662453125
56.44642136320702,3.7661765625
56.4411757961943,3.76618359375
56.43593020639644,3.766187109375
56.43068460859275,3.766149609375
56.42543906559686,3.766051953125
56.42019352814379,3.76598828125
56.41494801655453,3.7659546875
56.40970244707878,3.76595625
56.40445685296981,3.7658703125
56.39921123607572,3.765832421875
56.39396566413657,3.765741015625
56.38872011251915,3.765720703125
56.38347458430326,3.765625
56.378229016058846,3.7656484375
56.372983412097035,3.765605078125
56.36773778719708,3.765525390625
56.36249217954017,3.76546953125
56.357246605753666,3.765411328125
56.35200106583683,3.765366015625
56.3467555203779,3.76539921875
56.341509942896295,3.765309765625
56.336264350635055,3.765262890625
56.331018769458375,3.765198828125
56.32577321045113,3.7651375
56.3205276674556,3.76509453125
56.31528207765739,3.765166796875
56.310036451526116,3.765064453125
56.304790805072734,3.76499375
56.29954520726904,3.764922265625
56.29429962978707,3.764871484375
56.28905407817002,3.76481328125
56.28380846928142,3.76480703125
56.27856283576031,3.76476015625
56.27331720962867,3.764658203125
56.268071634610465,3.76461796875
56.262826074371894,3.764549609375
56.257580475336496,3.76457109375
56.252334831961825,3.764510546875
56.247089163954655,3.764490625
56.241843543981496,3.76434375
56.2365979486412,3.7643359375
56.2313523662328,3.7643015625
56.22610672101113,3.7642875
56.22086105546735,3.76424609375
56.21561539977643,3.7641859375
56.21036980566746,3.764101171875
56.20512423496001,3.7640796875
56.19987861683422,3.764107421875
56.19463295991195,3.763988671875
56.18938729313613,3.7639484375
56.18414169533242,3.763858203125
56.178896120314214,3.763823828125
56.1736505317477,3.763821484375
56.16840489576321,3.763758984375
56.163159248078145,3.763737109375
56.15791365273747,3.76361484375
56.15266807156114,3.76356875
56.14742249038444,3.763585546875
56.142176863021476,3.763534375
56.13693121779942,3.76352578125
56.1316856150693,3.763349609375
56.12644003142958,3.763360546875
56.12119446995896,3.763251953125
56.1159488623024,3.7632671875
56.11070323370736,3.76325546875
56.10545762728252,3.763124609375
56.100212046105824,3.763155859375
56.09496649325708,3.76305546875
56.08972088313677,3.763047265625
56.08447525823719,3.763043359375
56.07922963703197,3.762923828125
56.073984053392245,3.76290234375
56.068738490690286,3.762841796875
56.063492875027876,3.7628390625
56.05824724027508,3.76277421875
56.05300159135832,3.7627078125
56.04775599109122,3.76265625
56.04251040868283,3.7626296875
56.03726481888499,3.762578125
56.03201919891183,3.762474609375
56.02677356046394,3.76251015625
56.02152798051895,3.762367578125
56.016282414121896,3.76230703125
56.011036837871984,3.762323046875
56.00579120558222,3.762336328125
56.00054556159224,3.762276171875
55.99529994161908,3.762179296875
55.99005437091127,3.762114453125
55.984808834689524,3.76202578125
55.97956323688583,3.762080078125
55.97431761568098,3.76204765625
55.969072010487466,3.7619515625
55.963826444090415,3.761935546875
55.958580914642816,3.761819140625
55.95333534516671,3.761819140625
55.9480897319677,3.761840625
55.942844100909625,3.761797265625
55.93759851357481,3.761648828125
55.93235295826267,3.76161796875
55.92710737831767,3.761622265625
55.92186175341809,3.76155078125
55.91661611743359,3.761501953125
55.9113705374886,3.761405859375
55.90612498587119,3.76135234375
55.90087941947451,3.761356640625
55.895633822902134,3.761318359375
55.89038821524559,3.761267578125
55.88514265008023,3.76115859375
55.87989711570586,3.76111953125
55.87465154499841,3.76115625
55.86940594473132,3.761094140625
55.86416035370178,3.76100859375
55.858914807010784,3.760976171875
55.85366928372132,3.76086796875
55.848423692691775,3.76088515625
55.84317809242469,3.760773828125
55.83793252294894,3.76071328125
55.832686989806255,3.76072890625
55.827441467748116,3.76066171875
55.82219588041367,3.760607421875
55.81695025920881,3.760574609375
55.81170468295855,3.760466796875
55.80645914119471,3.760434765625
55.801213596967116,3.760420703125
55.79596800162682,3.760377734375
55.79072237180044,3.76038125
55.785476794318846,3.76023125
55.780231237775,3.760235546875
55.77498566152473,3.760223828125
55.7697400692635,3.7601484375
55.76449448685546,3.760092578125
55.75924892784824,3.760022265625
55.754003387931775,3.759971484375
55.74875780059695,3.75999296875
55.74351220032986,3.75991171875
55.73826664624942,3.759809765625
55.73302109832709,3.75979609375
55.72777555841063,3.759760546875
55.72252996060657,3.759725
55.71728433817038,3.7596765625
55.71203875945708,3.759625390625
55.70679320783967,3.75955234375
55.70154764082695,3.75957578125
55.696302038096825,3.759491796875
55.69105640580706,3.75943828125
55.68581082586207,3.759322265625
55.68056527670805,3.7593234375
55.675319701689844,3.759317578125
55.670074095264624,3.759249609375
55.664828477138826,3.75925
55.65958290519968,3.75911796875
55.65433737205701,3.75909609375
55.64909180565996,3.759108203125
55.643846210319644,3.7590296875
55.63860060758953,3.759005078125
55.63335506089891,3.7588859375
55.6281095191347,3.758827734375
55.62286394719519,3.7588546875
55.617618366018874,3.7587609375
55.61237278976861,3.75868359375
55.60712725539459,3.758663671875
55.601881730873416,3.75856875
55.596636161397306,3.758587890625
55.59139057652589,3.758577734375
55.58614499042277,3.758486328125
55.58089945728008,3.758438671875
55.57565393399062,3.758385546875
55.57040834172938,3.7584015625
55.565162721755854,3.758314453125
55.55991708577136,3.758308984375
55.55467152060637,3.758205859375
55.54942597145235,3.758153125
55.54418039951285,3.758126171875
55.53893479924612,3.7580359375
55.533689171882784,3.758012109375
55.52844362272913,3.757919921875
55.52319808835474,3.7578328125
55.51795256876001,3.75782734375
55.512706994973506,3.7578328125
55.507461402096226,3.757832421875
55.50221582461462,3.75766875
55.49697027792399,3.75772578125
55.49172475463453,3.7576078125
55.48647917592125,3.757631640625
55.48123357319075,3.757523828125
55.47598795999175,3.757543359375
55.47074239605808,3.757447265625
55.465496848135764,3.757392578125
55.46025129775005,3.75735625
55.455005696251625,3.75732890625
55.44976007011998,3.75725703125
55.44451446123173,3.7571625
55.43926889976147,3.7570984375
55.434023357997276,3.757083203125
55.4287777842104,3.757112890625
55.42353218271197,3.757010546875
55.41828656951261,3.756980078125
55.41304099079931,3.7568765625
55.40779542563396,3.756878515625
55.4025498764803,3.75677578125
55.39730427374982,3.75684921875
55.39205865377666,3.756762109375
55.38681300301253,3.7567640625
55.38156741075092,3.756596484375
55.3763218437382,3.75659375
55.37107630382173,3.7565390625
55.36583071279219,3.756506640625
55.36058511375679,3.756458984375
55.355339492551934,3.756424609375
55.350093928618286,3.756319140625
55.344848397938996,3.7562921875
55.339602882655015,3.756216015625
55.3343572873147,3.75621875
55.32911166364646,3.75619296875
55.3238660325884,3.75613203125
55.318620460649235,3.75605078125
55.313374905337106,3.755982421875
55.30812938204763,3.755945703125
55.30288380087095,3.755993359375
55.297638189519304,3.7559484375
55.29239256092463,3.75588828125
55.28714699452758,3.755769921875
55.281901444141866,3.75574453125
55.276655920852406,3.7556578125
55.271410332286244,3.755664453125
55.26616473817728,3.755621484375
55.26091912005149,3.755558203125
55.25567355488613,3.755467578125
55.25042800203739,3.755427734375
55.245182455346765,3.755425390625
55.23993684645815,3.755376953125
55.23469121786347,3.75528125
55.229445599122016,3.755245703125
55.22420002040872,3.755194140625
55.21895447864452,3.75517109375
55.21370890485764,3.755146875
55.208463311980736,3.75506484375
55.20321771171365,3.755034375
55.19797217179717,3.7549390625
55.19272665097075,3.7549265625
55.187481141845254,3.75483671875
55.18223556682668,3.754862890625
55.17698996779129,3.75478203125
55.171744375530054,3.754727734375
55.16649883438188,3.754660546875
55.1612533215613,3.75460390625
55.15600777363897,3.754638671875
55.150762196157366,3.75454140625
55.145516612517284,3.75451640625
55.140271078143265,3.7544140625
55.135025556085495,3.754394921875
55.12978002294282,3.75433125
55.12453444299783,3.754282421875
55.11928883534092,3.754255078125
55.114043271407255,3.754165234375
55.10879773395381,3.75411875
55.10355222482832,3.75405078125
55.098306655352204,3.7540796875
55.093061063090964,3.7539984375
55.08781550162071,3.753918359375
55.082569973404446,3.75390703125
55.07732446181556,3.753859375
55.072078888029054,3.753871484375
55.066833293920084,3.753769921875
55.06158772013322,3.7537046875
55.05634216728447,3.75366484375
55.05109663660518,3.753582421875
55.04585105050206,3.753601953125
55.04060545023497,3.753550390625
55.03535985612636,3.753479296875
55.030114306972344,3.75347109375
55.024868788609304,3.753392578125
55.019623227139036,3.75339453125
55.01437763179874,3.753344140625
55.00913201059389,3.75332109375
55.003886446660225,3.753164453125
54.99864092213906,3.753145703125
54.99339537298504,3.753118359375
54.98814979427175,3.753072265625
54.982904189078226,3.75300703125
54.97765864731403,3.752959765625
54.97241313326175,3.752905078125
54.96716761920983,3.752890625
54.9619220602026,3.75281328125
54.956676480257606,3.752776953125
54.951430954504744,3.75266875
54.94618544414755,3.752658203125
54.94093991223657,3.75266875
54.93569433845007,3.752581640625
54.93044875604167,3.752560546875
54.92520321858824,3.752513671875
54.91995770946274,3.75245546875
54.914712164003824,3.752441796875
54.9094666148498,3.752373828125
54.90422107493297,3.752271875
54.8989755695022,3.752248046875
54.893730098557505,3.752197265625
54.88848457034161,3.75216484375
54.88323900763965,3.752104296875
54.87799346649113,3.752015234375
54.87274794566505,3.75200859375
54.867502435307856,3.751976953125
54.862256855362865,3.75192109375
54.857011236621034,3.75199296875
54.851765668376984,3.75182265625
54.84652012045467,3.7517734375
54.841274533119844,3.751785546875
54.83602892546294,3.7517296875
54.830783316574326,3.751684375
54.82553775264067,3.75158515625
54.820292233046295,3.751519921875
54.81504667280773,3.75150625
54.80980108793595,3.751502734375
54.80455555171421,3.751414453125
54.799310042588715,3.751301953125
54.79406449959282,3.75136953125
54.78881892765367,3.751246875
54.78357336064096,3.751247265625
54.77832784104621,3.751148046875
54.77308234854773,3.75106328125
54.76783680863125,3.751086328125
54.7625912422342,3.75102109375
54.75734569061716,3.750941796875
54.752100169790715,3.7509203125
54.74685465019634,3.7508859375
54.741609079488526,3.7508625
54.73636349584881,3.750808984375
54.73111797009595,3.750666015625
54.725872465896884,3.750650390625
54.720626935217595,3.75063359375
54.71538137374734,3.75056953125
54.71013580303953,3.750547265625
54.704890268665515,3.750458203125
54.69964476200304,3.7504
54.69439920299581,3.750459765625
54.68915362058778,3.75034375
54.68390807020207,3.75025
54.67866254444921,3.750246875
54.67341698913707,3.750262890625
54.668171415350564,3.75015390625
54.66292584895351,3.7500546875
54.657680331822164,3.7500375
54.65243481345949,3.74999765625
54.64718923967261,3.74998984375
54.64194364556365,3.749949609375
54.63669809764169,3.74989765625
54.63145257927865,3.749791015625
54.62620701103423,3.749818359375
54.62096141446223,3.749775
54.61571586038178,3.749636328125
54.61047033832366,3.7496171875
54.60522479963888,3.74961796875
54.599979232626175,3.749545703125
54.59473367485062,3.749460546875
54.5894881564876,3.74937265625
54.584242631966426,3.749444140625
54.57899707049616,3.749344921875
54.57375150409948,3.7493359375
54.56850597465153,3.749207421875
54.56326046429434,3.749174609375
54.558014901592365,3.74916484375
54.55276931302586,3.7491515625
54.54752376017711,3.749057421875
54.54227824058238,3.74898046875
54.53703266987493,3.74898046875
54.53178707207124,3.748965234375
54.52654151799079,3.74883203125
54.52129599346962,3.748779296875
54.51605042276182,3.748795703125
54.51080484404851,3.748778125
54.50555931090584,3.74861875
54.50031380301205,3.7486078125
54.495068257552745,3.748646484375
54.48982267883945,3.74856484375
54.48457711983258,3.7483953125
54.47933157991611,3.748428515625
54.474086041230976,3.748421484375
54.468840469291834,3.74836796875
54.463594918906125,3.748267578125
54.45834939807968,3.748212109375
54.453103871095486,3.74820546875
54.447858304082764,3.74816640625
54.44261271797964,3.74815078125
54.43736717683112,3.74805625
54.43212165600505,3.74800390625
54.42687609083969,3.74798203125
54.421630493036,3.747998046875
54.41638494511367,3.74787109375
54.41113942983006,3.74778984375
54.4058938671281,3.74778984375
54.40064828102498,3.747786328125
54.395402738029084,3.747665234375
54.39015722212943,3.747592578125
54.384911668049,3.74759296875
54.3796660844089,3.74755
54.37442051801222,3.74740390625
54.36917497809538,3.7474109375
54.36392940985133,3.747456640625
54.358683816974064,3.747363671875
54.35343823826075,3.74723828125
54.34819269649657,3.747216015625
54.34294716458559,3.747221484375
54.33770160188362,3.74715703125
54.332456029944474,3.747147265625
54.327210490027646,3.747040234375
54.321964974128,3.746954296875
54.31671941265773,3.746965625
54.31147382039649,3.746954296875
54.306228270010784,3.74683203125
54.300982730094304,3.746779296875
54.295737150149314,3.746778125
54.290491553577304,3.74677734375
54.285245987180254,3.74665625
54.28000044048964,3.74661875
54.27475486855049,3.74665390625
54.269509276288886,3.74651015625
54.26426370989219,3.74641484375
54.259018168744035,3.74641953125
54.25377262451644,3.74641484375
54.24852706304617,3.7463640625
54.243281517587235,3.7462453125
54.23803598813929,3.746248828125
54.23279044945453,3.7462359375
54.22754487874671,3.746231640625
54.222299329592694,3.746076171875
54.217053812461344,3.746012890625
54.21180827500828,3.746023046875
54.20656269752667,3.7459890625
54.20131713482471,3.7458609375
54.19607160907185,3.745840625
54.19082607592917,3.74585234375
54.185580502142294,3.745816796875
54.18033494806186,3.7456765625
54.17508941984597,3.745690234375
54.16984386207042,3.745640234375
54.164598266730124,3.745608984375
54.15935270772289,3.74546796875
54.15410718073833,3.74547421875
54.148861610030885,3.745433203125
54.14361601345888,3.745422265625
54.13837046553657,3.74532734375
54.13312494717353,3.74524296875
54.12787937769741,3.74524765625
54.12263379652108,3.745243359375
54.11738827076822,3.745143359375
54.11214275240518,3.74507890625
54.106897185392455,3.745061328125
54.10165164239693,3.74496328125
54.096406136966166,3.74488203125
54.09116062660861,3.744905078125
54.085915084844785,3.744872265625
54.08066955909192,3.74476484375
54.07542404750303,3.74471640625
54.07017851805544,3.74473828125
54.064932968901424,3.744662109375
54.05968744068517,3.74456484375
54.05444192355383,3.744530078125
54.04919636331527,3.74448125
54.043950777212146,3.744462890625
54.03870522559473,3.744394140625
54.03345970600035,3.744343359375
54.02821413221348,3.74430390625
54.02296853933658,3.744233203125
54.01772298156104,3.744202734375
54.01247743487042,3.74420390625
54.00723185615711,3.7441421875
54.00198629222346,3.744042578125
53.99674074922757,3.744021875
53.9914951852939,3.74397578125
53.98624959795946,3.743914453125
53.98100405250016,3.7438625
53.975758543374674,3.743808203125
53.97051297944101,3.743794140625
53.96526740873357,3.7437796875
53.960021891602224,3.74368046875
53.95477635291709,3.74369921875
53.94953077543549,3.74359140625
53.94428522135504,3.74358515625
53.93903968020651,3.7435125
53.93379411196246,3.743449609375
53.92854858744129,3.743330078125
53.92330305306692,3.74338046875
53.91805750514459,3.74326171875
53.912811966459465,3.743276953125
53.90756638528313,3.74329140625
53.902320843518936,3.743130859375
53.897075276506214,3.743126953125
53.89182973474201,3.743056640625
53.8865841677293,3.74307109375
53.88133861488055,3.74297578125
53.87609306080011,3.742933203125
53.87084751657252,3.742821875
53.865601963723776,3.74288359375
53.86035641333805,3.74273359375
53.855110845094,3.742773046875
53.84986527869695,3.742674609375
53.844619709220844,3.742649609375
53.83937417730985,3.742558203125
53.83412861830298,3.742548046875
53.82888307038066,3.742456640625
53.82363750398361,3.742440625
53.81839197946244,3.742383984375
53.8131464266137,3.742412890625
53.807900907018954,3.742299609375
53.80265535909701,3.74227109375
53.79740983457584,3.742148828125
53.79216428542182,3.7420859375
53.78691875720557,3.74216171875
53.7816732160574,3.7420265625
53.776427678603966,3.7420640625
53.771182149156374,3.741880859375
53.765936604928775,3.741956640625
53.76069107055477,3.741826171875
53.75544552879057,3.74179609375
53.750199988874094,3.741746875
53.744954433561965,3.74174375
53.73970889734021,3.74166640625
53.734463335869584,3.741608203125
53.72921779287406,3.74152578125
53.72397224002531,3.741534375
53.71872670565093,3.7414609375
53.7134811478754,3.741441015625
53.708235627049326,3.74138203125
53.702990082821735,3.74133125
53.69774455953228,3.741217578125
53.692499023310525,3.74121796875
53.68725352157485,3.7411671875
53.682007988432176,3.74118671875
53.676762490391226,3.741070703125
53.67151695170646,3.7410859375
53.666271446275694,3.740978515625
53.66102591190132,3.740959765625
53.65578039230658,3.74089921875
53.65053485793256,3.740801171875
53.645289345111976,3.74081328125
53.640043829828,3.74067265625
53.63479831269666,3.740714453125
53.62955278201738,3.7406328125
53.62430724086921,3.74063359375
53.61906169417858,3.740520703125
53.613816170889116,3.74051796875
53.60857063897814,3.740476171875
53.603325114456965,3.7404171875
53.59807958747241,3.740322265625
53.59283406171955,3.7403140625
53.58758853596706,3.7402703125
53.5823430077508,3.7401859375
53.57709749616192,3.740162109375
53.571851983341325,3.74008828125
53.56660647914225,3.740066796875
53.5613609533894,3.740025
53.556115436258054,3.739926171875
53.55086991789538,3.73989765625
53.54562440753783,3.73986875
53.54037888424836,3.7398546875
53.53513337635457,3.7397421875
53.52988784690662,3.7397640625
53.52464234024452,3.739630859375
53.51939682742394,3.739633203125
53.51415133923621,3.73955078125
53.50890582333619,3.7395109375
53.50366032036883,3.7394859375
53.49841479954275,3.739435546875
53.493169285490474,3.739392578125
53.48792376589574,3.73932734375
53.48267824383797,3.73927890625
53.477432718085105,3.73920234375
53.47218719602734,3.73913984375
53.46694167520128,3.739212109375
53.46169614452199,3.739031640625
53.456450620000815,3.739054296875
53.451205074541534,3.739071484375
53.44595956172095,3.738976953125
53.44071401133559,3.738927734375
53.43546849543594,3.7388484375
53.43022294135551,3.738848828125
53.424977428534916,3.738730859375
53.41973189908696,3.738694140625
53.41448638195562,3.738646875
53.409240857434824,3.738645703125
53.40399532798686,3.738517578125
53.398749808392495,3.738526171875
53.3935042641649,3.738467578125
53.38825875873414,3.73835859375
53.383013231749956,3.738346875
53.3777677238558,3.7382859375
53.37252219194482,3.738265234375
53.36727665757043,3.73821796875
53.36203114474984,3.738174609375
53.35678560483337,3.73819609375
53.351540098170915,3.73807421875
53.346294560717844,3.73807890625
53.34104903373328,3.737976953125
53.335803507980415,3.737962890625
53.330557976069436,3.73786015625
53.32531246571225,3.737861328125
53.32006692025332,3.737828125
53.31482141359086,3.73774921875
53.309575874905725,3.7376984375
53.304330357774376,3.7376625
53.29908484187473,3.737675390625
53.293839287794285,3.737633203125
53.28859378729032,3.737479296875
53.283348257842356,3.73748359375
53.27810274071102,3.73739921875
53.27285721988495,3.737439453125
53.26761166949924,3.737374609375
53.262366165300165,3.737291015625
53.257120624152,3.737242578125
53.25187509224102,3.7371453125
53.24662957387797,3.737175390625
53.241384025955654,3.737130078125
53.23613851313507,3.7370046875
53.23089296767615,3.73703984375
53.22564743946025,3.736951953125
53.22040190323851,3.736959765625
53.215156331299006,3.736922265625
53.20991080924124,3.736782421875
53.204665268093066,3.73673203125
53.19941973618209,3.736669140625
53.19417422028244,3.736681640625
53.188928666201996,3.7366125
53.18368313552235,3.73657890625
53.17843759375851,3.736483203125
53.173192056305076,3.736458984375
53.16794655087431,3.73638828125
53.16270100541538,3.736362890625
53.157455471041004,3.736319140625
53.15220995390967,3.73627578125
53.14696439736583,3.7361796875
53.14171887161332,3.73613984375
53.13647334216537,3.736160546875
53.13122779054833,3.736102734375
53.12598227649604,3.735964453125
53.12073675320658,3.73598515625
53.11549122622202,3.735909375
53.11024573249183,3.7358546875
53.10500021659219,3.735851171875
53.09975471731991,3.735687890625
53.09450926977601,3.735675
53.089263786515076,3.735659765625
53.08401830941188,3.735545703125
53.07877285817326,3.73552890625
53.07352735890062,3.735526171875
53.06828186393909,3.73541015625
53.063036400999884,3.73541875
53.057790906038015,3.735371484375
53.052545414771224,3.73529296875
53.047299968459384,3.735225390625
53.04205450675187,3.735235546875
53.03680901979547,3.735187109375
53.03156357841006,3.73509375
53.026318116702555,3.735092578125
53.021072640831065,3.735019140625
53.01582716988638,3.7349546875
53.01058172111114,3.7348890625
53.005336231691714,3.734869921875
53.00009074473567,3.734792578125
52.9948452854912,3.7347296875
52.98959980099857,3.734772265625
52.984354291872705,3.73473125
52.97910881723329,3.734623828125
52.97386336968939,3.734531640625
52.96861787965429,3.734502734375
52.96337239146656,3.734460546875
52.95812693899623,3.734383984375
52.95288147051457,3.734428125
52.94763597370533,3.7343375
52.94239049413911,3.7342484375
52.93714504290048,3.73423515625
52.93189956702936,3.734237109375
52.92665407453087,3.734162890625
52.92140859865939,3.7341078125
52.916163142494334,3.734019921875
52.910917653074904,3.7340296875
52.90567214641245,3.733987890625
52.900426670540966,3.733894921875
52.89518122669252,3.733828125
52.88993575082104,3.733860546875
52.88469025709085,3.73378671875
52.87944478614616,3.733666015625
52.874199351534536,3.7336078125
52.86895389660118,3.733640625
52.863708404102695,3.7336171875
52.85846288450795,3.733559375
52.85321740986816,3.733469140625
52.84797196725105,3.73338125
52.84272646305198,3.73342109375
52.83748093976253,3.7333578125
52.832235420168146,3.73326328125
52.826989928901355,3.733246875
52.821744467193845,3.733147265625
52.816498951909864,3.733176953125
52.811253427388706,3.7331125
52.80600791456812,3.733041015625
52.80076243992833,3.732960546875
52.79551699731122,3.73292890625
52.790271525134834,3.7329453125
52.78502602339916,3.73284296875
52.77978050626781,3.73280390625
52.7745350420969,3.732696484375
52.76928960502225,3.73265625
52.764044190732726,3.732618359375
52.75879872471446,3.7326375
52.753553225442175,3.73256640625
52.74830770092102,3.732526953125
52.743062217659705,3.732440625
52.73781675348881,3.732418359375
52.732571321340934,3.732357421875
52.727325863944195,3.732357421875
52.722080370213995,3.732301171875
52.716834875252125,3.732250390625
52.711589369821354,3.732244140625
52.706343923509515,3.732120703125
52.701098486434496,3.73206484375
52.695853061676445,3.732047265625
52.69060759873724,3.73203046875
52.68536210747045,3.731969921875
52.680116608197814,3.73192890625
52.67487109537723,3.731845703125
52.669625640443876,3.7317296875
52.664380190436944,3.7317609375
52.65913475705701,3.731711328125
52.65388932244538,3.731621875
52.64864382994689,3.731634765625
52.6433983220531,3.73158046875
52.63815281046422,3.73153671875
52.632907282247956,3.7315265625
52.62766180391345,3.731362109375
52.62241633912688,3.73135859375
52.617170895278065,3.731312109375
52.61192546805662,3.73122734375
52.60667997986853,3.73123828125
52.60143447813286,3.7311734375
52.59618897393379,3.7311078125
52.590943464808305,3.73110859375
52.58569800741155,3.7309640625
52.58045255863595,3.730975390625
52.57520711601884,3.730871875
52.56996169803458,3.730851953125
52.56471622708988,3.730847265625
52.55947073212801,3.73076875
52.55422522669724,3.7307296875
52.54897972249818,3.730694140625
52.543734209677595,3.7306765625
52.538488767060485,3.7305578125
52.533243337375644,3.73050546875
52.52799792062308,3.730448828125
52.522752506333546,3.730421484375
52.51750709635515,3.730342578125
52.51226160693573,3.73033828125
52.50701611197384,3.730259765625
52.501770617011964,3.730222265625
52.49652513375103,3.730209765625
52.49127962708856,3.730182421875
52.486034130279315,3.73011484375
52.4807886876622,3.729991015625
52.47554326044076,3.729980078125
52.470297835682345,3.7299546875
52.46505242324019,3.72988046875
52.45980703173615,3.7298125
52.45456165624345,3.729751953125
52.44931621116331,3.729766015625
52.44407068787383,3.72974765625
52.438825142414544,3.7296609375
52.433579593260895,3.7295890625
52.428334061349915,3.72956328125
52.42308852512817,3.729509765625
52.417842998143605,3.729478515625
52.41259744283147,3.729436328125
52.407351861654774,3.729432421875
52.402106340828716,3.729356640625
52.39686088589535,3.729243359375
52.39161547345318,3.729191015625
52.386370063474786,3.72914609375
52.38112463871637,3.729105859375
52.375879199793985,3.729068359375
52.370633773804244,3.728994921875
52.36538837860512,3.72894765625
52.36014297601652,3.728891015625
52.35489759251798,3.72885625
52.34965221825697,3.728804296875
52.34440685631222,3.72875703125
52.33916146111345,3.72866484375
52.33391601110652,3.72864296875
52.32867050198067,3.7286765625
52.32342496021683,3.728645703125
52.3181793987462,3.728589453125
52.31293383973934,3.7285203125
52.30768829058532,3.728470703125
52.302442754363575,3.728389453125
52.29719722861071,3.728351953125
52.29195169669973,3.728323046875
52.28670618387915,3.72830390625
52.28146065073682,3.728219921875
52.276215092961294,3.728195703125
52.27096951424799,3.728156640625
52.265723972483805,3.728094921875
52.260478492917585,3.72803984375
52.255233060769356,3.72794921875
52.24998765818077,3.727864453125
52.24474223465406,3.727836328125
52.23949680496922,3.727797265625
52.23425137897911,3.727736328125
52.229005957915795,3.72771796875
52.22376055409516,3.727675
52.218515144116736,3.727618359375
52.21326973105892,3.727573046875
52.20802433585978,3.727540625
52.20277896036709,3.72746484375
52.197533560241524,3.727412890625
52.19228810530817,3.727369140625
52.18704257709228,3.72738203125
52.181797006384464,3.7273546875
52.17655143444533,3.7273125
52.17130587913318,3.727221875
52.16606033244256,3.72716015625
52.16081478698328,3.7270984375
52.15556924275604,3.72704140625
52.150323727472056,3.727019921875
52.145078218346576,3.726971875
52.139832692593714,3.7269328125
52.13458714590309,3.726896875
52.129341595517374,3.7268546875
52.12409610055585,3.7268109375
52.118850649317224,3.72671015625
52.1136052282539,3.726619140625
52.10835981026929,3.726572265625
52.10311439474842,3.72656484375
52.09786897676416,3.726502734375
52.09262357663861,3.7264828125
52.08737816358079,3.726385546875
52.08213274251746,3.7264046875
52.07688734362361,3.726333984375
52.07164194842447,3.7262640625
52.06639648548563,3.726240234375
52.06115096958599,3.7262328125
52.055905438906336,3.72618515625
52.05065991684856,3.726096484375
52.04541440156496,3.7260640625
52.0401688899757,3.726046484375
52.03492339316645,3.725983203125
52.02967788280927,3.725905078125
52.02443233981373,3.72586015625
52.01918684177279,3.7258140625
52.013941410856255,3.725709375
52.00869601688882,3.725624609375
52.0034506229214,3.725610546875
51.99820520740053,3.725583203125
51.992959783873815,3.725545703125
51.98771437512675,3.725515625
51.982468954063435,3.7254484375
51.97722353731087,3.725403125
51.9719781261004,3.725391796875
51.96673274137053,3.72528671875
51.96148733878157,3.72522265625
51.95624187153196,3.725228125
51.95099634208401,3.7251921875
51.94575079662509,3.725169921875
51.940505246239375,3.725102734375
51.93525968846421,3.725035546875
51.93001412822527,3.72498359375
51.92476856121255,3.724939453125
51.919523012058896,3.7249046875
51.91427747091038,3.724815234375
51.90903192052501,3.72480078125
51.90378634427475,3.724784765625
51.8985407901943,3.724719921875
51.89329530200658,3.72465859375
51.88804986616362,3.72458515625
51.882804459879935,3.72452265625
51.87755903512152,3.724476171875
51.87231359927856,3.724440234375
51.86706816097222,3.7243703125
51.8618227429876,3.724315625
51.85657732192428,3.724255859375
51.851331907635114,3.724254296875
51.84608651736278,3.724143359375
51.84084111723721,3.7241140625
51.835595632744216,3.72411875
51.830350091596046,3.7240984375
51.825104549831856,3.724038671875
51.819858998214805,3.7239734375
51.81461344782908,3.723939453125
51.809367922076234,3.723909375
51.80412238770186,3.723859375
51.79887682623159,3.723796484375
51.793631310331946,3.723758984375
51.78838586278841,3.723626953125
51.783140425713746,3.723616796875
51.777894970780025,3.72357734375
51.77264952077309,3.72350078125
51.76740408616184,3.72343984375
51.76215865401361,3.72343046875
51.75691324095578,3.723387109375
51.75166777678524,3.723305078125
51.746422247337286,3.723334375
51.741176690793445,3.723259765625
51.735931133018276,3.72322734375
51.730685574011034,3.723146875
51.7254400199306,3.7231125
51.72019448370886,3.72303671875
51.714948923470295,3.722998046875
51.70970338909592,3.7229609375
51.70445793416255,3.722863671875
51.69921250078262,3.722808984375
51.69396706863439,3.722776953125
51.68872162601728,3.72272734375
51.68347619756415,3.722684375
51.67823077650083,3.722639453125
51.6729853825334,3.722553125
51.667739956543656,3.722528125
51.66249447328235,3.722526171875
51.65724896785159,3.722437890625
51.65200345379931,3.722393359375
51.64675792558342,3.722388671875
51.641512398598856,3.72232109375
51.63626684451841,3.722311328125
51.63102133416122,3.722187890625
51.62577588538599,3.72209765625
51.62053043291566,3.722066796875
51.61528498414043,3.7220328125
51.610039532901794,3.7219703125
51.60479409829017,3.721948046875
51.599548680305915,3.7218453125
51.59430319027082,3.72185546875
51.589057641116796,3.72185625
51.583812088268054,3.7217609375
51.57856654958293,3.721708203125
51.573321034299305,3.721713671875
51.56807549684588,3.721647265625
51.562829940302024,3.721628125
51.557584445340154,3.7214953125
51.55233900641814,3.72141953125
51.54709357919632,3.721415625
51.54184816921792,3.721337890625
51.536602758007454,3.721296484375
51.53135736773511,3.72125546875
51.52611196145143,3.72121484375
51.520866483116926,3.72119921875
51.515620970296325,3.72117109375
51.51037545316499,3.7210875
51.505129942807436,3.721024609375
51.49988444476686,3.721015625
51.49463893194627,3.7209671875
51.48939340619341,3.7209
51.484147932785326,3.720862890625
51.47890251295371,3.720742578125
51.473657094969084,3.720726953125
51.46841167698483,3.72071171875
51.46316626269566,3.720612109375
51.45792084286368,3.72060859375
51.45267544273812,3.720526171875
51.44743001059025,3.720462890625
51.44218449653797,3.720487109375
51.436938953542075,3.720430078125
51.43169341608864,3.72034609375
51.42644788540935,3.720303125
51.42120237135743,3.720244921875
51.41595682097172,3.720212109375
51.41071132847323,3.72010859375
51.4054658975567,3.720041796875
51.40022045740298,3.720036328125
51.39497503018118,3.719984375
51.38972960665447,3.719950390625
51.38448418559115,3.719883203125
51.37923869555606,3.719886328125
51.3739931661081,3.71982109375
51.368747621880885,3.7197671875
51.36350208319575,3.719731640625
51.358256558674576,3.7196640625
51.353011036616806,3.719633203125
51.34776558784158,3.719515234375
51.34252017539978,3.719494140625
51.33727476911609,3.719469140625
51.33202936529545,3.719375390625
51.32678399349784,3.719354296875
51.32153857243416,3.71931796875
51.31629308670983,3.719323828125
51.311047584974155,3.71923359375
51.3058020746166,3.719198828125
51.300556550095436,3.7191421875
51.29531101572141,3.71913125
51.29006554723976,3.718968359375
51.284820099696226,3.718969921875
51.27957466631629,3.718930078125
51.274329246484676,3.71889609375
51.269083841432696,3.71881640625
51.26383836925593,3.718825
51.25859286013045,3.718747265625
51.25334734484647,3.718678125
51.248101821557,3.71866484375
51.24285630565735,3.71863359375
51.237610850724,3.718479296875
51.232365414880675,3.7184609375
51.2271200018232,3.7183671875
51.22187460908748,3.718333984375
51.21662915538545,3.718341015625
51.211383667197715,3.718311328125
51.20613816423035,3.718216796875
51.20089265140977,3.71822890625
51.19564716568543,3.718118359375
51.19040174339041,3.718058203125
51.18515632910089,3.718041015625
51.17991091789078,3.71798046875
51.1746654980588,3.717931640625
51.16942000309691,3.7179046875
51.16417449520312,3.717851953125
51.158928991004046,3.717807421875
51.15368347510441,3.71779921875
51.14843802879221,3.7176453125
51.14319260403416,3.71766953125
51.13794719898181,3.71758203125
51.13270180255135,3.7175546875
51.127456336533086,3.717544140625
51.122210852040084,3.717468359375
51.11696537124217,3.71743125
51.11171986211668,3.717401953125
51.10647440841466,3.71727578125
51.10122896456622,3.71725
51.09598353857611,3.71722265625
51.0907381138177,3.717145703125
51.08549262439826,3.717144921875
51.08024711404108,3.717098046875
51.07500159567804,3.71704765625
51.0697560785467,3.71700078125
51.064510621149935,3.7169046875
51.05926516991168,3.7168890625
51.05401973653175,3.716838671875
51.04877426805009,3.71678984375
51.043528765082726,3.71675078125
51.038283264578745,3.716723046875
51.03303774929476,3.716653515625
51.02779229189801,3.71654375
51.02254685605505,3.716537890625
51.01730142144344,3.716480078125
51.01205597759461,3.716446484375
51.006810469700824,3.71641640625
51.00156495010609,3.716376171875
50.99631940464716,3.71633125
50.991073925080954,3.7161921875
50.98582847507402,3.716208984375
50.9805830515473,3.716156640625
50.97533762802059,3.716106640625
50.97009214722268,3.71606015625
50.96484664548665,3.716050390625
50.95960111603905,3.71600390625
50.954355641399275,3.7158609375
50.94911018400252,3.71584140625
50.94386475062296,3.715801171875
50.93861931046888,3.715751953125
50.93337381920209,3.715732421875
50.928128313771325,3.71566875
50.92288278555544,3.715678125
50.91763729059354,3.715525
50.91239182888604,3.715517578125
50.907146386268934,3.715471484375
50.90190096274222,3.715391015625
50.89665547824958,3.715401953125
50.89140995865484,3.71533125
50.8861644402918,3.715281640625
50.88091894532991,3.715205078125
50.87567349655468,3.715165234375
50.87042805824833,3.715123828125
50.86518262240537,3.7150671875
50.85993713791237,3.71505703125
50.854691614622915,3.71496640625
50.84944609872326,3.71498671875
50.84420055880678,3.7149140625
50.83895507677718,3.71481640625
50.83370960952721,3.714783984375
50.828464161983675,3.714711328125
50.82321872182997,3.7146625
50.81797321147241,3.714700390625
50.81272768448822,3.714583984375
50.80748216489348,3.714513671875
50.802236672395,3.7144765625
50.79699123408864,3.71440546875
50.79174580933024,3.71435546875
50.78650040674164,3.71428671875
50.78125494934489,3.714304296875
50.7760094556147,3.71425546875
50.77076395511037,3.71423203125
50.765518430589196,3.714201953125
50.76027296087621,3.7140546875
50.75502751702739,3.714061328125
50.74978208734257,3.714006640625
50.74453665026791,3.713937890625
50.73929115530602,3.71395
50.734045642485434,3.713861328125
50.72880011180616,3.7138296875
50.72355460883878,3.713759375
50.71830915883185,3.713662890625
50.713063716214734,3.71360078125
50.70781829946181,3.713576953125
50.70257283221221,3.713618359375
50.69732733417127,3.71352734375
50.692081840441084,3.71349140625
50.68683633870541,3.71344296875
50.68159089731964,3.713311328125
50.676345471329896,3.713294140625
50.67110005149827,3.7132421875
50.66585464398289,3.71320078125
50.66060916687972,3.713190625
50.65536366391235,3.713140234375
50.65011815601819,3.713083984375
50.64487263272872,3.713065234375
50.639627167942145,3.71294609375
50.634381734562226,3.712924609375
50.629136304877385,3.71283828125
50.62389090475183,3.712792578125
50.61864544735508,3.712780078125
50.6133999468511,3.712758203125
50.60815444018865,3.712698046875
50.60290892059427,3.712655859375
50.5976634588864,3.712567578125
50.59241801873268,3.71253671875
50.58717259643767,3.7124453125
50.581927206165325,3.712402734375
50.57668174322612,3.712422265625
50.57143624025875,3.7123515625
50.566190734827984,3.712319921875
50.5609452041487,3.712284375
50.555699731972304,3.71215234375
50.550454290586885,3.712125390625
50.545208865828485,3.7120515625
50.53996347186105,3.71203046875
50.53471800769051,3.712044921875
50.52947249240653,3.71193984375
50.52422698328067,3.71192578125
50.51898145629647,3.711856640625
50.513735965029696,3.711797265625
50.5084905174858,3.711710546875
50.503245073637345,3.7117265625
50.49799964148911,3.711660546875
50.492754241363556,3.711614453125
50.487508780887744,3.711603125
50.48226327792001,3.7115515625
50.47701777002622,3.711464453125
50.471772243041656,3.71147734375
50.46652669511934,3.71143515625
50.46128120015781,3.711303125
50.456035752613914,3.711262109375
50.4507903124602,3.711223046875
50.44554489262858,3.711125
50.44029947957075,3.711105859375
50.43505409053011,3.711060546875
50.42980862451184,3.71106640625
50.42456312770259,3.711048828125
50.41931761980843,3.710955078125
50.41407210821956,3.7109109375
50.408826583698385,3.710875
50.40358103331267,3.71081875
50.39833555251476,3.71073515625
50.393090109897656,3.710651953125
50.387844681444506,3.710646484375
50.38259925545441,3.710583984375
50.37735384301259,3.710544921875
50.372108431802495,3.7105203125
50.36686304276149,3.71044453125
50.361617642635935,3.710378515625
50.35637217292294,3.71039140625
50.35112666010235,3.710319921875
50.34588114420271,3.71028984375
50.34063563754025,3.710188671875
50.33539012718307,3.710166796875
50.33014462791042,3.710135546875
50.32489911878493,3.710073828125
50.31965359795849,3.7100328125
50.31440807343769,3.71000546875
50.30916261727227,3.709932421875
50.30391720729387,3.70981640625
50.29867180470492,3.7098046875
50.293426402116324,3.7097484375
50.28818099706399,3.709686328125
50.28293559078031,3.709653515625
50.27769019804458,3.709588671875
50.27244480038241,3.709534765625
50.26719941134178,3.70946796875
50.26195403708077,3.709464453125
50.25670862833369,3.70937578125
50.251463162315424,3.70937578125
50.24621763533087,3.70938671875
50.240972081250426,3.709345703125
50.2357265222432,3.709274609375
50.230480959541225,3.7092125
50.225235404229096,3.709148046875
50.21998985138034,3.7091046875
50.2147443151586,3.709031640625
50.20949879433253,3.709012109375
50.20425325995815,3.70892890625
50.1990076984879,3.708912109375
50.19376215733973,3.7089125
50.18851669440052,3.708776953125
50.183271286885144,3.70872421875
50.17802589969186,3.70864375
50.172780495871216,3.708637109375
50.16753508589281,3.7086078125
50.162289678377434,3.708547265625
50.15704428441,3.708478515625
50.151798884284446,3.708415625
50.14655349832287,3.708354296875
50.141308132683385,3.70833125
50.13606278736563,3.708280078125
50.13081738970347,3.708208984375
50.125571922453496,3.708198828125
50.12032642441257,3.7081484375
50.115080920213494,3.70812421875
50.10983539569233,3.70805703125
50.104589879792684,3.707993359375
50.09934435896661,3.707975390625
50.094098854767545,3.70793359375
50.08885332531959,3.70786875
50.08360778109237,3.707859375
50.07836229536803,3.70776328125
50.07311686568319,3.707672265625
50.06787144092478,3.70759765625
50.06262600877655,3.707596484375
50.057380600029475,3.7075640625
50.052135193745805,3.707493359375
50.04688980655252,3.7074046875
50.041644383025805,3.707383203125
50.03639888252184,3.70742734375
50.031153358000665,3.70733125
50.02590782855272,3.70725
50.02066229541005,3.7072578125
50.01541674502469,3.707181640625
50.010171219271825,3.7071203125
50.004925754485264,3.707021484375
49.99968029277775,3.707012109375
49.99443484646554,3.706949609375
49.989189436487145,3.706921484375
49.983943990174936,3.706884765625
49.978698492134356,3.706855859375
49.97345298177681,3.70676875
49.96820746772452,3.70675
49.96296194074033,3.706683203125
49.957716481496206,3.7065765625
49.952471054274405,3.706535546875
49.94722564429564,3.706518359375
49.9419802527916,3.7064765625
49.93673480894316,3.70646640625
49.931489312133905,3.706408203125
49.92624379684993,3.706365234375
49.92099828649273,3.706272265625
49.91575280076804,3.7062640625
49.910507371083206,3.70614609375
49.905261948788194,3.706166015625
49.9000165437362,3.7061203125
49.89477113868423,3.706048828125
49.889525670202566,3.706074609375
49.88428019063635,3.70596328125
49.87903469936956,3.70589296875
49.873789186548976,3.705883203125
49.86854373284695,3.7057859375
49.86329828653512,3.705765234375
49.85805286424009,3.70568125
49.85280745918775,3.70563203125
49.84756198208493,3.705676953125
49.842316492049484,3.705569921875
49.83707099831966,3.705561328125
49.831825477493226,3.705523046875
49.82658002994969,3.705385546875
49.82133458856428,3.70536640625
49.81608916257416,3.705273046875
49.81084375629049,3.70522890625
49.805598306283564,3.70524296875
49.80035280701092,3.70517109375
49.79510731204939,3.705139453125
49.789861810313354,3.70510078125
49.78461633936867,3.705010546875
49.77937089798325,3.704967578125
49.77412546090859,3.704872265625
49.768880058319645,3.7048515625
49.76363460092289,3.704903125
49.758389110887805,3.704801171875
49.75314361038346,3.7047484375
49.74789810864779,3.704710546875
49.742652663567284,3.704603515625
49.73740724558303,3.704565625
49.73216185531069,3.704501953125
49.72691639483487,3.70452109375
49.72167089802563,3.70446484375
49.716425393826555,3.704408203125
49.71117992657659,3.704310546875
49.705934482727784,3.704289453125
49.700689050579555,3.704209375
49.69544356362352,3.70425234375
49.690198068661644,3.704142578125
49.68495256446258,3.704117578125
49.679707124308855,3.704019921875
49.67446170324554,3.7039875
49.669216290187705,3.70391484375
49.66397082170605,3.703949609375
49.65872533721341,3.703840625
49.65347988227969,3.703748828125
49.64823443966257,3.70371640625
49.64298901490453,3.7036640625
49.63774353410662,3.70366875
49.63249804037643,3.70362890625
49.62725258544272,3.703517578125
49.622007156989575,3.70346875
49.61676173715796,3.703504296875
49.61151627421875,3.703413671875
49.60627080081066,3.703405078125
49.6010253649677,3.70331796875
49.59577996361045,3.7032390625
49.59053450436597,3.703248828125
49.5852890026303,3.703221484375
49.58004354215448,3.703099609375
49.57479811246965,3.703078125
49.56955264768308,3.703044140625
49.56430715764761,3.702990625
49.55906170640935,3.70289296875
49.55381627672415,3.702888671875
49.548570827948915,3.702875
49.54332535454083,3.702812890625
49.53807990083917,3.70270078125
49.53283446499585,3.70262734375
49.527589017452314,3.70267890625
49.522343544044226,3.702623828125
49.51709809526899,3.70246953125
49.51185267174228,3.702448828125
49.506607237131014,3.70246796875
49.50136177296011,3.70241796875
49.4961163291113,3.702283203125
49.4908709166695,3.70225625
49.4856254894477,3.7022859375
49.48038003574604,3.702221875
49.47513459682365,3.7021265625
49.46988916590712,3.70209921875
49.464643706663004,3.702083203125
49.45939823079152,3.7020296875
49.45415278817441,3.7018953125
49.44890737388525,3.70189609375
49.443661925110014,3.7018625
49.438416440617004,3.701855078125
49.433170988146685,3.701751953125
49.42792555846185,3.70169609375
49.42268008259073,3.701670703125
49.41743462088322,3.701571484375
49.4121892041303,3.701544140625
49.406943779372256,3.7015375
49.4016983219755,3.70148125
49.39645288366915,3.701391015625
49.391207469379616,3.70134140625
49.385962019372684,3.70131953125
49.38071656567066,3.7013109375
49.37547115446056,3.701198046875
49.37022573462894,3.7012015625
49.364980277232185,3.701154296875
49.35973483338338,3.701069921875
49.35448942032555,3.701019140625
49.34924396539218,3.70096796875
49.3439984919841,3.7009734375
49.33875304936699,3.7008734375
49.333507606749876,3.700878515625
49.328262145042366,3.70081875
49.32301671658922,3.70072578125
49.3177713238535,3.700662890625
49.31252587630959,3.7006765625
49.30728041706548,3.700616015625
49.30203497999083,3.70051015625
49.2967895262888,3.700565234375
49.291544036869375,3.7004828125
49.286298584399404,3.700403515625
49.28105314855609,3.700335546875
49.275807665295154,3.700370703125
49.270562199276874,3.7002515625
49.265316765896955,3.700195703125
49.26007132081645,3.700187109375
49.25482585664591,3.700139453125
49.249580422034285,3.70006796875
49.244334999739266,3.70003828125
49.239089546037604,3.700010546875
49.233844103420495,3.699871484375
49.22859866449811,3.699892578125
49.223353193553415,3.699840234375
49.218107704134,3.6998328125
49.21286224488988,3.69973046875
49.20761680227276,3.69966640625
49.20237132640128,3.69964375
49.197125857919616,3.699526171875
49.19188041961326,3.699500390625
49.18663496714329,3.699498828125
49.18138949619824,3.699448046875
49.1761440523498,3.69933828125
49.170898638060265,3.699328125
49.16565318066352,3.69930703125
49.16040769493918,3.699278515625
49.15516225232207,3.699194140625
49.149916835569144,3.6991234375
49.14467135600293,3.699121875
49.139425854267266,3.699100390625
49.13418039502279,3.698987890625
49.12893495671643,3.698951171875
49.123689472223795,3.69891015625
49.118443977261904,3.698882421875
49.11319852848668,3.69878984375
49.10795308586957,3.698825390625
49.10270760876674,3.69876015625
49.097462137821694,3.6986578125
49.09221669766797,3.698637109375
49.08697120824855,3.698589453125
49.081725707744205,3.6985171875
49.07648023433612,3.6984578125
49.071234741837635,3.698462109375
49.06598922901705,3.698435546875
49.060743776547085,3.69831328125
49.05549831052882,3.69831015625
49.05025282849921,3.698270703125
49.04500739019285,3.69820234375
49.03976191801647,3.698171484375
49.03451644584007,3.698105078125
49.02927100876505,3.698020703125
49.02402554274715,3.697996484375
49.01878008781343,3.69791875
49.01353465936029,3.69789140625
49.00828919087862,3.69784765625
49.00304374333509,3.697790625
48.997798287170035,3.6978
48.99255279898231,3.697731640625
48.987307355133495,3.697652734375
48.982061893425985,3.697606640625
48.97681643048678,3.69751484375
48.971570985406274,3.6975
48.96632551569327,3.697500390625
48.961080068149734,3.697399609375
48.955834615679414,3.69743359375
48.95058913980793,3.6973828125
48.9453437076597,3.69730390625
48.940098256421436,3.69726171875
48.93485281380431,3.697137890625
48.92960738658251,3.69713359375
48.924361915637824,3.697126953125
48.91911646686258,3.697044921875
48.913870987296015,3.69702109375
48.90862548063391,3.696987890625
48.90338000599413,3.6969140625
48.89813452150113,3.69688203125
48.89288904932474,3.69678125
48.88764359192799,3.69676015625
48.88239811236177,3.696729296875
48.877152656196714,3.69663046875
48.8719072024947,3.696626953125
48.8666617303183,3.696573828125
48.861416285237794,3.6964875
48.85617082784105,3.6964703125
48.85092536059108,3.69639453125
48.84567993336964,3.6963640625
48.840434467351365,3.696349609375
48.835189011186316,3.696249609375
48.82994357780638,3.696196484375
48.82469810193526,3.696195703125
48.819452641459094,3.69608984375
48.81420720130538,3.696051171875
48.808961727897284,3.69600859375
48.80371628897527,3.695933203125
48.79847085559534,3.6959453125
48.79322538711367,3.6959015625
48.78797994880731,3.695805078125
48.7827345086536,3.695851953125
48.77748903770891,3.69576484375
48.77224360802408,3.69565
48.76699816971772,3.6956859375
48.76175270554682,3.695628515625
48.75650727832537,3.69550859375
48.75126183078147,3.695530859375
48.74601634998356,3.695446875
48.740770887044356,3.695369140625
48.73552543826912,3.695387890625
48.73027994884969,3.695325
48.72503448714219,3.6952828125
48.71978904575678,3.69518671875
48.71454356865396,3.695180078125
48.70929810263569,3.6950734375
48.70405268465143,3.695035546875
48.69880721370637,3.69503984375
48.69356173906659,3.6949390625
48.68831630199193,3.69490546875
48.68307084459518,3.69486171875
48.67782538288766,3.69483359375
48.67257996182435,3.69475234375
48.66733452167063,3.694762109375
48.66208906550558,3.694699609375
48.65684364074717,3.694619921875
48.65159824554803,3.6945625
48.646352809705085,3.69455234375
48.64110738125194,3.694433203125
48.63586197619959,3.694412109375
48.63061655267325,3.69440234375
48.62537108542328,3.69437578125
48.62012565450675,3.6942921875
48.61488023098004,3.694249609375
48.609634764961775,3.69421875
48.60438930325426,3.694137109375
48.599143864947905,3.694098046875
48.593898400161336,3.694119140625
48.58865291690003,3.6940296875
48.58340746812479,3.693949609375
48.57816205814603,3.693903515625
48.572916597670215,3.69384765625
48.56767112056739,3.69380703125
48.562425689650865,3.693748828125
48.55718024580206,3.693677734375
48.55193475638263,3.693674609375
48.54668928297453,3.693579296875
48.541443834199306,3.693558984375
48.53619836448594,3.693549609375
48.53095287321915,3.69348984375
48.52570742690732,3.6933875
48.520462012617784,3.693344921875
48.51521654967858,3.69330234375
48.50997109720825,3.69323046875
48.50472566752342,3.693190625
48.499480226138004,3.69320234375
48.494234757656706,3.69315390625
48.488989312576194,3.693047265625
48.48374389151287,3.69303828125
48.47849845135916,3.693046484375
48.47325299211468,3.692994921875
48.468007563661544,3.69284765625
48.462762172157504,3.69280078125
48.45751673200379,3.692809765625
48.45227126783288,3.69277734375
48.44702584307447,3.6927
48.441780452802135,3.692647265625
48.43653501388012,3.6926203125
48.43128955217261,3.692637890625
48.42604413541968,3.6925109375
48.42079873406279,3.6924234375
48.41555328775058,3.6924453125
48.410307824811376,3.692419921875
48.40506240128467,3.692312109375
48.39981700115948,3.69226015625
48.39457155731067,3.692256640625
48.38932607651276,3.692236328125
48.38408061603695,3.692084765625
48.37883517095644,3.692088671875
48.37358971048062,3.6920921875
48.36834422598763,3.692030859375
48.36309875381124,3.6919296875
48.35785331119413,3.69190234375
48.35260788643571,3.691834375
48.34736239701628,3.691818359375
48.342116891585526,3.691789453125
48.33687142679895,3.691730078125
48.33162598541353,3.691646484375
48.32638050707902,3.691636328125
48.32113501334884,3.691590234375
48.315889533782624,3.691490625
48.31064409547627,3.69146875
48.30539867995504,3.6913953125
48.300153196694104,3.691403515625
48.29490769495807,3.69136484375
48.28966221292847,3.691226953125
48.28441675553171,3.691215234375
48.27917130059835,3.691191796875
48.27392578900947,3.6911640625
48.26868025032433,3.6911203125
48.263434763368295,3.690991015625
48.258189301660785,3.69095625
48.25294385042216,3.690948828125
48.24769835361291,3.690892578125
48.24245285064554,3.6908828125
48.23720739016973,3.6907640625
48.2319619592532,3.690751171875
48.22671653942122,3.69068203125
48.22147106231839,3.690750390625
48.21622555688763,3.69064375
48.210980041603655,3.690622265625
48.20573458420691,3.690455859375
48.20048914282149,3.690454296875
48.19524371683175,3.690403515625
48.18999822556459,3.690417578125
48.18475271274401,3.690336328125
48.17950718329642,3.690279296875
48.1742617037302,3.690175390625
48.169016237711936,3.690149609375
48.16377080063728,3.69010703125
48.15852536972074,3.69005859375
48.153279874758866,3.690074609375
48.148034359474885,3.68997734375
48.14278883495409,3.689940625
48.13754333814484,3.689855859375
48.13229787397393,3.68982734375
48.1270524264304,3.689716796875
48.12180700167198,3.689691015625
48.1165615294956,3.68975390625
48.11131600620613,3.689673046875
48.10607047306345,3.68965390625
48.100824946078895,3.689588671875
48.095579415399605,3.6895640625
48.09033394938134,3.68943125
48.08508849321629,3.6894296875
48.07984304813577,3.68936796875
48.074597609829425,3.689355078125
48.06935219307687,3.68927734375
48.064106715973686,3.689269921875
48.05886119637931,3.689243359375
48.05361567185815,3.68914453125
48.04837014856869,3.689073828125
48.0431246357481,3.6890734375
48.037879094599575,3.688998828125
48.032633539287424,3.688996484375
48.02738804802063,3.68890234375
48.0221425980137,3.688790625
48.016897133227125,3.688765625
48.01165166597717,3.688746484375
48.00640621473854,3.688713671875
48.00116077335312,3.6886421875
47.995915333199406,3.68857421875
47.990669917678545,3.6885796875
47.985424508931466,3.688522265625
47.980179097721006,3.688435546875
47.974933657567284,3.6884078125
47.96968816075804,3.688355859375
47.9644426079093,3.68831796875
47.95919701687939,3.688301171875
47.953951406759444,3.688261328125
47.94870579356007,3.688238671875
47.943460189598255,3.688168359375
47.93821458809983,3.688145703125
47.93296901061786,3.68804921875
47.9277234491476,3.688007421875
47.922477893835456,3.687972265625
47.91723233606029,3.68793046875
47.911986788137966,3.687830078125
47.90674124267868,3.687776171875
47.9014957107677,3.687757421875
47.896250174545955,3.68770234375
47.891004633397785,3.68765859375
47.88575908424377,3.687655859375
47.88051355972261,3.687587109375
47.875268042591266,3.687568359375
47.87002251683876,3.68752109375
47.86477699601234,3.68746328125
47.85953147395456,3.687414453125
47.85428593650112,3.687370703125
47.84904037872595,3.687328125
47.8437948123289,3.687273828125
47.83854923484731,3.687205859375
47.83330366660288,3.68717109375
47.82805810020584,3.68711953125
47.82281254735708,3.687081640625
47.81756700312986,3.687026171875
47.81232147984039,3.68698984375
47.807075964556404,3.6869546875
47.8018304825268,3.686890234375
47.79658501527684,3.68683828125
47.791339559111776,3.68682265625
47.78609411895807,3.686745703125
47.78084871760081,3.686678125
47.77560334703454,3.68664921875
47.770357980163354,3.686591015625
47.76511259666517,3.6865375
47.7598672224038,3.686476953125
47.75462184444807,3.68641875
47.74937646218122,3.68636875
47.7441310817621,3.686330078125
47.73888569703184,3.6862921875
47.73364031107026,3.686255078125
47.72839493188247,3.68619765625
47.723149549615975,3.68611953125
47.71790417781801,3.686068359375
47.7126588047887,3.68600390625
47.707413428064314,3.685947265625
47.70216804764482,3.6859171875
47.696922652446055,3.6859015625
47.69167724123559,3.68585
47.68643183125718,3.68579375
47.681186426205194,3.68575859375
47.675941028542674,3.685709375
47.670695649355245,3.685671875
47.6654502837154,3.685595703125
47.66020492608176,3.685573046875
47.654959581995705,3.68551953125
47.64971423175153,3.68546640625
47.64446888643414,3.68542578125
47.63922353865336,3.68537578125
47.63397818717748,3.68533046875
47.628732835701605,3.685315234375
47.6234874626723,3.685247265625
47.61824208040545,3.68518671875
47.61299668520668,3.6851453125
47.607751268453754,3.68510234375
47.60250584246401,3.685047265625
47.59726041031578,3.684984765625
47.59201498555738,3.684890625
47.586769572499904,3.68487890625
47.58152416375284,3.68483515625
47.57627875131067,3.684799609375
47.571033325320926,3.684748828125
47.565787903025914,3.6846984375
47.560542486273356,3.684637890625
47.55529707321552,3.684586328125
47.55005165769429,3.68455625
47.54480624894759,3.684481640625
47.53956085990658,3.684433203125
47.534315479487454,3.68439140625
47.529070103994755,3.684370703125
47.523824743897364,3.684344140625
47.51857938872676,3.684266015625
47.5133340446407,3.684229296875
47.50808869439689,3.684234765625
47.50284333922629,3.6841953125
47.49759795018527,3.6841546875
47.49235251003155,3.684106640625
47.487107007064196,3.68409296875
47.4818614628366,3.684009375
47.47661590136634,3.683956640625
47.471370353444016,3.683917578125
47.466124832617936,3.683856640625
47.46087931179151,3.683814453125
47.45563378480732,3.68377265625
47.45038825659106,3.683747265625
47.44514270497401,3.683698046875
47.4398971330345,3.683642578125
47.43465155924799,3.683530859375
47.42940603595853,3.683478515625
47.42416057979311,3.683434375
47.41891514395015,3.68336953125
47.4136697179604,3.683337109375
47.408424293201996,3.683327734375
47.40317886474886,3.683275390625
47.39793344922764,3.68319375
47.39268805279717,3.683147265625
47.38744267237768,3.683170703125
47.382197266094,3.683130078125
47.37695179638101,3.68302734375
47.37170628048136,3.683
47.366460771355506,3.68293359375
47.36121525607189,3.682927734375
47.35596973647715,3.68286171875
47.35072421811412,3.68281328125
47.34547869112992,3.682818359375
47.340233128427954,3.682760546875
47.33498754725126,3.682669921875
47.32974198023855,3.682600390625
47.32449645079095,3.682558984375
47.319250990314785,3.682503515625
47.31400555693522,3.68244765625
47.3087601167815,3.68242109375
47.30351468093817,3.6823765625
47.29826925494843,3.6823484375
47.29302384866476,3.6822828125
47.287778436222595,3.682241015625
47.28253304348686,3.682194140625
47.27728767292094,3.682199609375
47.27204227156369,3.68215546875
47.26679679815561,3.68211015625
47.26155129272484,3.682084375
47.2563057934522,3.68197265625
47.251060284326705,3.681924609375
47.24581477889595,3.681880859375
47.24056925806987,3.68189296875
47.23532372184813,3.6818265625
47.23007815791448,3.68174296875
47.22483260999215,3.68168125
47.21958713781576,3.68162734375
47.214341713057344,3.6815609375
47.209096296304786,3.68153203125
47.20385089125244,3.6814828125
47.19860548620047,3.681423046875
47.193360081148484,3.681366796875
47.18811469087615,3.681350390625
47.182869278433984,3.68136015625
47.177623792709646,3.68128515625
47.172378303290216,3.68123984375
47.167132799091156,3.68121484375
47.16188728195981,3.6811921875
47.15664174573807,3.681113671875
47.151396190425935,3.681015625
47.14615071701784,3.68095625
47.140905292259426,3.680912109375
47.135659883512716,3.680855859375
47.13041448092377,3.680773046875
47.12516910173598,3.68080859375
47.11992368375172,3.6807859375
47.11467820049078,3.680756640625
47.10943269998644,3.68067421875
47.104187180392074,3.680648828125
47.098941628774654,3.680571875
47.09369611718577,3.680496875
47.08845066225242,3.6804421875
47.08320522394606,3.680375
47.077959782560285,3.6803203125
47.07271436580772,3.68035234375
47.06746889239963,3.68029921875
47.062223397437755,3.680237109375
47.05697789816547,3.680235546875
47.05173236994922,3.680120703125
47.04648688422488,3.6800828125
47.04124143914438,3.680048828125
47.03599601315463,3.679951171875
47.03075062411363,3.6799390625
47.02550518950236,3.67991484375
47.020259723484095,3.679848046875
47.015014230985614,3.679860546875
47.00976869907462,3.67971328125
47.00452321704501,3.6796734375
46.9992777768913,3.67968671875
46.99403233858495,3.679594140625
46.988786910131445,3.679661328125
46.98354144411318,3.679574609375
46.97829596577866,3.679508984375
46.97305044864733,3.6794578125
46.96780498386075,3.679418359375
46.96255953631721,3.679394921875
46.9573140937001,3.6792765625
46.95206867694754,3.679317578125
46.94682319738097,3.679273046875
46.9415776944136,3.6792078125
46.93633216619771,3.67917734375
46.931086660766944,3.6790734375
46.925841209528315,3.678996484375
46.92059577245365,3.678975
46.915350354469396,3.678952734375
46.91010489707265,3.678925
46.904859402110766,3.6788703125
46.8996138788213,3.67885546875
46.89436834691031,3.678715234375
46.88912288643451,3.6786984375
46.88387744751212,3.6786359375
46.878632035070325,3.678616015625
46.873386607848516,3.678592578125
46.868141148604394,3.67853359375
46.862895666574786,3.678501953125
46.857650159912694,3.6783890625
46.85240469697349,3.678373046875
46.84715925312467,3.678332421875
46.841913819744754,3.67824453125
46.836668383901795,3.678251171875
46.831422922194285,3.67819609375
46.82617744016468,3.67818125
46.82093192980749,3.6780984375
46.815686461325825,3.678034765625
46.810441019940406,3.6780125
46.8051955748599,3.677923046875
46.79995015133319,3.6779796875
46.79470467176698,3.67790703125
46.78945919096907,3.677827734375
46.784213700933975,3.67783828125
46.77896817518111,3.677709765625
46.77372272394249,3.67766015625
46.76847730287918,3.677659375
46.7632318941321,3.677559765625
46.75798652233449,3.67760078125
46.75274108772287,3.677540234375
46.74749562847875,3.67747890625
46.74225014152272,3.6774734375
46.737004615769855,3.6773578125
46.73175916329953,3.677316015625
46.726513754552464,3.67727734375
46.721268354426904,3.677184765625
46.716022987555725,3.677187109375
46.710777556639194,3.67715546875
46.70553210416922,3.67710546875
46.7002866159815,3.677094921875
46.69504109885015,3.677
46.689795630368494,3.676940625
46.68455020068365,3.676898046875
46.67930477223051,3.676828515625
46.67405937087326,3.676873046875
46.66881390916575,3.676805078125
46.66356843452596,3.67673125
46.65832294756993,3.67672265625
46.65307744090747,3.676609375
46.64783199582697,3.676563671875
46.6425865815378,3.676542578125
46.63734118387564,3.6764453125
46.632095807151245,3.676483984375
46.626850379929444,3.676436328125
46.621604928690815,3.676359375
46.616359447892904,3.676303515625
46.611113986185394,3.67623671875
46.60586857312792,3.6762109375
46.600623179160486,3.6761203125
46.59537781105762,3.676146875
46.59013238014108,3.6761203125
46.58488691042809,3.67604609375
46.5796413951441,3.67600703125
46.57439591434619,3.675959765625
46.569150460644174,3.67591015625
46.56390503095933,3.67585234375
46.55865958095241,3.6758703125
46.55341408968562,3.675818359375
46.548168573785965,3.6757453125
46.542923070818595,3.675639453125
46.53767761834827,3.675621875
46.53243218373701,3.675563671875
46.527186745430654,3.67558359375
46.52194126216935,3.675507421875
46.5166957542752,3.67547421875
46.5114502451497,3.6754109375
46.50620478344219,3.675359765625
46.50095935622039,3.67527734375
46.49571389882364,3.675282421875
46.49046840632515,3.675233203125
46.48522288796247,3.67520234375
46.479977397927016,3.67513046875
46.47473193067705,3.675055078125
46.469486488059935,3.675041796875
46.46424099309842,3.675047265625
46.45899547781444,3.674977734375
46.453749943440066,3.674878515625
46.44850447372707,3.67480078125
46.44325902495183,3.67476328125
46.438013579871324,3.6747984375
46.43276810892663,3.6747375
46.42752259364265,3.674683984375
46.42227711407644,3.6745890625
46.41703165791139,3.674546875
46.411786216525975,3.67456328125
46.40654073080127,3.67450390625
46.401295208743505,3.674496875
46.396049718708404,3.67439609375
46.390804266238085,3.6743328125
46.38555884640647,3.674335546875
46.38031339516783,3.67428046875
46.37506791436993,3.67427578125
46.369822429876926,3.674146484375
46.36457699280227,3.674105078125
46.35933159021333,3.674078515625
46.35408615313867,3.6740375
46.34884068896776,3.67406640625
46.343595221718154,3.67394765625
46.338349784643505,3.673878125
46.33310438205454,3.673905859375
46.327858929584224,3.6738046875
46.3226134401648,3.67374765625
46.31736796429367,3.673698828125
46.31212251059165,3.673640234375
46.30687704457338,3.67366875
46.3016315440694,3.673606640625
46.29638602201128,3.673492578125
46.29114055229827,3.67346015625
46.28589512877157,3.67346015625
46.28064965782688,3.67340625
46.27540414377459,3.673395703125
46.27015866913481,3.6732625
46.26491320989069,3.67323359375
46.259667732787506,3.673221484375
46.25442223905733,3.673198828125
46.24917676441754,3.673122265625
46.24393132734288,3.673040234375
46.23868587733595,3.673033203125
46.233440400233135,3.6730109375
46.22819492066693,3.67293046875
46.22294947312302,3.672866015625
46.21770400895248,3.672862109375
46.2124585139906,3.672841796875
46.20721302395514,3.67273203125
46.20196756347932,3.672647265625
46.196722099308786,3.6726890625
46.1914766055786,3.6726671875
46.1862311334022,3.672534375
46.180985679700186,3.67248359375
46.17574022045607,3.67246484375
46.17049473226834,3.672458203125
46.16524926255497,3.6723734375
46.16000383410184,3.6723375
46.154758373626024,3.672303125
46.14951287866415,3.672234765625
46.14426742249909,3.672177734375
46.13902198111368,3.672199609375
46.13377650893692,3.672135546875
46.12853102444428,3.67205859375
46.123285583058866,3.67196953125
46.11804014044176,3.672008203125
46.11279466703367,3.671976171875
46.10754919732031,3.671884375
46.10230375470319,3.67181875
46.0970582849902,3.671830078125
46.09181277463301,3.671775
46.08656729876153,3.67167265625
46.081321859839505,3.671637109375
46.076076398131995,3.6716171875
46.07083090440181,3.67154296875
46.0655854414626,3.671503125
46.06034001054607,3.671491015625
46.05509453344289,3.671425
46.04984904525516,3.67135859375
46.04460358354764,3.671326953125
46.0393581261509,3.671311328125
46.03411263796316,3.671265234375
46.02886715347053,3.671171484375
46.02362170469493,3.6711359375
46.018376248529876,3.6711171875
46.013130753568,3.67108359375
46.00788529863464,3.671017578125
46.002639871413194,3.6710609375
45.997394408473994,3.670962890625
45.99214890181153,3.67087265625
45.98690343209853,3.670837890625
45.981657997486906,3.670871875
45.97641251299391,3.670786328125
45.97116698970444,3.670715234375
45.96592151013823,3.67069375
45.960676056436576,3.67066640625
45.955430568248836,3.670619140625
45.95018504495901,3.670600390625
45.94493954814977,3.67049140625
45.93969407720507,3.67045078125
45.934448637051354,3.67048515625
45.92920314208947,3.670420703125
45.923957622495095,3.670370703125
45.91871213122794,3.670259375
45.91346668122102,3.67022578125
45.908221273705635,3.670228515625
45.902975822467376,3.670158203125
45.8977303416691,3.670142578125
45.89248482638548,3.67001015625
45.887239365909664,3.6699828125
45.88199392760332,3.66994609375
45.87674851762455,3.66992578125
45.87150306638591,3.669841796875
45.866257600367646,3.66981640625
45.86101210786916,3.669821484375
45.85576659751197,3.669680078125
45.85052113580446,3.669647265625
45.845275704887925,3.669603515625
45.84003030229898,3.669518359375
45.83478490586852,3.669554296875
45.829539455861585,3.66953671875
45.82429399169069,3.6694546875
45.81904850966107,3.669450390625
45.813802999303874,3.669346875
45.808557559150174,3.669292578125
45.80331214609233,3.669233203125
45.79806673734526,3.669218359375
45.79282132613516,3.669116796875
45.78757595064246,3.66918125
45.78233051048875,3.6691109375
45.777085035848955,3.669087109375
45.77183955997747,3.668995703125
45.76659407425314,3.668998828125
45.76134855096367,3.668963671875
45.75610302890554,3.6688546875
45.7508575825937,3.668826171875
45.745612165841145,3.668770703125
45.74036676202049,3.66876953125
45.73512133726208,3.668685546875
45.729875938368224,3.66862109375
45.72463056041249,3.668631640625
45.71938510547878,3.668606640625
45.714139604974804,3.668576171875
45.708894097080645,3.668521484375
45.70364857748591,3.668441796875
45.69840303325867,3.668444140625
45.69315746809332,3.66838125
45.68791192817685,3.66828671875
45.682666465237645,3.668243359375
45.677421035552804,3.668198046875
45.67217562803743,3.668200390625
45.66693020451072,3.66810390625
45.66168477852061,3.66804375
45.65643936607881,3.668035546875
45.65119396718495,3.66802421875
45.64594852579954,3.668007421875
45.640703030837656,3.667953125
45.635457520480465,3.667880859375
45.63021200889158,3.6678484375
45.62496647020644,3.667770703125
45.61972091982109,3.667734765625
45.6144754439496,3.667687109375
45.60923000687496,3.6676109375
45.6039845901224,3.667540625
45.59873920292875,3.66754453125
45.59349378987129,3.667510546875
45.58824834232738,3.66746328125
45.58300287938854,3.66742578125
45.5777573813476,3.667380078125
45.572511930108966,3.667268359375
45.56726652259359,3.667236328125
45.562021129857854,3.667155859375
45.55677575682855,3.667219921875
45.55153033330184,3.667164453125
45.54628488822134,3.6670859375
45.54103941111852,3.66705078125
45.53579393771043,3.666996484375
45.530548514183714,3.66694140625
45.52530311282646,3.66686640625
45.520057747186975,3.666909375
45.514812315038746,3.66681328125
45.509566865031815,3.66676328125
45.50432136329614,3.666713671875
45.49907590281996,3.66667734375
45.49383046389794,3.666611328125
45.488585034213116,3.666563671875
45.48333959036431,3.66659921875
45.47809410340827,3.66654140625
45.472848596745806,3.666501953125
45.46760309624147,3.6664015625
45.46235764992963,3.66638046875
45.45711222763461,3.666294921875
45.451866837362275,3.6663046875
45.44662139228176,3.666265625
45.441375929342556,3.666223828125
45.43613043253332,3.6660875
45.43088499792205,3.666054296875
45.425639579937794,3.666023828125
45.420394197670944,3.666051953125
45.41514877783932,3.666007421875
45.409903331527126,3.665943359375
45.40465783902863,3.665874609375
45.399412390253396,3.665801953125
45.394166977811594,3.6657859375
45.388921585075856,3.66577109375
45.38367613999535,3.665727734375
45.37843067520878,3.66566953125
45.37318517839954,3.66562265625
45.367939721002784,3.665562109375
45.362694297476075,3.66551484375
45.35744889981391,3.66552890625
45.352203454733406,3.665476171875
45.34695798132532,3.66543515625
45.341712469736436,3.665320703125
45.33646701233968,3.665328125
45.33122157403333,3.66524296875
45.325976109862424,3.665257421875
45.32073061859563,3.665213671875
45.31548509284277,3.66514140625
45.31023961081353,3.665103125
45.30499416942775,3.665015234375
45.29974872804234,3.665033984375
45.29450326079274,3.664996484375
45.28925775413027,3.664914453125
45.28401230042825,3.664906640625
45.278766876901535,3.664807421875
45.27352143305309,3.664834765625
45.268275952254825,3.664766015625
45.26303045298254,3.664705859375
45.257785001743905,3.66464765625
45.252539590533445,3.664602734375
45.24729414914803,3.66460703125
45.24204867204521,3.66452890625
45.23680317400427,3.664474609375
45.23155772522903,3.664434375
45.226312296775895,3.664355859375
45.22106684430557,3.664356640625
45.21582135858087,3.66434375
45.210575837754796,3.664206640625
45.205330365578405,3.664208203125
45.20008491187638,3.664129296875
45.19483944093169,3.664161328125
45.189593945969804,3.6640859375
45.18434840851673,3.66402890625
45.17910292032864,3.66395078125
45.173857462931885,3.663913671875
45.16861202400987,3.663975390625
45.16336653705383,3.6638859375
45.158121023001556,3.663878515625
45.15287549478529,3.6637484375
45.147630034309486,3.663748828125
45.14238460092992,3.663664453125
45.13713917863491,3.66367265625
45.13189372370118,3.66361640625
45.12664823797685,3.66359765625
45.121402751020824,3.663490625
45.11615730470862,3.66345078125
45.11091187995021,3.663375
45.105666461965946,3.663409765625
45.10042099594768,3.66335859375
45.09517551514976,3.663312109375
45.08993000725597,3.663201953125
45.08468457018096,3.663167578125
45.07943916389728,3.6631703125
45.07419376500342,3.6631328125
45.06894832669707,3.66309765625
45.06370285452068,3.663051171875
45.05845734662689,3.663021875
45.053211849817636,3.6629171875
45.04796642136414,3.6628734375
45.04272100584327,3.66279609375
45.03747562234472,3.66283046875
45.03223016617967,3.6627875
45.02698468538176,3.66270078125
45.02173919041987,3.66270078125
45.01649368622081,3.6626046875
45.01124823744557,3.662561328125
45.00600280406565,3.662519921875
45.0007573793076,3.662471484375
44.99551198041374,3.662496875
44.99026652424833,3.662439453125
44.985021044682114,3.662358203125
44.97977554540984,3.662355078125
44.97453001349886,3.6622203125
44.96928454501719,3.66219296875
44.964039110405565,3.662132421875
44.95879370042716,3.66211796875
44.953548308923125,3.6620234375
44.948302930967024,3.662076171875
44.94305748588652,3.66200390625
44.93781203095317,3.6619640625
44.93256656801396,3.661942578125
44.927321081057926,3.66189921875
44.92207558732774,3.661773046875
44.91683016934348,3.66175625
44.91158478707663,3.661702734375
44.90633941527902,3.66166484375
44.90109403609123,3.66159453125
44.8958486759942,3.661603125
44.89060331589681,3.6616140625
44.88535788744367,3.661532421875
44.88011243497335,3.66150078125
44.874866982503015,3.661431640625
44.869621522027195,3.66141875
44.86437604369269,3.66141875
44.859130545651745,3.66133984375
44.853885028520395,3.66126953125
44.84863953355852,3.66120390625
44.84339411003217,3.66118203125
44.83814871606474,3.66114765625
44.83290333256619,3.66106328125
44.827657944757235,3.661031640625
44.82241256433775,3.66101484375
44.81716719377184,3.66096484375
44.81192182936369,3.660903125
44.80667643909135,3.6608609375
44.80143104389258,3.66081015625
44.79618566039403,3.66073125
44.79094030152834,3.66071796875
44.78569495497925,3.6606734375
44.7804496219781,3.660646484375
44.77520428220281,3.660638671875
44.76995894612261,3.66059765625
44.7647136088107,3.660590234375
44.759468247481976,3.6605125
44.754222873220975,3.660508984375
44.74897747555845,3.6604484375
44.743732071738165,3.66040234375
44.73848666422279,3.66034921875
44.73324127148705,3.66031015625
44.727995900921144,3.66023828125
44.72275053959205,3.660191015625
44.717505180726356,3.660115625
44.712259834177274,3.660037890625
44.70701449132291,3.660015625
44.7017691386157,3.659989453125
44.69652376928113,3.659955859375
44.69127837777709,3.659922265625
44.686032999820995,3.659849609375
44.680787630486776,3.659809765625
44.675542229129526,3.6597625
44.67029684132022,3.65976484375
44.66505147075431,3.65966328125
44.65980611312031,3.6596515625
44.65456074748047,3.6595734375
44.64931532641715,3.65956328125
44.64406985177736,3.6595578125
44.63882433649374,3.65953359375
44.633578822441464,3.659496484375
44.628333314547305,3.659429296875
44.62308781527503,3.659359375
44.617842332013716,3.659332421875
44.61259686722715,3.6592859375
44.60735138519754,3.65927109375
44.602105917947576,3.6592125
44.596860456240066,3.659195703125
44.59161497790555,3.659132421875
44.58636947740121,3.6590890625
44.58112397936027,3.65905234375
44.575878535511826,3.659038671875
44.570633144007786,3.658936328125
44.56538778514209,3.65886328125
44.56014243243452,3.65881640625
44.55489707356919,3.658783984375
44.5496517245567,3.658733203125
44.5444063872448,3.65871484375
44.53916103576893,3.658652734375
44.53391566520302,3.6585875
44.528670302026555,3.6585765625
44.523424956708816,3.658570703125
44.51817961693387,3.65850546875
44.51293428085366,3.6584234375
44.507688912750794,3.65842265625
44.50244350154032,3.65836875
44.49719803860111,3.658328125
44.49195254856602,3.658314453125
44.48670704436696,3.658262109375
44.48146153893619,3.65824375
44.476216040895245,3.6581765625
44.47097054962846,3.658146484375
44.46572506144073,3.65810625
44.46047956093639,3.658049609375
44.455234062895805,3.65798984375
44.44998856608656,3.657975
44.44474307666713,3.65791171875
44.43949758847904,3.657849609375
44.43425211383962,3.65781953125
44.42900662442019,3.657774609375
44.42376112391585,3.65772421875
44.418515645581344,3.65771640625
44.41327019311101,3.65766875
44.40802472093463,3.65761796875
44.40277923890502,3.657595703125
44.39753372731613,3.657548046875
44.39228821018478,3.657505078125
44.38704274047179,3.657469921875
44.381797334187745,3.657376171875
44.37655197285902,3.65732109375
44.37130661276199,3.65730390625
44.36606123850063,3.657248828125
44.36081585377074,3.6572484375
44.35557047704635,3.65715390625
44.35032509909025,3.657108984375
44.34507972852434,3.6570953125
44.339834372122034,3.6570390625
44.33458898184933,3.656989453125
44.32934351459973,3.656989453125
44.324098011631996,3.656966015625
44.3188525049699,3.656904296875
44.31360699584404,3.65687109375
44.30836149164497,3.656813671875
44.30311596835551,3.65682421875
44.29787050233724,3.656708203125
44.2926250714207,3.656650390625
44.28737964419926,3.65662109375
44.28213422313595,3.65658984375
44.27688882916851,3.656538671875
44.27164339825199,3.656536328125
44.266397897747645,3.65652421875
44.261152375689875,3.656470703125
44.2559068560955,3.65645703125
44.25066130570979,3.656423046875
44.24541580766885,3.65629375
44.240170360125305,3.656248046875
44.23492493044047,3.6562203125
44.2296795229251,3.6561828125
44.22443410494084,3.656146875
44.21918861367368,3.65617578125
44.21394311193801,3.656069140625
44.20869762498198,3.656014453125
44.203452124477636,3.65598828125
44.19820669971959,3.655892578125
44.19296129097253,3.655884375
44.187715895773394,3.6558359375
44.18247050981181,3.655782421875
44.17722506226827,3.6557921875
44.171979595018314,3.655733203125
44.16673412284192,3.655696484375
44.16148864450704,3.65566171875
44.15624321728559,3.655553515625
44.15099780730683,3.6555578125
44.14575241703449,3.65547734375
44.14050703476764,3.655421875
44.135261594613915,3.655461328125
44.13001612859565,3.65536640625
44.12477064287131,3.655371484375
44.11952515714662,3.6553421875
44.11427972623008,3.65522734375
44.1090343199464,3.65520703125
44.103788932753126,3.65515390625
44.09854354371249,3.65508671875
44.093298097400286,3.65508046875
44.088052635692776,3.65503515625
44.08280716597977,3.655026171875
44.07756171474115,3.654978515625
44.072316297988586,3.654876171875
44.06707090032643,3.654836328125
44.06182550882238,3.654784765625
44.05658008529567,3.65475078125
44.05133460203437,3.654734375
44.04608910522513,3.65467421875
44.04084360102606,3.654633203125
44.03559813008136,3.654567578125
44.03035270162786,3.65451640625
44.02510728918606,3.654480078125
44.0198618939873,3.654423046875
44.01461646060737,3.65446171875
44.009370990894006,3.654396484375
44.004125506401365,3.654356640625
43.99888000836043,3.654317578125
43.99363452879421,3.6542734375
43.98838910157241,3.6541828125
43.98314368605155,3.65414453125
43.97789827607277,3.654131640625
43.972652892574594,3.65404140625
43.96740743887256,3.65407109375
43.96216196546448,3.654009765625
43.956916483434874,3.65396171875
43.951671002636964,3.653915234375
43.94642548427428,3.653905859375
43.941180028108874,3.653797265625
43.935934603350816,3.6537578125
43.9306891878296,3.653788671875
43.92544376676628,3.65366875
43.92019837033582,3.6536546875
43.91495294311401,3.653625390625
43.90970746354779,3.653598828125
43.904461965506854,3.65353828125
43.89921645268627,3.653533984375
43.893970949718906,3.65347734375
43.88872542642944,3.653448046875
43.88347994932625,3.653412890625
43.878234539347844,3.65328046875
43.87298914661211,3.653281640625
43.86774375018129,3.653241015625
43.86249836114064,3.653173046875
43.85725298072152,3.65314296875
43.852007602765426,3.653078125
43.84676217431229,3.653096875
43.84151668489286,3.65304609375
43.83627119116267,3.652999609375
43.83102569989589,3.6529609375
43.825780214171175,3.6529140625
43.82053471243552,3.6528765625
43.815289198383226,3.652852734375
43.81004375330272,3.652753515625
43.80479834086092,3.652713671875
43.7995529185659,3.652674609375
43.794307498734284,3.65266640625
43.789062078902305,3.652566796875
43.78381668862997,3.652560546875
43.77857129712592,3.6525015625
43.77332582125444,3.6525203125
43.76808031828707,3.6524921875
43.762834812856305,3.65240859375
43.757589313584035,3.652395703125
43.75234383155443,3.652366796875
43.74709832981839,3.652305078125
43.741852826851016,3.652321484375
43.736607385465604,3.65220078125
43.731361961938894,3.652137109375
43.72611653718049,3.652096875
43.72087109456337,3.65206796875
43.715625667341925,3.652022265625
43.710380233962006,3.651990625
43.705134821520204,3.651930859375
43.69988941893126,3.6518984375
43.694643954760714,3.651849609375
43.68939843147125,3.65186171875
43.68415289155441,3.651876171875
43.67890734855887,3.65178125
43.67366181110544,3.65170859375
43.668416290279005,3.651676953125
43.66317077437936,3.651628125
43.65792528311257,3.651641796875
43.652679773987074,3.651544921875
43.647434234070246,3.65150078125
43.6421886812215,3.651472265625
43.6369431530056,3.651462109375
43.63169768082885,3.651386328125
43.62645225237571,3.651300390625
43.62120684116561,3.6512828125
43.615961457667055,3.651189453125
43.61071607416887,3.651166796875
43.60547068266483,3.651141015625
43.600225283770975,3.651092578125
43.594979883645415,3.65105546875
43.58973447489835,3.651017578125
43.584489048908246,3.650967578125
43.579243619223405,3.650928125
43.57399819939178,3.650898828125
43.5687527795598,3.650868359375
43.56350736280724,3.65079609375
43.55826193804883,3.650777734375
43.553016526838725,3.65073359375
43.54777112424978,3.650698046875
43.54252571180798,3.65063515625
43.537280306755996,3.650612109375
43.53203490170365,3.6505421875
43.52678949665168,3.65048359375
43.5215440891363,3.650502734375
43.516298686547714,3.650429296875
43.51105326856345,3.650392578125
43.50580785550562,3.65038046875
43.50056244429516,3.650272265625
43.49531703924318,3.65026796875
43.4900716317278,3.650235546875
43.48482623899206,3.65017109375
43.47958083517178,3.65011328125
43.4743354301198,3.65009609375
43.469090015830275,3.6500328125
43.46384460461981,3.650006640625
43.458599197104796,3.649962890625
43.45335378404697,3.64992265625
43.44810839007954,3.649876953125
43.44286300658135,3.64983671875
43.43761763108828,3.64981015625
43.43237226175407,3.649721875
43.42712689857761,3.6496671875
43.42188154463871,3.6496359375
43.41663618454131,3.64960234375
43.411390822596566,3.649587890625
43.40614546742596,3.649513671875
43.40090012210857,3.649467578125
43.39565476693796,3.649475
43.39040941176699,3.649373828125
43.38516406398622,3.64933125
43.379918725442614,3.649316015625
43.37467337766183,3.64930234375
43.36942802249123,3.649239453125
43.364182659315134,3.649197265625
43.35893729490698,3.649194140625
43.35369191571919,3.649127734375
43.348446524215156,3.649080078125
43.34320113825357,3.649076171875
43.337955754755384,3.64901171875
43.33271038172571,3.6489890625
43.3274650111598,3.648951171875
43.32221964798335,3.648899609375
43.31697429527614,3.64884921875
43.31172895550085,3.64881953125
43.30648360895176,3.648765234375
43.3012382457753,3.648722265625
43.295992869050906,3.648691015625
43.29074747015705,3.648637890625
43.285502057099215,3.648598828125
43.280256647120815,3.648538671875
43.27501123591034,3.6484953125
43.26976583332176,3.648482421875
43.26452042211129,3.64842109375
43.25927499735288,3.6483890625
43.254029581832015,3.648363671875
43.2487841620004,3.648311328125
43.24353872862047,3.648306640625
43.238293305093755,3.648228125
43.23304791482142,3.64818828125
43.227802543023444,3.648161328125
43.22255716999414,3.64809765625
43.21731178403256,3.6480609375
43.21206638760173,3.6480640625
43.20682097208087,3.647994921875
43.20157554732246,3.647941015625
43.1963301127112,3.647892578125
43.19108468548939,3.6478640625
43.18583927120023,3.647791015625
43.180593858142394,3.64773046875
43.17534846787006,3.647715234375
43.17010309114566,3.647655078125
43.164857739669785,3.64764921875
43.159612393120696,3.64762265625
43.15436705888786,3.6475953125
43.14912171788123,3.647576171875
43.1438763202187,3.647545703125
43.138630846810614,3.647484765625
43.13338534014852,3.647437109375
43.12813980392677,3.6474453125
43.122894270784094,3.647378515625
43.11764877582221,3.64731484375
43.1124032950243,3.647283984375
43.10715779575167,3.6472390625
43.101912291552594,3.64719765625
43.096666779963705,3.647146484375
43.091421261601035,3.64713515625
43.086175739542895,3.647107421875
43.08093019654737,3.6471078125
43.07568464000353,3.647009765625
43.070439076069874,3.646908203125
43.06519353307397,3.646881640625
43.05994806582437,3.646825
43.05470264784012,3.646756640625
43.04945726310987,3.646754296875
43.044211886385476,3.6466796875
43.03896649857653,3.646654296875
43.03372111261495,3.64667265625
43.028475717415816,3.646624609375
43.02323032221668,3.646542578125
43.0179849183964,3.64650078125
43.012739523197276,3.646439453125
43.00749414093079,3.646382421875
43.0022487808334,3.646356640625
42.99700342689449,3.64636640625
42.99175806926049,3.646354296875
42.986512670366636,3.646298046875
42.981267192032114,3.6462859375
42.97602167120568,3.646228125
42.970776146684514,3.646181640625
42.96553063755903,3.64614765625
42.96028511303786,3.64611484375
42.955039568810626,3.64606796875
42.949794030125496,3.646030078125
42.94454850067791,3.645969921875
42.93930296630353,3.645969921875
42.934057414686116,3.645933203125
42.92881186060568,3.645884375
42.92356629420899,3.645821875
42.91832071795872,3.645726171875
42.9130751712681,3.645688671875
42.90782969786,3.645633984375
42.90258427063856,3.645621875
42.89733886928131,3.64554296875
42.89209346669273,3.6455125
42.88684807765172,3.645458984375
42.88160267629447,3.645441015625
42.876357259541905,3.6454015625
42.87111184155765,3.64531875
42.86586643157889,3.64526640625
42.86062104130654,3.6452859375
42.8553756522659,3.645328125
42.85013021519124,3.645256640625
42.84488472946654,3.645201171875
42.8396392326573,3.645192578125
42.83439375678618,3.6451296875
42.82914826675072,3.64507578125
42.823902773020535,3.645028125
42.81865727128486,3.645001953125
42.813411767085796,3.6449765625
42.8081662253216,3.64491953125
42.802920695874015,3.644850390625
42.7976752341665,3.644780859375
42.792429821724696,3.644773046875
42.78718441420932,3.6447140625
42.781939023936985,3.644673046875
42.77669365090731,3.644638671875
42.77144826740913,3.64455
42.76620290176928,3.64449765625
42.7609575515251,3.644576953125
42.755712140315,3.644494140625
42.75046668784467,3.644434765625
42.745221228600556,3.64438515625
42.73997575272907,3.644363671875
42.73473027808929,3.64433359375
42.72948478867022,3.644305078125
42.72423927708097,3.64417734375
42.71899382091591,3.644162109375
42.713748413400545,3.64411484375
42.70850300958026,3.64409296875
42.7032576106864,3.644034765625
42.69801222349312,3.643973046875
42.69276687078555,3.643936328125
42.68752151807834,3.64395625
42.682276094551625,3.6439078125
42.67703065994001,3.643880078125
42.67178520993307,3.643826171875
42.66653974822556,3.64380859375
42.661294269891044,3.64378203125
42.656048761996885,3.6436875
42.650803319379776,3.643650390625
42.64555791555949,3.643625
42.64031252036072,3.64356875
42.63506714363633,3.643541015625
42.62982176691193,3.64346796875
42.62457640681454,3.6434609375
42.61933103871166,3.643447265625
42.61408560163701,3.64340859375
42.6088401590199,3.64335546875
42.603594689306895,3.643301171875
42.59834920604559,3.64326875
42.5931036944567,3.643278515625
42.58785816993554,3.64314765625
42.58261271746522,3.64309609375
42.57736730071266,3.643085546875
42.572121894428975,3.643065625
42.5668764869136,3.642991796875
42.561631079398225,3.642929296875
42.55638569158892,3.642912890625
42.55114032348604,3.642926953125
42.54589489010648,3.642894140625
42.54064942285651,3.642815234375
42.53540395683824,3.642776171875
42.53015846187636,3.642734375
42.524912969377866,3.642708984375
42.51966747811108,3.642705078125
42.514421960979746,3.642630078125
42.509176421063266,3.642555078125
42.50393090146853,3.642471875
42.498685461314814,3.64244453125
42.49344005379944,3.64243203125
42.48819465736861,3.642390625
42.48294925354833,3.64239609375
42.477703860812596,3.64232890625
42.47245846315043,3.642267578125
42.467213066719964,3.642211328125
42.46196767952633,3.642170703125
42.456722323124026,3.642109375
42.45147699504967,3.642145703125
42.44623165096361,3.64210625
42.440986244679934,3.642087890625
42.43574077127185,3.641999609375
42.43049526460938,3.641976171875
42.42524976780014,3.641946484375
42.420004283307506,3.641894921875
42.41475878526656,3.6418421875
42.40951328845731,3.64180546875
42.404267794727126,3.641781640625
42.399022288064664,3.641757421875
42.39377676847029,3.64171953125
42.388531247643854,3.64159765625
42.38328577300443,3.64156015625
42.37804036548906,3.64153671875
42.37279498753297,3.641471484375
42.36754960711347,3.6414484375
42.36230425071117,3.64139375
42.35705887768187,3.641357421875
42.35181351450541,3.641298828125
42.346568169188025,3.6412703125
42.3413228435767,3.641268359375
42.33607751057556,3.641251953125
42.33083209751772,3.641198046875
42.32558665243758,3.64113671875
42.320341211051804,3.641108203125
42.31509576350827,3.641091015625
42.3098502987217,3.64103046875
42.30460481669209,3.641034765625
42.29935931988284,3.640966015625
42.29411380028847,3.64091953125
42.28886828623619,3.640845703125
42.28362284238738,3.640797265625
42.27837744103013,3.640789453125
42.27313204213627,3.640728125
42.26788664570581,3.640703125
42.26264124804365,3.640668359375
42.2573958429913,3.640616796875
42.252150449024235,3.64055859375
42.246905088926844,3.640515625
42.241659755925696,3.640562890625
42.23641439582867,3.6405109375
42.231168980307444,3.64043984375
42.22592354138543,3.640424609375
42.22067811293193,3.64037890625
42.21543267462557,3.640302734375
42.210187224618636,3.640294140625
42.204941758600725,3.6402625
42.199696271644335,3.640276953125
42.19445074835487,3.640197265625
42.18920521644389,3.64010234375
42.18395973934106,3.640091796875
42.17871433305703,3.640046484375
42.173468947095444,3.6399453125
42.16822356667632,3.639962109375
42.162978188720224,3.639923046875
42.157732802758645,3.6398828125
42.15248742849764,3.639801953125
42.147242092417436,3.63980546875
42.14199676187933,3.639815625
42.13675136052208,3.639734375
42.13150591544193,3.639678515625
42.1262604642033,3.63964140625
42.12101499572164,3.639642578125
42.11576952354525,3.63956953125
42.110524043979034,3.6395625
42.1052785557913,3.639530078125
42.10003303373354,3.639468359375
42.09478752707108,3.6394046875
42.08954209369114,3.639362890625
42.0842967046505,3.63932734375
42.07905133777932,3.639259765625
42.07380596351832,3.63926015625
42.06856058309883,3.639188671875
42.06331519528988,3.639143359375
42.058069819797176,3.6391109375
42.05282446216318,3.63910703125
42.04757908913352,3.639139453125
42.04233362742601,3.639040625
42.0370881478598,3.639030078125
42.0318426744517,3.638948828125
42.026597196117194,3.638915625
42.02135171285589,3.63889921875
42.01610621112021,3.638843359375
42.01086071061588,3.638753515625
42.005615287089164,3.638730078125
42.000369878342084,3.638682421875
41.99512448067993,3.638666796875
41.989879080554374,3.6386046875
41.98463370752506,3.638538671875
41.979388344348614,3.638569140625
41.974142901731504,3.63852109375
41.96889743756096,3.63847890625
41.96365195060457,3.638418359375
41.95840644147908,3.6384109375
41.95316090525733,3.638352734375
41.94791537580974,3.638242578125
41.942669919644686,3.63823046875
41.93742448995949,3.63820390625
41.93217907443863,3.63814765625
41.926933666923254,3.638102734375
41.92168827972998,3.6381265625
41.91644283588117,3.638087890625
41.91119737294196,3.638015625
41.90595186751119,3.638002734375
41.90070634545343,3.63799609375
41.89546079137298,3.63788125
41.89021529333204,3.637862890625
41.88496983839868,3.637819140625
41.879724390855145,3.63777890625
41.87447895747522,3.6377078125
41.86923354749645,3.637775
41.863988076551756,3.63766328125
41.858742599448576,3.63765390625
41.85349710017629,3.63763203125
41.848251576886824,3.6375859375
41.843006056060396,3.637524609375
41.837760594352886,3.6374484375
41.832515159741625,3.6374453125
41.8272697238983,3.637358203125
41.82202432130971,3.637355078125
41.816778877460905,3.63732734375
41.8115333941996,3.637289453125
41.80628789615866,3.6372328125
41.801042365479375,3.637214453125
41.795796804009115,3.637112109375
41.790551328137624,3.637108984375
41.78530587689935,3.63707890625
41.780060426892426,3.63701328125
41.77481501814536,3.636992578125
41.76956958846052,3.63697890625
41.76432412921604,3.636932421875
41.75907864841813,3.636904296875
41.75383314298737,3.636891015625
41.748587625856025,3.636773828125
41.743342164148515,3.63671875
41.73809671167855,3.636705078125
41.73285128938354,3.63661875
41.72760588309986,3.63670703125
41.72236041892896,3.6366109375
41.71711493566765,3.6365625
41.71186944316916,3.63657890625
41.706623931580275,3.636466796875
41.70137848649977,3.636430859375
41.69613306420475,3.6363875
41.69088765176296,3.636318359375
41.68564225902722,3.636348828125
41.68039680532556,3.636341015625
41.67515132206426,3.636248046875
41.669905817865185,3.63627421875
41.664660283490804,3.6361390625
41.65941481008272,3.63611171875
41.65416936377088,3.636089453125
41.64892392792756,3.636000390625
41.64367853765521,3.6360453125
41.638433080258466,3.63594921875
41.63318760438698,3.63597734375
41.627942095261496,3.63594765625
41.62269655103427,3.635849609375
41.61745106407787,3.6358
41.61220559682827,3.635780859375
41.60696015051606,3.63571953125
41.60171475654864,3.635728515625
41.596469300383575,3.63568359375
41.59122382697548,3.635629296875
41.585978338787754,3.6356328125
41.580732835820385,3.635502734375
41.57548739073988,3.63548359375
41.570241962286744,3.635444921875
41.56499654799722,3.635420703125
41.559751119544075,3.6354234375
41.55450564859938,3.635381640625
41.549260164106386,3.635344140625
41.54401465990731,3.635287890625
41.53876920866869,3.635214453125
41.533523791916124,3.635160546875
41.52827839425397,3.635087109375
41.52303302984581,3.635136328125
41.51778760385607,3.635093359375
41.512542147691015,3.63503203125
41.50729665642386,3.6350046875
41.50205118424747,3.634914453125
41.49680574286206,3.634896875
41.491560309482125,3.63483125
41.48631489704033,3.634900390625
41.48106944210697,3.634830078125
41.47582396993057,3.634792578125
41.47057847743209,3.6346828125
41.46533303235159,3.63466796875
41.46008760882487,3.63463828125
41.45484220377289,3.63461484375
41.44959675869239,3.63459453125
41.444351282820904,3.634544140625
41.43910578108523,3.6345515625
41.43386028612335,3.634462890625
41.428614825647536,3.634405078125
41.42336937317721,3.6343234375
41.41812392686537,3.634365625
41.412878443604065,3.6342765625
41.40763293571027,3.634314453125
41.402387414883826,3.63417109375
41.39714194270744,3.634158984375
41.39189649146881,3.6340859375
41.38665108395344,3.634146875
41.38140562101423,3.634092578125
41.376160146374815,3.634046484375
41.37091464217574,3.633938671875
41.36566918293126,3.633949609375
41.36042373415603,3.633863671875
41.355178304471195,3.633876171875
41.349932835989534,3.63382421875
41.34468733425386,3.63382421875
41.33944181096439,3.633698828125
41.33419633878799,3.633687109375
41.328950897402585,3.63357578125
41.32370546155927,3.63364296875
41.31846000231515,3.633564453125
41.313214512895726,3.633577734375
41.30796904318272,3.63350078125
41.30272359440713,3.633430859375
41.29747816102756,3.6334484375
41.29223268885117,3.6334125
41.28698717726228,3.6333703125
41.28174163303469,3.633266796875
41.27649615100509,3.63325625
41.271250688065884,3.633196484375
41.266005226358374,3.633230859375
41.26075973693894,3.63316484375
41.25551421980796,3.63312421875
41.25026873654666,3.63306171875
41.2450232791499,3.632990625
41.2397778328377,3.633028515625
41.23453233233372,3.632976953125
41.22928678441141,3.632950390625
41.22404126235363,3.632860546875
41.218795769854786,3.632838671875
41.21355027612496,3.632830078125
41.20830476084099,3.632776171875
41.20305921168696,3.63271171875
41.19781371364602,3.63267265625
41.19256824270133,3.632625390625
41.187322753281904,3.63264765625
41.18207722752905,3.632618359375
41.176831709166365,3.632499609375
41.17158623083149,3.632451953125
41.16634075988679,3.632480078125
41.16109526184585,3.632397265625
41.15584973732469,3.632355078125
41.15060425160035,3.63234765625
41.145358791124536,3.632321484375
41.14011329985738,3.63226953125
41.13486777040979,3.6322578125
41.129622276679605,3.63214296875
41.12437682297795,3.632090234375
41.11913134587476,3.632131640625
41.113885833054184,3.632090625
41.108640333781544,3.632023046875
41.1033948708427,3.631911328125
41.098149398665946,3.63195390625
41.092903892003854,3.63193828125
41.0876583939629,3.631869140625
41.08241292301821,3.631769140625
41.07716744468333,3.631794140625
41.071921936789536,3.631769921875
41.066676441827646,3.631664453125
41.06143097334599,3.631647265625
41.05618549008469,3.631625
41.05093997480107,3.631604296875
41.04569448907637,3.6315359375
41.04044903783811,3.631537890625
41.03520354965002,3.631462890625
41.029958027592244,3.6313890625
41.02471254679433,3.63140234375
41.01946707954437,3.6313828125
41.01422158027209,3.631375
41.00897608223114,3.631287109375
41.00373061005476,3.631234765625
40.99848513048818,3.63123125
40.993239620130986,3.63116015625
40.987994151649694,3.631096484375
40.98274870410579,3.631116796875
40.97750322330788,3.631080078125
40.97225773635185,3.630986328125
40.96701227710773,3.630934765625
40.96176681293682,3.6309375
40.95652131120116,3.630862890625
40.95127585503574,3.6307984375
40.9460304050288,3.630794921875
40.94078492915769,3.630775
40.93553946621848,3.630684765625
40.93029403653364,3.630687890625
40.925048560662155,3.6306890625
40.91980308109594,3.6305734375
40.91455761630938,3.630619921875
40.90931211457334,3.6305734375
40.904066624538245,3.630461328125
40.89882116529413,3.630458984375
40.89357567525867,3.630423046875
40.888330182760185,3.6303953125
40.88308473521665,3.6303125
40.87783925441874,3.63030859375
40.872593769925736,3.63026328125
40.8673483248456,3.630181640625
40.862102865601116,3.63019140625
40.856857406357,3.630129296875
40.851611974208765,3.6301015625
40.846366512501255,3.630081640625
40.84112104648299,3.629983984375
40.83587560509757,3.630030078125
40.83063012183627,3.62996875
40.82538464596515,3.629873828125
40.82013920704277,3.62992421875
40.81489372747656,3.629908203125
40.809648256531865,3.62976796875
40.804402805293236,3.629778125
40.79915732572702,3.62973515625
40.793911869561605,3.6296390625
40.78866641955503,3.6296609375
40.78342095661582,3.62957421875
40.77817553678384,3.62955625
40.772930084313884,3.629543359375
40.76768462383771,3.629462890625
40.762439195384566,3.6294875
40.75719372074478,3.629425390625
40.75194824364196,3.62937265625
40.746702761612354,3.62935703125
40.74145726110802,3.62926796875
40.73621180371127,3.629215625
40.730966330303175,3.629216015625
40.72572086551661,3.629180859375
40.72047544999574,3.62917265625
40.71522998705653,3.629170703125
40.709984538281304,3.629042578125
40.70473910613307,3.629050390625
40.69949364688895,3.62898671875
40.69424821720412,3.62893359375
40.689002777050035,3.6289640625
40.683757295020435,3.628849609375
40.6785118450135,3.628778125
40.67326639377523,3.62876875
40.668020928988305,3.6287265625
40.662775495608734,3.62866953125
40.65753004067501,3.628663671875
40.65228457342542,3.6286421875
40.64703913758209,3.628605078125
40.64179368018534,3.6285671875
40.636548209240644,3.6285234375
40.63130277462902,3.62848359375
40.62605731292151,3.628458203125
40.62081183581869,3.62837578125
40.615566388275155,3.62837109375
40.6103209308784,3.628329296875
40.60507545008049,3.628276171875
40.599830011774145,3.62823828125
40.59458455252967,3.62827421875
40.58933905756778,3.628177734375
40.58409359832366,3.628128125
40.57884813661615,3.628118359375
40.57360264842843,3.62810390625
40.56835718425752,3.62800703125
40.563111748414556,3.62806953125
40.55786626392156,3.627971484375
40.55262077450249,3.6279
40.5473753269586,3.6278640625
40.54212986278806,3.62783515625
40.53688437336863,3.627755078125
40.531638928288125,3.627712890625
40.5263934893661,3.627737890625
40.52114800856783,3.62765703125
40.51590255609787,3.62761796875
40.51065711779152,3.6276390625
40.50541164068833,3.6276
40.500166181444214,3.627532421875
40.494920757917505,3.6275
40.48967529867339,3.627471875
40.48442983265512,3.627416796875
40.47918439373274,3.627347265625
40.47393894249411,3.627347265625
40.46869345245902,3.627266015625
40.46344799998869,3.62726796875
40.458202554908546,3.62723828125
40.45295708273215,3.6272296875
40.44771161979294,3.62714375
40.44246618764472,3.627128515625
40.43722071916306,3.627059765625
40.43197522789626,3.62701640625
40.42672976618875,3.62694140625
40.421484295244056,3.626987890625
40.41623879350802,3.626928125
40.41099333611127,3.626871484375
40.40574792305381,3.626887109375
40.40050247427857,3.626816015625
40.395257023039946,3.626773046875
40.39001159089171,3.626701171875
40.38476613718969,3.626719921875
40.379520645922895,3.6266359375
40.37427520207409,3.626619921875
40.36902976623113,3.6266109375
40.36378429282304,3.626580078125
40.3585388440478,3.626465625
40.35329342729525,3.6264671875
40.34804797605662,3.626418359375
40.34280250880665,3.626372265625
40.33755708158521,3.626309765625
40.33231164943698,3.626307421875
40.327066166175676,3.626318359375
40.32182070693156,3.626208203125
40.316575288947305,3.62622734375
40.31132982847112,3.626148046875
40.30608435752644,3.626108984375
40.30083891244593,3.62606015625
40.295593458744264,3.626047265625
40.29034796870917,3.62601640625
40.28510251377545,3.625915234375
40.27985708409062,3.625931640625
40.274611621151415,3.62588359375
40.269366150206714,3.625801171875
40.26412071190037,3.62574296875
40.25887525573531,3.625784765625
40.253629765699856,3.625678125
40.248384324314436,3.62566640625
40.24313888847148,3.6256734375
40.237893421221514,3.625653125
40.23264796751985,3.6255453125
40.22740254152975,3.62552109375
40.22215707982224,3.625509375
40.21691156823335,3.6254265625
40.211666093593564,3.625390234375
40.206420607869234,3.62538359375
40.201175090737884,3.6254046875
40.195929595776,3.62525546875
40.19068415685398,3.62528046875
40.18543868590892,3.6252703125
40.18019321003781,3.625193359375
40.17494777111542,3.62511328125
40.16970230817621,3.6251203125
40.16445681998849,3.62506640625
40.15921136259173,3.6250421875
40.15396592798047,3.62504375
40.148720449645594,3.6249734375
40.1434749799326,3.6248796875
40.13822954408964,3.62489765625
40.132984095314036,3.62487421875
40.12773862067461,3.6247859375
40.122493180520536,3.62475625
40.1172477317453,3.62475
40.11200225094739,3.624666796875
40.10675681079368,3.62465390625
40.101511364481475,3.624661328125
40.09626587075129,3.624625390625
40.09102041335454,3.62453046875
40.085774946104934,3.62453828125
40.0805294431372,3.62451796875
40.07528395494947,3.62446015625
40.070038487699506,3.6244390625
40.06479298103741,3.624421484375
40.05954748607552,3.624316015625
40.05430199480873,3.624310546875
40.04905646905587,3.62426953125
40.043810980868145,3.6241859375
40.038565525934786,3.624178125
40.03332003589933,3.62418203125
40.02807457296012,3.624068359375
40.022829125416585,3.624084765625
40.01758365200849,3.623991015625
40.01233821493385,3.623949609375
40.00709277662749,3.62394609375
40.00184730814582,3.623865625
39.99660187230287,3.62386015625
39.99135642968576,3.62387265625
39.98611096489918,3.623755859375
39.980865532750954,3.62369453125
39.97562009259724,3.62370859375
39.97037461179932,3.623678515625
39.96512916425543,3.623624609375
39.959883689616,3.6235984375
39.95463822482907,3.62353359375
39.9493927889861,3.623534375
39.94414731557802,3.62350703125
39.93890186680279,3.62339375
39.93365641433246,3.623432421875
39.92841092429737,3.623325
39.92316546936401,3.623279296875
39.917920002114045,3.62328671875
39.912674540406535,3.62321640625
39.90742910025246,3.62324609375
39.90218362314963,3.62326015625
39.89693816390552,3.623131640625
39.89169270650877,3.623162890625
39.88644721277858,3.623040234375
39.88120176030826,3.62299609375
39.87595628197374,3.623023046875
39.870710804870555,3.622970703125
39.86546536594854,3.6229125
39.860219888845364,3.622877734375
39.854974446228255,3.62280234375
39.84972899745301,3.622826953125
39.8444835166551,3.62277109375
39.83923807526969,3.622758203125
39.83399259693481,3.622704296875
39.82874712599012,3.622621875
39.82350165381373,3.622619921875
39.818256160083536,3.62255390625
39.81301071623473,3.622521875
39.80776524898513,3.622519140625
39.802519792819716,3.6224078125
39.7972743502026,3.62245625
39.792028871868084,3.6223515625
39.78678342678758,3.62231171875
39.781537955842886,3.62231640625
39.776292475044976,3.62223671875
39.771047021342945,3.622264453125
39.76580153438692,3.622223046875
39.76055607267941,3.622152734375
39.755310627599265,3.6221484375
39.75006516342836,3.622063671875
39.74481974359674,3.622017578125
39.739574292358114,3.62204140625
39.73432884850931,3.6219328125
39.72908343175675,3.6219140625
39.72383796758584,3.62193046875
39.718592526200425,3.621835546875
39.71334708789407,3.621834765625
39.7081016194124,3.62173671875
39.70285619342266,3.621665625
39.69761076496916,3.621666796875
39.69236532358376,3.621647265625
39.68711991730007,3.62163984375
39.68187446852484,3.62161484375
39.676629004353934,3.621516796875
39.67138355927379,3.621540234375
39.666138072317395,3.621528125
39.660892616152346,3.621433203125
39.65564716491371,3.62141875
39.650401676725984,3.62141171875
39.64515621932923,3.621351953125
39.639910775480416,3.621323046875
39.6346652959142,3.621242578125
39.6294198520654,3.6212
39.62417441868584,3.621180078125
39.61892895020417,3.62116640625
39.61368351189782,3.621109765625
39.6084380729758,3.62109765625
39.60319259710432,3.621084375
39.59794713416511,3.6209625
39.59270169585876,3.6209859375
39.587456227377096,3.620961328125
39.58221077244374,3.620851171875
39.57696536123364,3.620854296875
39.57171989706272,3.620824609375
39.566474419959555,3.620712109375
39.56122897734244,3.620680078125
39.5559835297989,3.62071328125
39.55073805269608,3.62068671875
39.545492593451606,3.62059296875
39.54024715637694,3.62059296875
39.53500169590114,3.62054921875
39.529756211408134,3.62046328125
39.52451076879102,3.62042578125
39.5192653489594,3.620462109375
39.51401988047774,3.620405859375
39.50877440091153,3.62032421875
39.50352895336799,3.620274609375
39.498283505824446,3.620283984375
39.49303803611109,3.620247265625
39.4877925651664,3.620190234375
39.48254712378099,3.62013515625
39.477301686706326,3.6201546875
39.47205621699296,3.620108203125
39.46681073250032,3.620012109375
39.461565291114546,3.61998046875
39.45631986758784,3.61996953125
39.45107440156993,3.619963671875
39.4458288986022,3.6198546875
39.440583442437145,3.619826953125
39.43533801398401,3.619829296875
39.430092584299175,3.619788671875
39.424847122591665,3.619775390625
39.419601671353035,3.61967734375
39.41435623551007,3.619611328125
39.40911079658769,3.6196125
39.40386530839996,3.619606640625
39.398619809127325,3.619529296875
39.39337434618848,3.61947265625
39.38812892266176,3.61950859375
39.38288346895974,3.619453125
39.37763798200371,3.61943203125
39.37239253322847,3.619341015625
39.36714709430609,3.619241796875
39.36190164429916,3.619291015625
39.35665616350125,3.619270703125
39.351410646369914,3.6191890625
39.346165183430706,3.61915
39.340919740813945,3.61913046875
39.335674255089245,3.619147265625
39.33042874842679,3.61909765625
39.325183247922816,3.619033984375
39.31993777451473,3.618953125
39.3146923257395,3.6189796875
39.30944683570403,3.618919140625
39.304201314877965,3.618910546875
39.29895582669023,3.61882265625
39.29371036251933,3.618785546875
39.2884649125124,3.618785546875
39.28321942555637,3.6187234375
39.27797390965672,3.618703515625
39.27272841592654,3.618622265625
39.267482955450724,3.61859375
39.26223752576588,3.61861484375
39.25699205358914,3.618523828125
39.25174656109065,3.618504296875
39.24650108029274,3.61843359375
39.2412556315175,3.6184
39.236010200600965,3.6183796875
39.230764724729845,3.61838984375
39.22551921806738,3.618346875
39.22027368061395,3.6182609375
39.21502821213228,3.6182046875
39.20978277074686,3.61814921875
39.20453735276261,3.618159765625
39.19929189659756,3.618109375
39.1940463911668,3.618105859375
39.188800866645636,3.618008984375
39.18355540740151,3.61798671875
39.17830997278989,3.61791640625
39.17306456404319,3.61795625
39.167819098024914,3.617918359375
39.16257360798945,3.617845703125
39.157328103790384,3.61785546875
39.15208257803753,3.617734375
39.14683711325095,3.617708984375
39.14159166324403,3.61770390625
39.13634623602259,3.6176625
39.13110077185168,3.6176578125
39.125855281816584,3.6176125
39.120609768996005,3.6175953125
39.115364219841986,3.617510546875
39.11011873165426,3.61744921875
39.10487328903714,3.6173953125
39.0996278618157,3.61736484375
39.09438245799506,3.617380078125
39.08913701168322,3.617328515625
39.08389154073816,3.617274609375
39.07864604392891,3.617269921875
39.073400512017926,3.61721484375
39.06815499919735,3.617126171875
39.062909533179074,3.61708671875
39.05766408809894,3.617089453125
39.05241866826695,3.617001171875
39.04717328107367,3.6170359375
39.04192781936616,3.616983984375
39.03668234226335,3.61696015625
39.03143684730146,3.616928515625
39.026191321548595,3.616871875
39.02094582658708,3.61679375
39.01570038951206,3.61677734375
39.01045496475402,3.616728125
39.00520953506918,3.61668046875
38.99996411708456,3.616633984375
38.99471871080088,3.616681640625
38.98947324909338,3.61662421875
38.98422777075886,3.61655625
38.978982269023184,3.61656171875
38.97373674819675,3.61655625
38.968491194116304,3.616441796875
38.96324567698496,3.61638125
38.95800022697803,3.6163328125
38.952754788671676,3.61630859375
38.94750937438252,3.61628828125
38.94226396009299,3.616196875
38.937018559967434,3.616213671875
38.93177316107357,3.6162203125
38.92652768766548,3.61618828125
38.9212821736132,3.61618046875
38.91603665032374,3.6160796875
38.9107911128703,3.61606796875
38.90554555878985,3.61607578125
38.90029999177713,3.61600234375
38.89505439890023,3.615939453125
38.88980885344093,3.61587421875
38.884563387422666,3.615829296875
38.879317961432925,3.615773828125
38.87407253667452,3.6157609375
38.86882713901236,3.61571171875
38.863581729033584,3.61567890625
38.858336305506874,3.615602734375
38.85309088444355,3.615596875
38.847845488013085,3.615595703125
38.84260007926601,3.615623828125
38.83735460216284,3.615524609375
38.83210907887337,3.615483984375
38.82686355065748,3.615485546875
38.82161802244123,3.615390625
38.81637248621948,3.615362109375
38.811126938297164,3.615332421875
38.80588139406994,3.615350390625
38.8006358350627,3.615265234375
38.795390264355255,3.615212109375
38.79014470534802,3.6151171875
38.78489922208708,3.615094921875
38.77965380225509,3.615087890625
38.77440838242347,3.61502265625
38.76916295397034,3.61500234375
38.763917538449114,3.61497890625
38.7586721149224,3.614926953125
38.753426688932656,3.614845703125
38.74818127587483,3.614840625
38.74293588991325,3.6148234375
38.73769052673679,3.614821484375
38.73244513523276,3.61476640625
38.72719964950842,3.614741796875
38.72195410528082,3.614677734375
38.71670857336984,3.614653515625
38.71146304022716,3.614611328125
38.70621750585315,3.614566796875
38.7009719776369,3.61453515625
38.69572645557913,3.614518359375
38.69048091935738,3.614488671875
38.68523535542373,3.6144109375
38.67998980380668,3.614318359375
38.6747443254718,3.61430703125
38.66949889825035,3.614298046875
38.66425347226025,3.61421796875
38.65900804011238,3.614187109375
38.65376262705455,3.61418671875
38.64851721276502,3.614145703125
38.64327178923831,3.614080078125
38.63802637802821,3.61403828125
38.63278097051283,3.613989453125
38.62753557161898,3.61398125
38.62229018812043,3.613975
38.6170448101647,3.613981640625
38.61179940880744,3.613928125
38.60655393786275,3.61389453125
38.6013084194997,3.613864453125
38.596062856797744,3.613808203125
38.590817311338824,3.61380234375
38.5855717954388,3.6137296875
38.58032629616653,3.61371484375
38.575080772877065,3.61368359375
38.56983523419193,3.613666796875
38.56458970104925,3.613576171875
38.55934416790657,3.613570703125
38.55409862614273,3.6135125
38.548853096694785,3.6135015625
38.54360756478379,3.61344609375
38.53836201686148,3.61340703125
38.53311647017086,3.61339375
38.52787090993229,3.6133625
38.52262534291957,3.6133296875
38.517379772211754,3.61328359375
38.51213420273601,3.613241015625
38.506888624022714,3.613176953125
38.501643050235835,3.61317578125
38.49639747275423,3.613101953125
38.49115189404094,3.613060546875
38.485906319022725,3.61296640625
38.480660749546615,3.612927734375
38.475415188076354,3.612874609375
38.470169625374396,3.61282578125
38.464924068830555,3.612826953125
38.459678524602964,3.612773828125
38.45443299761877,3.612765625
38.44918748233479,3.6127375
38.443941989836304,3.61268515625
38.43869652381803,3.612649609375
38.433451063342225,3.612620703125
38.428205615798674,3.612579296875
38.42296017872366,3.61254375
38.417714768745256,3.612494140625
38.4124693304389,3.61246875
38.40722388782179,3.61242734375
38.40197844766807,3.612408203125
38.39673300874569,3.6123484375
38.39148758768237,3.612313671875
38.386242175240575,3.61229296875
38.38099677265162,3.612244921875
38.37575138484268,3.612189453125
38.37050600442319,3.612170703125
38.3652606264671,3.612109375
38.3600152509744,3.61205703125
38.35476988410321,3.612051171875
38.349524508610514,3.61199765625
38.34427914851348,3.611978125
38.33903378533703,3.611941796875
38.33378841107603,3.611891015625
38.32854302634578,3.611855078125
38.32329764592665,3.611809375
38.31805225442262,3.611785546875
38.312806869692366,3.611754296875
38.307561473261906,3.611731640625
38.30231608422126,3.611705078125
38.29707071488669,3.611628125
38.291825354789296,3.611596875
38.28657999961869,3.61155234375
38.28133464075336,3.61153125
38.276089272650474,3.6114734375
38.27084384666037,3.61145625
38.26559836093603,3.611398046875
38.26035284934679,3.61135625
38.25510731620446,3.61130234375
38.249861758428935,3.611290625
38.24461618217903,3.611282421875
38.23937059977064,3.611247265625
38.234125003198635,3.611212109375
38.22887939800512,3.61119609375
38.2236337903482,3.611178515625
38.21838819747094,3.61113828125
38.21314262245273,3.611100390625
38.20789705174492,3.611065625
38.20265148226917,3.61099453125
38.19740591956721,3.61094453125
38.19216037533961,3.610912890625
38.18691483665484,3.610873046875
38.18166931090198,3.61079921875
38.17642379253894,3.61078046875
38.1711782550855,3.61075859375
38.165932701005055,3.610673046875
38.16068716355162,3.610680078125
38.15544163903046,3.610637109375
38.150196109582865,3.61061328125
38.14495058259831,3.61057578125
38.13970504822429,3.610531640625
38.134459499070275,3.61050078125
38.12921392528341,3.61048671875
38.12396833918029,3.610453515625
38.11872276046699,3.610376171875
38.113477207618246,3.6103453125
38.1082316917186,3.610301171875
38.102986209688986,3.610301171875
38.097740762145456,3.610237890625
38.09249535093498,3.6102
38.087249961894344,3.61011796875
38.082004571622,3.610098046875
38.076759199824025,3.610019140625
38.071513828026426,3.609989453125
38.066268450070325,3.609950390625
38.061023057334594,3.609927734375
38.055777655977344,3.60989765625
38.05053223799308,3.6098640625
38.045286824935616,3.6098109375
38.0400414014089,3.609820703125
38.03479597911389,3.609771875
38.02955056605606,3.609728125
38.024305172088624,3.609665625
38.019059770731374,3.6096390625
38.01381436814279,3.60956875
38.00856896555384,3.6096
38.00332357528149,3.609539453125
37.998078191783314,3.609498046875
37.99283280458967,3.609440234375
37.98758737121011,3.609385546875
37.982341884254076,3.609369921875
37.97709636835443,3.609378125
37.97185082659023,3.609357421875
37.96660528236263,3.609325
37.961359739367104,3.6092859375
37.95611420314536,3.60924296875
37.95086866322853,3.609174609375
37.94562313378095,3.609156640625
37.94037759940656,3.609094140625
37.93513206872728,3.609050390625
37.929886534353265,3.60903515625
37.92464104308611,3.608997265625
37.91939555982516,3.608972265625
37.91415006178423,3.608914453125
37.908904539726095,3.608841796875
37.90365901027851,3.608844140625
37.89841346112449,3.6088015625
37.893167943993504,3.6087671875
37.88792245950051,3.608711328125
37.88267702057812,3.608709765625
37.87743161552614,3.608653125
37.872186243728535,3.60857890625
37.86694087685735,3.608542578125
37.86169551491259,3.60850859375
37.856450143114614,3.60846171875
37.85120475530568,3.608431640625
37.84595935641182,3.608405078125
37.84071394643305,3.608375390625
37.83546853522295,3.6083328125
37.83022311847002,3.60828828125
37.824977701717465,3.608270703125
37.81973229789718,3.608225390625
37.81448689777163,3.608223828125
37.809241484713795,3.60812578125
37.80399605502896,3.608084765625
37.798750631502244,3.608051953125
37.793505218444416,3.608049609375
37.78825981831886,3.60799375
37.7830144231201,3.608008984375
37.77776903592681,3.607937890625
37.77252365920242,3.607884765625
37.76727827447217,3.60785
37.76203289651644,3.607814453125
37.75678750747543,3.607751953125
37.75154209872873,3.60772890625
37.746296665348794,3.6076859375
37.74105118824562,3.6076546875
37.73580567419369,3.607616796875
37.73056012996611,3.6076015625
37.725314564800755,3.607598828125
37.720068977466305,3.607525390625
37.71482338643639,3.60750859375
37.70957781264988,3.607475
37.704332243173766,3.607460546875
37.699086681703506,3.607425390625
37.69384113501288,3.607373828125
37.68859559078529,3.60729296875
37.68335005086881,3.607262109375
37.67810452018953,3.607219140625
37.67285899320497,3.60719765625
37.667613467452114,3.607169921875
37.66236794785738,3.60713046875
37.65712242826301,3.6070765625
37.651876904973534,3.60703671875
37.6466313675201,3.607038671875
37.64138581220796,3.607012890625
37.63614027352282,3.606923046875
37.63089476193393,3.60689921875
37.62564926266166,3.606862890625
37.620403763389014,3.60684296875
37.615158260421644,3.606776953125
37.60991273959521,3.60674296875
37.60466719783138,3.606749609375
37.59942163759244,3.606685546875
37.594176072427096,3.606640625
37.58893050295134,3.606590625
37.583684942712416,3.606577734375
37.57843942434974,3.606533203125
37.57319395463637,3.60650390625
37.567948537883815,3.6064296875
37.56270314514808,3.606371484375
37.55745775241234,3.6063375
37.552212375687944,3.606295703125
37.54696700142694,3.606215625
37.54172162593425,3.60618828125
37.53647623997266,3.60614296875
37.531230850932026,3.606118359375
37.525985455732894,3.60611953125
37.52074005560734,3.606030859375
37.51549464809196,3.606055078125
37.51024922826034,3.60599765625
37.50500379364871,3.605958203125
37.499758353495004,3.605918359375
37.49451290471976,3.605872265625
37.48926746333435,3.605843359375
37.48402202749103,3.60582421875
37.47877658610561,3.605783203125
37.47353113979378,3.605755859375
37.46828570764555,3.60569375
37.46304029212468,3.605666015625
37.45779488214591,3.605620703125
37.45254947339885,3.6055546875
37.44730406034101,3.605555078125
37.44205864358845,3.605511328125
37.436813221293434,3.60546484375
37.43156780023011,3.60543203125
37.426322383477554,3.60541640625
37.42107696241387,3.605351953125
37.41583153396074,3.605332421875
37.410586096886085,3.605329296875
37.40534066104313,3.605244921875
37.400095222736766,3.605211328125
37.39484977888796,3.605180859375
37.3896043418133,3.60514453125
37.38435890720169,3.605110546875
37.379113482443636,3.605055859375
37.37386806137996,3.6050265625
37.36862263662191,3.605012109375
37.36337719646783,3.604961328125
37.35813175138769,3.604921484375
37.35288630753888,3.60487421875
37.34764085383685,3.604841015625
37.3423953964401,3.60481484375
37.33714993904335,3.604752734375
37.331904490268116,3.604695703125
37.326659047651,3.604676171875
37.32141360380219,3.604627734375
37.31616816118509,3.604612890625
37.31092273150025,3.60457265625
37.30567731166863,3.60451796875
37.30043189183701,3.60448984375
37.295186467078594,3.604440625
37.28994103739377,3.60437734375
37.28469560894027,3.604356640625
37.2794501755607,3.604332421875
37.274204742180764,3.604305078125
37.26895930756952,3.604257421875
37.26371386864713,3.604241015625
37.25846841987189,3.604216796875
37.25322298094987,3.60413203125
37.24797755372807,3.604094140625
37.24273213143305,3.604063671875
37.237486713448796,3.60405546875
37.23224128499566,3.603999609375
37.226995856542516,3.6039828125
37.22175044102129,3.603949609375
37.21650503596932,3.603915625
37.21125964077018,3.60386484375
37.20601424926615,3.60386953125
37.20076886453626,3.6038109375
37.1955234668741,3.603760546875
37.19027804581042,3.60372109375
37.18503261243086,3.603632421875
37.17978715996053,3.6036484375
37.17454169271057,3.603615625
37.16929622176587,3.603575
37.16405074958948,3.603505859375
37.15880526879157,3.60348125
37.15355980462067,3.6034234375
37.14831434537655,3.60341015625
37.143068899064346,3.603338671875
37.13782345644724,3.603347265625
37.13257800520896,3.603292578125
37.12733256628658,3.60323984375
37.12208712366947,3.60318125
37.116841671199516,3.603169140625
37.11159623104543,3.603123828125
37.10635078596529,3.60309921875
37.101105333494964,3.603073046875
37.09585988348803,3.603005859375
37.090614439639225,3.60299765625
37.08536899455871,3.602962109375
37.080123545783486,3.60292734375
37.074878095776555,3.602894140625
37.0696326383798,3.6028515625
37.06438718590983,3.60281796875
37.05914172851309,3.60277265625
37.053896288359006,3.602740625
37.04865086360096,3.6027125
37.04340545485388,3.602666796875
37.03816006458155,3.6026375
37.03291466938242,3.602577734375
37.02766925386155,3.602550390625
37.02242382787144,3.60248203125
37.017178398186616,3.602445703125
37.01193296973348,3.602371875
37.00668754004864,3.602354296875
37.0014421269908,3.602325390625
36.99619671824374,3.6022828125
36.990951325508,3.6022484375
36.985705942009815,3.60219921875
36.980460578833366,3.6021984375
36.97521521750463,3.602165625
36.96996985987063,3.602110546875
36.96472450470003,3.6020546875
36.95947914583434,3.60199453125
36.95423378265788,3.601982421875
36.94898843241371,3.601951171875
36.9437430963335,3.601885546875
36.93849777195386,3.601829296875
36.93325244757425,3.601818359375
36.92800712073122,3.601799609375
36.92276177541384,3.60172578125
36.917516393146975,3.60170390625
36.91227096838857,3.6016703125
36.90702552700316,3.60162265625
36.901780059753555,3.601623828125
36.8965345697181,3.6015671875
36.89128907290885,3.601538671875
36.88604356008827,3.60149921875
36.8807980355671,3.60145859375
36.875552503656124,3.601392578125
36.87030695450247,3.601381640625
36.86506139180014,3.6013484375
36.859815827866846,3.601294921875
36.854570261469796,3.601237109375
36.849324713547475,3.601253515625
36.84407918040479,3.60119765625
36.8388336712793,3.60115703125
36.833588181859874,3.601100390625
36.82834273554767,3.601071484375
36.8230973280323,3.601030078125
36.81785194884487,3.600997265625
36.81260656842538,3.60096484375
36.807361186158886,3.60091171875
36.80211580820279,3.6009375
36.79687042224121,3.600887890625
36.79162503874266,3.60083671875
36.786379647238626,3.600801171875
36.78113422925437,3.60078828125
36.775888809422746,3.600713671875
36.770643374811115,3.600676953125
36.76539795128441,3.6006578125
36.76015255362225,3.600640625
36.75490715965481,3.600561328125
36.74966175829793,3.600547265625
36.744416334771216,3.60048203125
36.73917089769656,3.600452734375
36.733925457542476,3.600376171875
36.72868001246234,3.600375390625
36.72343457230826,3.6003359375
36.718189118606595,3.600265625
36.712943675989486,3.600209375
36.70769822721425,3.60023125
36.70245279999245,3.600176953125
36.697207383239885,3.60011953125
36.69196198927246,3.600077734375
36.686716611316726,3.60006953125
36.68147123582403,3.6000765625
36.676225821534494,3.600030859375
36.67098033827319,3.599966015625
36.665734813752024,3.599928125
36.660489267061415,3.599882421875
36.655243724065876,3.5998875
36.64999820816623,3.599839453125
36.64475267748658,3.59980546875
36.63950713449105,3.599775
36.634261574252484,3.59971484375
36.629016007855434,3.599679296875
36.623770432836864,3.599646484375
36.61852483626486,3.599613671875
36.61327923722947,3.599524609375
36.60803367021674,3.59950234375
36.602788182029016,3.599431640625
36.59754272955905,3.599416796875
36.59229730480064,3.599350390625
36.58705186587826,3.599338671875
36.58180642449285,3.599294140625
36.57656098187573,3.599269921875
36.57131552571068,3.599216015625
36.56607007077732,3.599153515625
36.56082464478722,3.599094921875
36.55557924343032,3.5991203125
36.55033384946289,3.5991484375
36.545088412388246,3.599078515625
36.539842910652204,3.599016796875
36.534597366424975,3.598975390625
36.5293518320506,3.5989578125
36.52410628782337,3.598926953125
36.518860730047834,3.598862890625
36.51361517350399,3.598865625
36.50836960957034,3.59882109375
36.50312404132629,3.598776171875
36.49787844721731,3.59871953125
36.49263286604062,3.598627734375
36.48738732981888,3.598631640625
36.482141858874186,3.5985984375
36.47689642056783,3.598540234375
36.471650974256,3.598496484375
36.46640555319231,3.59845234375
36.461160118581056,3.598453125
36.455914672268854,3.598391015625
36.450669218567185,3.59832734375
36.44542377225498,3.59831484375
36.44017836473961,3.59830703125
36.43493296584575,3.59829921875
36.42968751707052,3.598246484375
36.42444199870784,3.59820546875
36.419196448322126,3.598144921875
36.41395091517945,3.59815078125
36.408705375262976,3.598069140625
36.40345982980368,3.59804296875
36.39821428803985,3.59797890625
36.39296874689132,3.59798515625
36.387723191579184,3.597933984375
36.38247761779267,3.59786640625
36.377232049548255,3.597794140625
36.37198654904392,3.59778125
36.36674110642681,3.597733203125
36.36149567551027,3.59767890625
36.356250238435614,3.59766328125
36.35100480136096,3.597615625
36.34575935381742,3.597537890625
36.340513929059014,3.597523828125
36.335268527701764,3.597490234375
36.3300231300396,3.5975484375
36.32477767387455,3.597493359375
36.31953214196356,3.597467578125
36.31428657556651,3.59738046875
36.309041017791344,3.59735390625
36.30379546986902,3.597284375
36.29854993549464,3.597264453125
36.29330440358366,3.597250390625
36.288058853197946,3.59721796875
36.28281330281259,3.59717421875
36.27756772779402,3.59709921875
36.27232214908072,3.597030078125
36.26707658514706,3.59700625
36.261831090185545,3.596982421875
36.256585628478035,3.596978515625
36.25134018832396,3.596895703125
36.24609473954872,3.596871484375
36.240849313558975,3.59684296875
36.23560390050114,3.59681171875
36.2303584979122,3.59674375
36.225113083623036,3.5967
36.2198676693335,3.59663671875
36.21462226920795,3.59660546875
36.209376883246364,3.596591015625
36.204131500979514,3.59659296875
36.1988860897694,3.59659375
36.19364061636132,3.59654375
36.18839507521315,3.59648671875
36.1831495100478,3.596445703125
36.17790395719869,3.596429296875
36.17265844930489,3.596358203125
36.16741292724712,3.596341015625
36.16216738979369,3.596266796875
36.15692184679779,3.5962484375
36.15167629271735,3.596259765625
36.14643073247878,3.5961796875
36.141185145143965,3.596152734375
36.135939549803666,3.596060546875
36.13069402281911,3.5959859375
36.1254485598799,3.595972265625
36.12020311726278,3.59591015625
36.11495767587737,3.595903125
36.109712247424234,3.595880078125
36.10446681773939,3.595829296875
36.099221396675716,3.59576953125
36.093975981154856,3.595721484375
36.088730595193276,3.595675390625
36.08348521846887,3.595753125
36.07823979617386,3.595678515625
36.07299431044916,3.59563203125
36.06774878346497,3.595609765625
36.06250326818099,3.595556640625
36.057257728264524,3.5955078125
36.05201218403693,3.59548125
36.04676663118818,3.595421875
36.04152106048036,3.595421875
36.03627548546216,3.595408984375
36.031029886426765,3.59533125
36.02578430525008,3.595208203125
36.020538770876065,3.59518984375
36.015293310400246,3.5951828125
36.010047890568266,3.59513046875
36.00480247751043,3.595084375
35.99955706322127,3.595076953125
35.99431165016344,3.59504765625
35.989066221710296,3.59495859375
35.98382078833037,3.59494296875
35.978575367267055,3.594847265625
35.973329963446766,3.59484296875
35.968084577484824,3.594893359375
35.96283917366455,3.594861328125
35.95759370395118,3.594815234375
35.9523481868202,3.594766015625
35.94710264567167,3.594723046875
35.9418571236139,3.5946625
35.936611608329926,3.594619921875
35.93136608011404,3.594563671875
35.92612055066645,3.59454140625
35.920875028608314,3.594502734375
35.91562950162412,3.594498046875
35.91038396293898,3.594446484375
35.90513839346286,3.5944140625
35.89989281105485,3.5943421875
35.89464723234154,3.594265625
35.88940168934565,3.5942484375
35.88415622209568,3.5941796875
35.87891078871613,3.5941546875
35.873665375658284,3.594087109375
35.86841994966819,3.594065234375
35.863174517520314,3.594016015625
35.85792910446248,3.59401171875
35.852683699410505,3.593968359375
35.84743828820003,3.593937109375
35.84219287021578,3.5938875
35.83694743683586,3.593822265625
35.83170201207781,3.59377421875
35.82645659778827,3.593740625
35.8212112130584,3.593750390625
35.81596584249212,3.59371171875
35.81072044606166,3.59368984375
35.80547502930873,3.5936578125
35.80022955836404,3.593589453125
35.794984041232695,3.59353203125
35.78973851055341,3.593498828125
35.784492978642426,3.5934921875
35.779247441188986,3.593479296875
35.774001925905374,3.59344609375
35.76875642047461,3.593341796875
35.76351089841647,3.59334296875
35.758265386827595,3.59324921875
35.753019857379996,3.593241796875
35.74777432115825,3.593164453125
35.74252880956937,3.593135546875
35.737283305370305,3.593119140625
35.73203778454423,3.59308046875
35.726792268644594,3.593069921875
35.721546746586455,3.5930640625
35.71630121036471,3.59302265625
35.71105566244239,3.59293515625
35.70581010466722,3.5929171875
35.70056454073356,3.592886328125
35.69531896078857,3.592848828125
35.690073384538664,3.5927796875
35.68482779843554,3.59272734375
35.67958223203849,3.5926453125
35.674336681652775,3.592628125
35.66909114296801,3.59261484375
35.66384560982533,3.592541015625
35.65860009146228,3.5924984375
35.65335459095831,3.59245859375
35.64810910400191,3.592432421875
35.6428636244357,3.592390625
35.63761815102761,3.5923546875
35.63237266653498,3.592296484375
35.62712713708702,3.592289453125
35.621881567611275,3.592266015625
35.6166359901293,3.592228515625
35.61139040895298,3.592198046875
35.606144812380975,3.592205859375
35.6008992195037,3.592133203125
35.59565364202211,3.592069140625
35.59040807562505,3.592075
35.58516252770273,3.592015625
35.5799169847072,3.591989453125
35.57467145649094,3.5919171875
35.56942592950675,3.59187578125
35.564180408680315,3.59182109375
35.55893489031728,3.591812890625
35.5536893694912,3.591765234375
35.54844387145026,3.59174140625
35.543198367251186,3.59171015625
35.53795284273002,3.591677734375
35.53270729603941,3.591630078125
35.527461765360115,3.591575390625
35.52221629811015,3.591533984375
35.51697088813139,3.591459375
35.511725511407356,3.59142265625
35.506480142072775,3.591360546875
35.501234771506496,3.59132734375
35.49598939108737,3.591294140625
35.49074399835164,3.591258984375
35.485498604384205,3.5912484375
35.480253225196414,3.59118984375
35.47500782260783,3.5911234375
35.469762415092454,3.591112890625
35.46451702112502,3.5910421875
35.45927164440062,3.591020703125
35.45402623442222,3.590998828125
35.44878077025131,3.59096953125
35.44353525188828,3.59097890625
35.4382897199773,3.59093828125
35.43304419791952,3.590866015625
35.42779868756234,3.590792578125
35.42255318828969,3.59074765625
35.41730768901704,3.590729296875
35.41206220945084,3.5906859375
35.40681673234802,3.590640234375
35.401571241080866,3.59061953125
35.3963257381135,3.590589453125
35.39108026224238,3.5905390625
35.38583485719003,3.590468359375
35.3805894767709,3.59038359375
35.375344086498565,3.59037421875
35.37009867775149,3.5903484375
35.36485325668817,3.590317578125
35.35960785409923,3.5902828125
35.354362447815554,3.59022421875
35.34911704153187,3.590182421875
35.34387165249123,3.590144140625
35.33862627822986,3.59013203125
35.333380915053766,3.590063671875
35.328135503843306,3.5900390625
35.32289002674048,3.590023828125
35.31764449852423,3.590003125
35.31239895983946,3.589957421875
35.30715342361771,3.589948828125
35.301907890475036,3.589885546875
35.296662356100654,3.58981953125
35.291416824189675,3.58979765625
35.286171285504906,3.589713671875
35.280925756056945,3.5897
35.27568025062619,3.58965
35.270434741500694,3.58960625
35.26518922744841,3.589595703125
35.25994370415895,3.589563671875
35.254698165473805,3.589484765625
35.24945267051229,3.589493359375
35.2442072217367,3.589415234375
35.23896181545301,3.5893421875
35.23371642025425,3.5892765625
35.228471026286826,3.589240625
35.22322562000314,3.589194140625
35.217980202018886,3.589162890625
35.21273478403463,3.589174609375
35.20748937282416,3.589141015625
35.20224395052915,3.58904140625
35.19699852577109,3.58904296875
35.19175312687724,3.589011328125
35.18650774337869,3.588937109375
35.18126235187465,3.588906640625
35.17601689263054,3.588871484375
35.17077137180411,3.588892578125
35.165525825113484,3.588881640625
35.16028027472777,3.588826953125
35.15503473296393,3.58874140625
35.1497891862733,3.588729296875
35.14454363711929,3.58868671875
35.139298103976614,3.588625390625
35.13405256221241,3.588634765625
35.128807023527635,3.5886203125
35.12356154888786,3.58846484375
35.11831611797132,3.58841875
35.113070696908,3.588399609375
35.10782528261848,3.588404296875
35.10257986586592,3.588310546875
35.097334468203755,3.588280859375
35.09208908101047,3.588258203125
35.08684363469827,3.588253125
35.0815981317309,3.588223046875
35.07635262999486,3.588108984375
35.07110714673392,3.588066796875
35.06586167086244,3.58810546875
35.06061618082734,3.5879875
35.05537069140792,3.587969921875
35.050125267881214,3.58783515625
35.04487986652396,3.5878140625
35.03963447748331,3.587845703125
35.03438910445364,3.5877359375
35.02914374928304,3.587713671875
35.0238983602424,3.58766328125
35.01865291023546,3.587687109375
35.013407434363984,3.587616796875
35.008161949871344,3.58759375
35.002916450598704,3.587559375
34.99767096117928,3.587585546875
34.99242553518918,3.58738359375
34.987180123979066,3.587408984375
34.981934722621816,3.58734140625
34.97668933542853,3.58731328125
34.971443902048975,3.5873296875
34.9661984237141,3.5872828125
34.96095292875221,3.587225
34.955707413468595,3.587201953125
34.95046195052939,3.587142578125
34.94521652330795,3.587100390625
34.939971119487296,3.58703203125
34.93472572305683,3.587005078125
34.92948028967691,3.587034375
34.92423481750052,3.58695
34.91898933300752,3.586902734375
34.913743841740725,3.58688828125
34.90849841205589,3.58676953125
34.903253000845794,3.58677578125
34.898007585324564,3.586718359375
34.8927621168429,3.586741015625
34.88751663974008,3.586690234375
34.88227113554102,3.58665703125
34.877025685534086,3.586563671875
34.871780264470765,3.58652578125
34.866534854491995,3.58648125
34.86128938724203,3.58647421875
34.85604390274939,3.586462109375
34.85079843796282,3.586376953125
34.84555302367329,3.586343359375
34.84030763586399,3.5863
34.83506219694196,3.58631640625
34.82981671491236,3.58625859375
34.82457123165105,3.5862078125
34.819325798271485,3.586103515625
34.81408038275026,3.586083984375
34.808834925353516,3.58612265625
34.80358943839747,3.586066796875
34.79834394589899,3.586034375
34.793098479880726,3.58594921875
34.78785304650079,3.5858953125
34.782607560776455,3.585916015625
34.77736205165097,3.5858546875
34.7721165474519,3.585773046875
34.76687109744498,3.585728515625
34.761625685002805,3.585687109375
34.75638021282641,3.58568828125
34.75113470985905,3.585659375
34.745889237682654,3.58552890625
34.74064379383384,3.585538671875
34.73539833643709,3.58553984375
34.7301528451703,3.58549765625
34.72490735390315,3.58545625
34.719661906359605,3.585366796875
34.714416472979686,3.585337109375
34.70917097924986,3.585309375
34.703925459655125,3.585298828125
34.69867999486855,3.585232421875
34.693434565183715,3.585194921875
34.68818909054392,3.585188671875
34.682943585113165,3.5851203125
34.67769812217396,3.585035546875
34.672452677093816,3.585054296875
34.66720720245403,3.585071875
34.6619616803959,3.584980859375
34.6567161903608,3.5848890625
34.651470748975385,3.5848328125
34.646225276799,3.584863671875
34.6409797910743,3.584810546875
34.63573432690376,3.584710546875
34.63048887689682,3.58466953125
34.625243399793646,3.584693359375
34.61999790606346,3.584630859375
34.614752441276885,3.5845546875
34.60950700235487,3.58449921875
34.60426154064736,3.584509765625
34.599016056154355,3.5845046875
34.593770599989305,3.584373046875
34.58852518323675,3.58434765625
34.58327974862512,3.584362109375
34.57803430108159,3.58429296875
34.572788880018265,3.584187890625
34.56754349097726,3.5841921875
34.5622980754564,3.584191015625
34.55705262668116,3.584103515625
34.55180720192275,3.584065625
34.54656179317568,3.5840203125
34.54131634070572,3.583991015625
34.536070848207224,3.583980859375
34.53082540435842,3.583923828125
34.52558000176947,3.5838421875
34.52033455299424,3.58379921875
34.51508909375012,3.583793359375
34.509843683771344,3.58372265625
34.504598289803916,3.5836859375
34.49935286997229,3.583669140625
34.494107443982195,3.58360234375
34.488862053709845,3.583574609375
34.48361665727939,3.58355859375
34.47837122636285,3.5834703125
34.47312581084162,3.58339375
34.46788041564286,3.583377734375
34.462635001353334,3.583423046875
34.45738956119962,3.583352734375
34.452144140136305,3.583226171875
34.44689874616887,3.583235546875
34.441653314020634,3.58324921875
34.43640786894049,3.583162890625
34.43116246388816,3.583068359375
34.42591707238412,3.583059375
34.420671639004546,3.583072265625
34.41542618530253,3.58300625
34.410180772245056,3.582973828125
34.40493538874651,3.58290390625
34.39968995413525,3.58291875
34.39444449489076,3.582923046875
34.38919906890102,3.5828078125
34.383953665080384,3.582731640625
34.378708211378715,3.582731640625
34.37346272195929,3.582698828125
34.36821728611597,3.58260625
34.36297188722211,3.5825484375
34.357726437215184,3.58250625
34.35248097981843,3.582558984375
34.34723556306587,3.58245078125
34.34199016417201,3.582416796875
34.33674470923865,3.5824015625
34.33149924445208,3.582333203125
34.326253806145736,3.58228671875
34.3210083739975,3.582287890625
34.31576290674754,3.582253125
34.31051743826587,3.582121484375
34.30527200242292,3.58211953125
34.30002655118428,3.582130078125
34.294781075312805,3.582058984375
34.28953562900096,3.581948046875
34.28429019808443,3.58197421875
34.27904474315107,3.581983203125
34.27379927097432,3.581924609375
34.26855383882645,3.581813671875
34.2633084374692,3.581731640625
34.258062980072445,3.58176328125
34.25281750912775,3.58175234375
34.247572084369345,3.581683203125
34.24232664544696,3.5816453125
34.23708116711244,3.581611328125
34.23183570663663,3.5815109375
34.226590269561974,3.581460546875
34.221344817091655,3.58148984375
34.21609934614695,3.58142890625
34.210853903529845,3.581330859375
34.20560849601447,3.581315234375
34.20036305893981,3.581298828125
34.19511760154306,3.581283203125
34.189872194027686,3.58120390625
34.18462682222972,3.581170703125
34.17938140547715,3.58113984375
34.174135961628345,3.5811265625
34.168890556576365,3.581056640625
34.16364514782929,3.581004296875
34.15839969535897,3.580991796875
34.153154233651456,3.580925390625
34.147908799040195,3.58083515625
34.14266335642308,3.5808984375
34.13741789040481,3.58082734375
34.132172457024886,3.58073828125
34.12692706675255,3.580721484375
34.1216816284462,3.58070859375
34.11643618213436,3.580701171875
34.11119076969219,3.580592578125
34.10594538249891,3.580537890625
34.10069995404578,3.58052265625
34.095454515123755,3.580506640625
34.09020911746123,3.580430078125
34.08496372472549,3.58042421875
34.07971830489387,3.580378125
34.07447290600001,3.580263671875
34.06922754959771,3.5802328125
34.063982182726534,3.580258203125
34.058736780137586,3.58016953125
34.05349139971845,3.580082421875
34.04824604577956,3.580103125
34.04300065797024,3.5801015625
34.03775524244938,3.580058984375
34.03250985340838,3.579988671875
34.027264489000586,3.579925
34.02201907902182,3.57994609375
34.0167736388681,3.579909375
34.01152823135272,3.579809375
34.00628284785417,3.579732421875
34.00103741570631,3.579730078125
33.995791965699375,3.57971796875
33.9905465557206,3.57966953125
33.98530114266278,3.579644140625
33.98005568218696,3.579622265625
33.97481023464343,3.579511328125
33.96956481111671,3.579440625
33.96431938389491,3.579487890625
33.95907392772985,3.57945859375
33.95382847772292,3.5793328125
33.94858305173318,3.5792859375
33.94333760295758,3.579316015625
33.938092142481764,3.579221484375
33.93284671649202,3.57914453125
33.92760130774495,3.579153515625
33.92235585773802,3.57909140625
33.9171103794035,3.579089453125
33.91186495341339,3.57900703125
33.90661956437276,3.578935546875
33.901374132224525,3.57892421875
33.89612869638157,3.578864453125
33.890883303645836,3.5788
33.885637888124606,3.578836328125
33.88039244797089,3.578764453125
33.87514702813927,3.578729296875
33.86990164587242,3.578658984375
33.864656216187576,3.5786546875
33.85941076002253,3.578598828125
33.85416534019054,3.578530078125
33.848919916663824,3.578530078125
33.84367446296218,3.578491796875
33.83842904313019,3.578415625
33.833183631920086,3.5783484375
33.82793817698672,3.57838984375
33.82269273067452,3.578274609375
33.81744731761669,3.578198046875
33.812201879310344,3.578173828125
33.806956435461885,3.5781546875
33.80171101994067,3.578108203125
33.79646558532941,3.57811953125
33.79122011315301,3.57807890625
33.78597468223648,3.577964453125
33.78072923099785,3.577981640625
33.77548374527315,3.577918359375
33.77023829649792,3.577891796875
33.764992842796254,3.577869921875
33.759747352760805,3.57783203125
33.75450190275387,3.577743359375
33.74925648045886,3.577748046875
33.74401103661005,3.577678515625
33.73876560938861,3.57759453125
33.73352020679966,3.57755078125
33.728274766645946,3.577533203125
33.723029326492224,3.577464453125
33.7177839054289,3.57739453125
33.71253845788501,3.577378125
33.70729302573714,3.577318359375
33.70204760344176,3.57730625
33.69680214050292,3.577263671875
33.69155670712299,3.577199609375
33.68631128729137,3.577160546875
33.68106583851577,3.577170703125
33.675820410062634,3.577075390625
33.67057499207838,3.577070703125
33.66532952359671,3.577055078125
33.66008406989505,3.5769421875
33.65483862604625,3.576920703125
33.649593156333246,3.57688828125
33.644347700167835,3.57681875
33.639102258782415,3.576849609375
33.6338567792162,3.576780078125
33.628611347067974,3.57667109375
33.623365905682554,3.5766734375
33.61812044828581,3.576676953125
33.61287502475909,3.57654609375
33.60762959261086,3.576571875
33.602384129672025,3.576499609375
33.597138695060394,3.576394921875
33.59189324998025,3.576457421875
33.5866477814986,3.576371875
33.58140235427678,3.57626640625
33.576156905501556,3.576260546875
33.57091142839873,3.576228515625
33.565665998713904,3.576125
33.56042055855982,3.5761953125
33.55517510732155,3.57606875
33.549929687489566,3.57602578125
33.54468423378791,3.57601328125
33.53943875668473,3.575985546875
33.53419331037289,3.57589765625
33.52894784866538,3.5759421875
33.52370236786747,3.57590390625
33.51845694064567,3.575775
33.51321149187043,3.575803125
33.50796600984082,3.5757609375
33.5027205709188,3.57565859375
33.497475101205445,3.575669921875
33.49222961424941,3.575633203125
33.48698417594306,3.5755296875
33.4817387210097,3.57553828125
33.476493236516696,3.575504296875
33.47124779759468,3.575375390625
33.4660023383502,3.575410546875
33.46075684831511,3.575358203125
33.4555114044663,3.575267578125
33.45026594953294,3.575272265625
33.445020478587885,3.575221484375
33.439775057524564,3.57515234375
33.434529630303125,3.5751453125
33.42928416613222,3.57510703125
33.42403873521569,3.575067578125
33.41879328890385,3.575041796875
33.41354782596464,3.574961328125
33.408302393816406,3.5748984375
33.40305696289988,3.57488359375
33.397811490723484,3.57483046875
33.39256604194825,3.574720703125
33.38732062642703,3.574712890625
33.38207516348782,3.574712109375
33.37682970978616,3.57461875
33.37158429549663,3.574586328125
33.36633884302667,3.57452265625
33.36109339548277,3.5744828125
33.35584799043079,3.57444453125
33.35060255951425,3.574469140625
33.34535708733786,3.57442109375
33.34011164472076,3.574308984375
33.33486619840891,3.574300390625
33.32962071391591,3.574255078125
33.32437524543425,3.574199609375
33.319129819444505,3.574148046875
33.31388434849944,3.5741140625
33.308638880018144,3.574025
33.303393438632725,3.574006640625
33.29814797446182,3.5739875
33.29290248873749,3.57394140625
33.28765703749886,3.573857421875
33.282411580102114,3.573860546875
33.27716608082947,3.573834375
33.27192061111647,3.5737171875
33.266675170962394,3.57368359375
33.261429693859576,3.5736484375
33.25618422537791,3.57360859375
33.25093879076665,3.57355078125
33.245693339528025,3.573588671875
33.240447858730114,3.573540625
33.23520242042376,3.573445703125
33.22995698581213,3.573423046875
33.22471150994101,3.573366015625
33.21946606239711,3.573267578125
33.214220633943974,3.573244921875
33.20897517346816,3.573256640625
33.20372969759668,3.57322578125
33.19848426421675,3.57316953125
33.19323881544152,3.57315546875
33.18799334326513,3.573100390625
33.18274790311141,3.573009765625
33.17750249559603,3.572956640625
33.17225704435741,3.5729734375
33.1670115814182,3.572904296875
33.16176616589733,3.57279453125
33.15652072081683,3.572866015625
33.15127523632419,3.572794140625
33.14602979493878,3.572714453125
33.140784367716975,3.572621484375
33.13553889923531,3.57263046875
33.13029345046007,3.572515625
33.125048026933364,3.572521484375
33.119802562146795,3.57249375
33.11455707888585,3.5724921875
33.10931163626874,3.572380859375
33.104066196114665,3.572403515625
33.098820730096385,3.57233671875
33.09357528994267,3.57224765625
33.08832986764765,3.572223046875
33.08308441517733,3.57220859375
33.07783896886549,3.572101953125
33.07259353918066,3.57210234375
33.06734806946729,3.572064453125
33.0621025997543,3.57197890625
33.05685716267964,3.571980859375
33.051611703435164,3.57192265625
33.046366218942524,3.571916015625
33.041120776325414,3.571801171875
33.035875325086785,3.57184375
33.03062985537379,3.57177265625
33.02538441829877,3.571704296875
33.02013897691335,3.57170234375
33.01489349242072,3.571651953125
33.00964802147566,3.57155
33.00440254067775,3.571576171875
32.999157032783955,3.571493359375
32.99391156183889,3.57145234375
32.98866609766835,3.571421484375
32.98342059346929,3.571387890625
32.978175099739104,3.571333984375
32.97292962509931,3.571276953125
32.96768410919967,3.571234375
32.962438606232304,3.57116640625
32.957193122971,3.571165234375
32.95194762000363,3.571148046875
32.94670214536384,3.571075390625
32.94145668611973,3.5709671875
32.93621118931048,3.5709671875
32.930965734376755,3.5708953125
32.9257202960704,3.57088984375
32.92047482389401,3.57086953125
32.915229366497265,3.570788671875
32.90998392388015,3.5707953125
32.904738455398494,3.570704296875
32.899493001696825,3.570641015625
32.89424756031141,3.5706125
32.889002078281806,3.570576953125
32.883756616574296,3.570456640625
32.878511170262094,3.57048515625
32.87326568823285,3.570443359375
32.868020226524976,3.5703625
32.86277477898144,3.570346484375
32.857529290793714,3.570301953125
32.85228382477545,3.570258203125
32.847038368610384,3.570190625
32.84179286441132,3.570176953125
32.836547384845105,3.57010078125
32.83130192744835,3.5700765625
32.82605643494987,3.570059375
32.8208109689316,3.569968359375
32.81556553555167,3.569900390625
32.81032006091189,3.56988046875
32.80507459674097,3.56979609375
32.79982916951954,3.5697859375
32.794583699806545,3.56978203125
32.78933821900827,3.569678515625
32.78409277269643,3.569628515625
32.778847306678166,3.5696140625
32.77360181417967,3.569608984375
32.76835637279426,3.569521875
32.76311094064604,3.569528515625
32.757865483249276,3.569456640625
32.75262005110105,3.569369921875
32.74737464112265,3.56937421875
32.742129187420616,3.56931171875
32.73688371524423,3.5692578125
32.731638272627116,3.569219921875
32.72639281646207,3.569214453125
32.72114733196906,3.569168359375
32.71590186595079,3.569048828125
32.71065643503426,3.56902109375
32.70541096532126,3.5690328125
32.70016547713354,3.56898203125
32.69492003821115,3.56888046875
32.689674612221395,3.568896484375
32.684429150513886,3.568878515625
32.67918370173866,3.568762109375
32.67393828375404,3.568708984375
32.668692844832016,3.568752734375
32.66344738004545,3.568666796875
32.65820193496494,3.568516796875
32.652956518212385,3.568536328125
32.64771106943715,3.568587109375
32.64246557447527,3.568462890625
32.63722010106718,3.568391015625
32.63197465968176,3.5683328125
32.62672918011555,3.568333203125
32.621483669758,3.568341796875
32.616238204971424,3.568221875
32.6109927839081,3.5681484375
32.605747320968895,3.568130078125
32.600501827238716,3.568104296875
32.595256373537055,3.5680328125
32.590010932151635,3.567958984375
32.58476543842146,3.567955859375
32.57951993299069,3.5679546875
32.57427447805733,3.567837890625
32.56902901758152,3.567833203125
32.56378349921848,3.56782265625
32.55853799625111,3.567763671875
32.55329254254909,3.567628515625
32.54804710116367,3.56764765625
32.54280162529219,3.567628515625
32.53755616112165,3.567543359375
32.532310717272836,3.5674578125
32.52706525125457,3.567515234375
32.52181976676157,3.56745546875
32.51657429089045,3.567376953125
32.51132883349334,3.567301171875
32.50608336131694,3.567296875
32.50083786881846,3.567259765625
32.495592397873764,3.56712734375
32.490346947866826,3.5671390625
32.48510149416481,3.567141015625
32.479856019525386,3.567094140625
32.47461056335996,3.566973828125
32.46936514106495,3.566965234375
32.464119691058016,3.56698671875
32.4588742139552,3.56691015625
32.45362875902148,3.566779296875
32.44838332933664,3.56673671875
32.44313788056141,3.56680625
32.4378924009952,3.566722265625
32.43264694359845,3.566655078125
32.427401523766825,3.566565625
32.422156095313326,3.56658515625
32.41691062683202,3.566555859375
32.41166515096054,3.56649140625
32.40641971388589,3.56638203125
32.401174289127475,3.566363671875
32.395928812024295,3.56635
32.39068331152032,3.566314453125
32.385437847349415,3.56621875
32.38019240842739,3.566193359375
32.37494695718877,3.56616796875
32.36970148131728,3.566126953125
32.364456005446165,3.5660375
32.35921056713981,3.56598125
32.353965155929345,3.565932421875
32.348719683752954,3.565937109375
32.343474192486156,3.56589609375
32.33822874617396,3.565805859375
32.33298331772082,3.5658
32.327737856013314,3.565774609375
32.322492364746516,3.565734375
32.317246875327086,3.565623046875
32.312001424088464,3.565578125
32.306756015341385,3.565496875
32.30151057026125,3.5655046875
32.29626509562146,3.5655109375
32.29101966593662,3.565352734375
32.28577424795237,3.565351171875
32.28052879794544,3.565355859375
32.27528332700037,3.565290625
32.270037873298726,3.565190625
32.26479245531447,3.565155078125
32.25954703979323,3.56510234375
32.25430157808572,3.565099609375
32.249056104677635,3.56509296875
32.243810667602986,3.565019921875
32.238565255161184,3.564943359375
32.233319798995765,3.56494765625
32.228074323124645,3.56488671875
32.222828884202265,3.564763671875
32.21758347668688,3.564721875
32.212338053160536,3.564723828125
32.20709259022133,3.564678125
32.201847129745516,3.56461015625
32.19660169636558,3.564584375
32.19135626175397,3.56453984375
32.18611077479793,3.56451796875
32.18086529030529,3.564481640625
32.175619842761385,3.56438984375
32.17037442600883,3.56432421875
32.165128956295476,3.56430234375
32.1598834520964,3.564312109375
32.15463798730983,3.56418125
32.14939253607121,3.5641625
32.144147062663116,3.5641984375
32.13890157570709,3.564184765625
32.13365608998275,3.564029296875
32.128410633817694,3.563968359375
32.123165182579065,3.563939453125
32.117919693159635,3.563921484375
32.11267418649717,3.563889453125
32.10742872910043,3.56379609375
32.102183294489166,3.563756640625
32.09693783154996,3.563783984375
32.091692333509016,3.56373515625
32.08644684347356,3.563626171875
32.0812013860768,3.563580078125
32.07595593360685,3.563536328125
32.070710455271964,3.563481640625
32.06546496831593,3.563481640625
32.06021953247297,3.563374609375
32.05497411017796,3.563316015625
32.04972864415969,3.5633796875
32.0444831491978,3.56327890625
32.03923766963159,3.563194140625
32.03399220484502,3.56319375
32.02874674744827,3.56315625
32.02350125618111,3.563108984375
32.01825574459223,3.56307109375
32.01301028965887,3.563007421875
32.00776487167462,3.56287890625
32.00251942043599,3.562920703125
31.997273934711657,3.5628453125
31.992028469924723,3.562761328125
31.9867830310027,3.562734765625
31.981537600086163,3.56268203125
31.976292135299595,3.562653515625
31.971046641569412,3.562664453125
31.96580118909908,3.562532421875
31.960555763109337,3.562476171875
31.95531029893844,3.562541796875
31.950064797202764,3.56246484375
31.944819316404853,3.562395703125
31.939573860239793,3.5623625
31.93432842809157,3.562285546875
31.929082936824777,3.562282421875
31.923837420924766,3.562279296875
31.91859194998007,3.5621125
31.913346503668233,3.562084765625
31.908101031491842,3.5621375
31.902855523597683,3.562037890625
31.897609984912545,3.56203828125
31.892364499188215,3.56191796875
31.887119052876013,3.561842578125
31.881873583163006,3.561905078125
31.876628076500545,3.561810546875
31.87138256367997,3.56170859375
31.866137092735276,3.561690625
31.860891663050435,3.561651953125
31.855646178557436,3.561659375
31.85040068051649,3.561573828125
31.845155207108398,3.5614859375
31.839909764491292,3.561404296875
31.83466432556927,3.561405078125
31.829418846003055,3.561362109375
31.82417335350457,3.561353515625
31.818927905960663,3.56127578125
31.813682473812804,3.561220703125
31.808437012105294,3.561209765625
31.803191507906227,3.561153125
31.797946006170193,3.56115078125
31.792700558626656,3.5610296875
31.78745514310579,3.5609609375
31.782209682629613,3.560990234375
31.776964196905276,3.56092890625
31.771718707485856,3.560854296875
31.766473256247224,3.560798828125
31.761227830257482,3.560758984375
31.75598235931243,3.560764453125
31.750736866813934,3.560713671875
31.745491382321294,3.5605984375
31.74024593231437,3.56058828125
31.73500052356729,3.560513671875
31.72975504769581,3.56049609375
31.724509564434513,3.5604484375
31.719264107037752,3.560330859375
31.714018678584623,3.56033203125
31.708773253826205,3.560279296875
31.703527790886998,3.560276953125
31.698282298388513,3.560255859375
31.69303682990721,3.560166015625
31.687791384826703,3.560101953125
31.682545962531687,3.560049609375
31.677300485428876,3.56004296875
31.67205499046699,3.5600015625
31.666809547849876,3.559881640625
31.661564124323167,3.559915625
31.65631870757061,3.559827734375
31.651073229235728,3.55982578125
31.645827721341934,3.559746875
31.640582240544024,3.55968671875
31.635336785610306,3.559658203125
31.630091354693768,3.559635546875
31.62484586650604,3.559610546875
31.61960035060639,3.5595171875
31.614354887667183,3.55942734375
31.609109436428923,3.5593859375
31.603863979031804,3.559401171875
31.59861848407029,3.559353515625
31.59337297001801,3.55932109375
31.588127505231434,3.55922265625
31.582882066925084,3.559165625
31.577636623076273,3.55917578125
31.572391133041183,3.55912109375
31.567145623915327,3.559102734375
31.561900159128747,3.5589515625
31.556654729443917,3.5589359375
31.551409274510554,3.55895390625
31.546163777701313,3.55888203125
31.540918263649033,3.55884140625
31.535672804404918,3.558759375
31.530427368561597,3.558721484375
31.52518191855466,3.55865
31.519936429135235,3.55864453125
31.514690918778047,3.558605859375
31.509445461381297,3.558468359375
31.504200018764184,3.558490625
31.49895457368368,3.558429296875
31.493709091654438,3.558425
31.488463591150094,3.5583640625
31.483218144838254,3.558247265625
31.477972704684177,3.558195703125
31.472727255908943,3.5582078125
31.467481763410454,3.5581265625
31.46223624381571,3.55812890625
31.45699076917629,3.55803828125
31.451745303158024,3.55798515625
31.446499840218817,3.55796875
31.44125433355636,3.557953515625
31.436008819504075,3.55789765625
31.430763349791075,3.557746484375
31.425517910868695,3.557759765625
31.42027248611065,3.557687109375
31.415026988069698,3.55771796875
31.409781450616265,3.557676171875
31.40453596858666,3.557560546875
31.399290511189903,3.557503125
31.394045046403335,3.55756484375
31.388799539740873,3.55745703125
31.383554012756683,3.557421875
31.378308536885193,3.5573625
31.373063073945985,3.557302734375
31.367817590684684,3.557370703125
31.362572071090305,3.5572421875
31.357326544105746,3.55720390625
31.35208107808748,3.55709921875
31.346835653329073,3.557044140625
31.341590186079472,3.557097265625
31.336344713903074,3.55700546875
31.33109924973217,3.55690703125
31.325853822510368,3.556872265625
31.320608401447053,3.556855859375
31.31536293419709,3.55683828125
31.310117437387834,3.556764453125
31.304871974448993,3.556686328125
31.299626529368492,3.55665078125
31.294381080593247,3.556623828125
31.289135599795348,3.5566171875
31.283890110375918,3.556573046875
31.27864467206956,3.556471484375
31.27339924731115,3.55641875
31.268153777598158,3.556426171875
31.26290828078891,3.556404296875
31.257662791369484,3.5562890625
31.252417347520677,3.5562671875
31.247171904903563,3.55615703125
31.241926404399223,3.556190234375
31.236680878646727,3.556164453125
31.231435386147883,3.5560359375
31.226189926903764,3.556036328125
31.2209444596538,3.555987890625
31.215698973929463,3.555916796875
31.210453489436457,3.555910546875
31.205208043124617,3.555784765625
31.19996261836621,3.555727734375
31.19471714495812,3.55573671875
31.18947164075906,3.5556921875
31.184226180283243,3.55557265625
31.17898074444028,3.555555859375
31.17373529689639,3.5555359375
31.16848981609848,3.55549453125
31.163244323599983,3.55541171875
31.157998880982873,3.555387890625
31.15275347100447,3.55529921875
31.1475080037545,3.555322265625
31.142262510024317,3.55525859375
31.137017060017385,3.555196484375
31.131771640185768,3.5551171875
31.126526186483737,3.55513125
31.121280706917524,3.55505546875
31.116035258142293,3.554984765625
31.110789840158038,3.554896484375
31.105544375987133,3.554888671875
31.10029889888395,3.5549453125
31.095053451340416,3.554762890625
31.0898080290454,3.55474140625
31.084562556869006,3.5547421875
31.079317074839395,3.55470625
31.07407163222229,3.554603125
31.068826183447058,3.554619921875
31.063580692180263,3.554571484375
31.058335210150663,3.554490234375
31.053089748443146,3.55442421875
31.04784425717599,3.55441328125
31.042598745587107,3.554374609375
31.037353279568837,3.55429140625
31.0321078295619,3.554244921875
31.026862334600384,3.554235546875
31.021616856265506,3.554152734375
31.016371417959153,3.554123046875
31.01112594824616,3.554058203125
31.005880441583695,3.55407421875
31.000634970639005,3.553945703125
30.995389489841095,3.553959765625
30.990143975788808,3.553912109375
30.984898494990897,3.553775390625
30.97965304005755,3.553753125
30.974407535858116,3.55376171875
30.96916204212829,3.553634375
30.96391658965797,3.553624609375
30.958671107628362,3.553612890625
30.953425599734203,3.553594921875
30.948180130021203,3.553483203125
30.942934649223297,3.55351328125
30.937689141329134,3.553423828125
30.93244367407953,3.55331796875
30.927198232693755,3.553278125
30.921952745737723,3.553289453125
30.91670727109794,3.5532015625
30.911461826017796,3.553137109375
30.90621632920855,3.553115234375
30.900970820082698,3.5530375
30.8957253479063,3.55302109375
30.890479848633657,3.552984765625
30.88523433458174,3.55296484375
30.87998885747856,3.5528734375
30.87474337914405,3.5528734375
30.869497877408016,3.5527953125
30.86425240769501,3.552700390625
30.859006961382807,3.552694140625
30.853761453489014,3.552633984375
30.848515944363157,3.55254921875
30.843270474650158,3.552556640625
30.83802497660922,3.55251015625
30.832779465020334,3.552480859375
30.827533982990722,3.552392578125
30.82228849172393,3.552417578125
30.8170429733609,3.552359375
30.81179748763656,3.55227890625
30.806552016691498,3.55222421875
30.80130650387092,3.55220546875
30.79606102307301,3.552107421875
30.790815574297774,3.552054296875
30.785570089805137,3.5520625
30.78032461762874,3.551958984375
30.775079178706356,3.55192890625
30.7698337225413,3.55188515625
30.76458825282794,3.5518671875
30.759342818216677,3.551763671875
30.75409736328333,3.551757421875
30.748851877558632,3.55175625
30.743606431246782,3.5516359375
30.738360977544765,3.551614453125
30.733115491820428,3.5515921875
30.727870035655375,3.551492578125
30.722624576410894,3.55149765625
30.7173791066979,3.551449609375
30.71213366408079,3.551390625
30.706888204836307,3.55135
30.70164273019688,3.55125546875
30.69639729312187,3.551160546875
30.69115182895133,3.55119375
30.685906371554573,3.55107578125
30.680660940638038,3.551006640625
30.675415474619772,3.55107734375
30.67017002091774,3.5509515625
30.66492456844778,3.55097734375
30.65967908641818,3.55093828125
30.654433648111823,3.550879296875
30.649188200567927,3.55082421875
30.643942728391533,3.5508046875
30.638697297475005,3.550646484375
30.63345182653031,3.55073515625
30.62820635189052,3.55058984375
30.622960910505103,3.5504890625
30.61771543463362,3.550567578125
30.6124699753895,3.5504390625
30.607224531540695,3.550371484375
30.601979053206186,3.55039609375
30.596733595809432,3.550346875
30.591488134101922,3.5503265625
30.586242641603427,3.550244921875
30.580997190364805,3.55013203125
30.575751708335197,3.550123046875
30.570506232463714,3.550055859375
30.56526078368848,3.550019140625
30.56001527948941,3.5500015625
30.554769806081328,3.549915625
30.549524319125286,3.549953515625
30.54427880507301,3.549867578125
30.5390333230434,3.549771875
30.53378781514961,3.549730078125
30.528542325730186,3.549662890625
30.52329685478512,3.549628125
30.51805134935436,3.549603515625
30.51280586363002,3.549558203125
30.50756035819926,3.54955
30.502314847842072,3.549407421875
30.497069380592105,3.5493765625
30.49182388008813,3.54937421875
30.486578412838167,3.549270703125
30.481332968989356,3.54929375
30.47608749065484,3.549194921875
30.470842045574337,3.54916484375
30.465596580787764,3.549159375
30.46035110368458,3.549112109375
30.455105653677645,3.54899375
30.449860166721614,3.548978515625
30.444614669912372,3.54891484375
30.439369213747312,3.5488765625
30.434123726791285,3.548882421875
30.428878243529983,3.548729296875
30.423632798449475,3.548686328125
30.418387321346657,3.548693359375
30.413141867644626,3.548608203125
30.40789644658131,3.548543359375
30.4026509848738,3.548565234375
30.397405544720087,3.548447265625
30.39216013474132,3.548435546875
30.38691467980796,3.54842265625
30.381669212557995,3.54835390625
30.37642378656789,3.54829296875
30.371178329171133,3.548303515625
30.365932834209246,3.54826953125
30.36068738789741,3.548180859375
30.355441953285794,3.548153515625
30.35019649835243,3.54807734375
30.344951059430414,3.548000390625
30.339705660536552,3.547953125
30.334460225924932,3.5479546875
30.32921475744363,3.54791015625
30.32396932036861,3.547809375
30.318723895610567,3.54771953125
30.313478422202472,3.54774765625
30.30823293894117,3.54768359375
30.30298749262897,3.547646875
30.297742027842396,3.547629296875
30.29249652610672,3.5475875
30.28725105269864,3.547448828125
30.28200561254492,3.547410546875
30.276760165001022,3.547403515625
30.271514668191774,3.547364453125
30.266269198478778,3.547262109375
30.261023742313718,3.54720078125
30.25577822702974,3.547193359375
30.250532687113274,3.547196484375
30.245287186608934,3.54709375
30.240041697189508,3.54705390625
30.234796172668343,3.547009375
30.229550653073968,3.54696328125
30.22430516611757,3.546878515625
30.219059677929845,3.546858984375
30.213814158335467,3.546822265625
30.20856864243583,3.546737109375
30.20332314069979,3.5467015625
30.19807761494693,3.54672109375
30.192832075030456,3.54664765625
30.18758656344157,3.546534375
30.18234107894857,3.546519140625
30.177095555659108,3.546505859375
30.17185001143187,3.546423828125
30.166604507232808,3.546368359375
30.161359013502626,3.546304296875
30.156113481591646,3.546298828125
30.150867953375382,3.546183203125
30.145622454103112,3.546160546875
30.140376930813645,3.54616484375
30.135131379196235,3.54611796875
30.129885853443373,3.546023828125
30.124640337543724,3.545977734375
30.119394778536858,3.545984765625
30.114149202286583,3.545946875
30.108903669144272,3.54584453125
30.10365814339141,3.545816015625
30.09841258807927,3.545803515625
30.093167042620344,3.545690625
30.087921525488998,3.545676171875
30.082675973871588,3.54566171875
30.077430391463565,3.545595703125
30.07218484969936,3.545515234375
30.066939338110483,3.545419140625
30.061693782798333,3.5454421875
30.056448218864674,3.545403515625
30.051202710970514,3.545315625
30.045957199381633,3.545302734375
30.040711660696857,3.545228125
30.035466149107968,3.545109375
30.030220669541396,3.545091796875
30.024975155489482,3.54509140625
30.019729621115104,3.545030859375
30.014484134159066,3.5449546875
30.00923868784686,3.544885546875
30.003993175026284,3.544876953125
29.998747641883604,3.544847265625
29.993502149385108,3.54477578125
29.988256643954347,3.544774609375
29.983011100958812,3.544734375
29.977765571511227,3.5446046875
29.97252006238537,3.544631640625
29.9672745224689,3.54460703125
29.962028958535246,3.544519921875
29.956783445714656,3.544422265625
29.951537958758628,3.544416796875
29.94629242684765,3.544379296875
29.941046854908137,3.544337890625
29.935801329155275,3.5442296875
29.93055583542509,3.544169921875
29.925310302282774,3.544170703125
29.920064759286873,3.544120703125
29.9148192575512,3.544059375
29.909573741651563,3.544045703125
29.90432819249754,3.5440171875
29.899082672902804,3.54387109375
29.89383718163602,3.543830078125
29.888591659578246,3.543831640625
29.883346117814046,3.543792578125
29.878100600682707,3.543692578125
29.87285510572082,3.543659765625
29.867609571346808,3.54363203125
29.86236401726637,3.54358515625
29.857118514298637,3.54350546875
29.851873047049025,3.543408203125
29.846627529917686,3.54341015625
29.841382001701433,3.543380078125
29.836136514745405,3.54329140625
29.83089104133731,3.543253125
29.825645506962932,3.54323125
29.82039995904061,3.543175390625
29.81515444375699,3.543111328125
29.80990892539396,3.54314296875
29.80466337870333,3.543076171875
29.799417838786496,3.542962890625
29.794172329661006,3.542908984375
29.788926813761357,3.5429171875
29.783681264607342,3.542862109375
29.77843572345918,3.5427890625
29.77319021310198,3.54271484375
29.767944679959303,3.542719921875
29.76269911725734,3.54266640625
29.75745359396788,3.5425921875
29.752208097158633,3.5425171875
29.746962545541223,3.542516796875
29.741716980375866,3.54249375
29.736471453391673,3.542398046875
29.731225928870508,3.542385546875
29.72598037971649,3.542358984375
29.72073483548926,3.542225
29.715489323900375,3.54220546875
29.710243791989395,3.54222421875
29.704998228055736,3.542144140625
29.699752694913055,3.542025
29.694507191945686,3.541996484375
29.68926163909657,3.54198203125
29.68401605915158,3.54196640625
29.678770526009263,3.54185546875
29.67352500764622,3.541803515625
29.668279435707074,3.541773828125
29.66303385699378,3.541733203125
29.65778831522958,3.54167578125
29.652542775312746,3.541676953125
29.64729720706869,3.541609765625
29.642051662841094,3.541470703125
29.636806153715607,3.54146640625
29.631560625499354,3.541458203125
29.626315077577033,3.541363671875
29.621069562293417,3.541292578125
29.615824072257958,3.541225390625
29.610578531109795,3.54127734375
29.60533296163368,3.5412078125
29.600087433417787,3.541115625
29.594841950156486,3.541028515625
29.589596419477193,3.541035546875
29.58435086662845,3.540998828125
29.57910536242938,3.540906640625
29.573859877936382,3.54084921875
29.568614354646915,3.540842578125
29.563368806724593,3.5408078125
29.558123301293833,3.54068046875
29.552877821727623,3.540659375
29.54763229843816,3.54063828125
29.542386727730346,3.54059921875
29.53714119828275,3.54049453125
29.53189570147351,3.540450390625
29.52665016956253,3.540440625
29.521404616713774,3.5403875
29.5161591014298,3.540282421875
29.510913611394706,3.540234765625
29.505668099805455,3.54024453125
29.500422565431446,3.54015
29.495177064927102,3.540088671875
29.48993158412919,3.540061328125
29.48468607130861,3.5400609375
29.47944053385517,3.53997421875
29.474195040125352,3.539873828125
29.46894957410708,3.539866015625
29.46370408160859,3.53988125
29.458458568788004,3.53981328125
29.45321307505783,3.53968125
29.447967609039548,3.53966171875
29.44272210730352,3.539678515625
29.437476584014057,3.53958984375
29.432231081046684,3.539491015625
29.426985615028418,3.539463671875
29.42174010959765,3.539411328125
29.416494599240455,3.539376171875
29.411249139996347,3.5393171875
29.40600370292169,3.53928046875
29.4007582091915,3.53925
29.395512701297342,3.539220703125
29.390267227889254,3.53912578125
29.385021754481166,3.5390921875
29.37977624535567,3.539068359375
29.37453073376679,3.538952734375
29.369285264053424,3.53890546875
29.364039779560425,3.5388890625
29.358794256270954,3.538861328125
29.353548768083225,3.538731640625
29.348303306375715,3.53869609375
29.343057800944955,3.53863671875
29.337812302904375,3.53857265625
29.332566845507262,3.53850703125
29.32732137456256,3.538546484375
29.322075870363495,3.538473828125
29.316830384639157,3.53836484375
29.311584925394683,3.538331640625
29.306339409495035,3.538294921875
29.301093856646293,3.538276171875
29.295848351215533,3.5382296875
29.290602851942886,3.538162109375
29.2853573212636,3.538129296875
29.28011180166922,3.5380390625
29.274866327029443,3.537966796875
29.269620816672248,3.53798046875
29.26437528352957,3.537936328125
29.2591297793305,3.53782421875
29.253884293605804,3.537815625
29.248638767853308,3.53779453125
29.24339320884608,3.537759375
29.238147699720578,3.5376515625
29.232902209685125,3.537592578125
29.227656668536955,3.537583203125
29.22241113231522,3.537476953125
29.217165639816734,3.53741640625
29.21192013931239,3.537424609375
29.2066746123282,3.5373640625
29.201429111823856,3.5372609375
29.196183647037287,3.537208203125
29.1909381366801,3.53720078125
29.185692600458353,3.53718125
29.180447122123837,3.53707890625
29.17520164255727,3.537058203125
29.169956114341378,3.537040625
29.16471060398418,3.5368828125
29.159465110253997,3.53691015625
29.154219601128144,3.5368359375
29.148974059364306,3.5367859375
29.143728553933546,3.5367375
29.13848307683036,3.536640234375
29.13323755723599,3.536637890625
29.12799203148313,3.536598828125
29.122746537752942,3.536505078125
29.117501023700665,3.53652890625
29.112255490557974,3.536478125
29.107009969731912,3.536333984375
29.101764477233417,3.5363453125
29.096518946554134,3.5362890625
29.091273409100697,3.536282421875
29.086027903669937,3.53616328125
29.080782404397294,3.53617890625
29.075536886034612,3.536086328125
29.070291366439882,3.535982421875
29.065045878252143,3.535979296875
29.059800342030407,3.535938671875
29.054554763317103,3.535882421875
29.04930923510085,3.535808203125
29.044063734596882,3.535755078125
29.038818191600985,3.535736328125
29.033572633825806,3.535701171875
29.02832712839504,3.53560078125
29.023081615574466,3.535594140625
29.017836070115532,3.535509765625
29.012590533893796,3.535445703125
29.007345022304904,3.535404296875
29.002099490393924,3.535407421875
28.99685392214951,3.535342578125
28.991608383464374,3.5352359375
28.98636287310718,3.535227734375
28.981117325184858,3.535182421875
28.975871756940442,3.53513828125
28.970626220718703,3.5350625
28.965380729451912,3.53497578125
28.96013519323017,3.534992578125
28.954889640381428,3.5349265625
28.94964412509744,3.534818359375
28.94439863937311,3.53476328125
28.939153111156852,3.534767578125
28.933907555844712,3.534701953125
28.92866205164565,3.534609375
28.92341657331113,3.534565625
28.918171035857693,3.53455625
28.912925494709523,3.5345375
28.907679986815367,3.534436328125
28.902434503554066,3.5343875
28.897188969180053,3.53434609375
28.891943407709427,3.53432265625
28.886697901047327,3.534238671875
28.881452422712446,3.5341765625
28.87620689819128,3.534153125
28.870961356427454,3.534121484375
28.86571585345972,3.534024609375
28.860470378820292,3.533951171875
28.85522486969444,3.53396875
28.849979333472692,3.5338875
28.84473383296872,3.533773046875
28.839488360791965,3.53374296875
28.834242862751385,3.533731640625
28.828997334535128,3.5336546875
28.823751821714545,3.533588671875
28.81850632921606,3.533544140625
28.813260815163773,3.533550390625
28.808015270936544,3.533487109375
28.802769734714808,3.533383984375
28.797524242216323,3.53330078125
28.792278740480647,3.533275
28.787033185168497,3.53326640625
28.781787629856364,3.533200390625
28.77654213058372,3.533120703125
28.771296642395995,3.533053515625
28.766051109253315,3.533010546875
28.760805571799867,3.533006640625
28.755560083612142,3.532890625
28.75031462621539,3.53282265625
28.745069110315747,3.53279765625
28.73982357163061,3.532793359375
28.734578068663236,3.532651953125
28.72933259895024,3.532635546875
28.724087091056084,3.532625390625
28.718841559145105,3.532540234375
28.713596045092814,3.53241640625
28.708350552594332,3.532373828125
28.703105061327538,3.532393359375
28.697859541732807,3.53231953125
28.692614018443336,3.5323078125
28.687368535182394,3.532203125
28.682123082712067,3.532140234375
28.676877580976402,3.532123828125
28.67163205276015,3.5321234375
28.66638656826751,3.531936328125
28.661141110870393,3.53193671875
28.655895649162883,3.531936328125
28.650650164670243,3.531871484375
28.645404690030457,3.531825390625
28.64015924864504,3.531757421875
28.634913830660786,3.531678515625
28.629668347399477,3.53163203125
28.6244228333472,3.5315734375
28.619177332843226,3.531496875
28.613931854508344,3.531436328125
28.608686388490078,3.53146015625
28.603440890449498,3.53137265625
28.59819537208646,3.53135625
28.592949909147254,3.53127734375
28.587704474535986,3.53119765625
28.58245901159678,3.53122890625
28.577213513555833,3.531148828125
28.57196801551489,3.5310765625
28.566722560581535,3.531
28.56147712473821,3.53093046875
28.55623162792897,3.53094609375
28.550986104639502,3.530816015625
28.545740600440432,3.53076953125
28.54049512087422,3.530745703125
28.535249654855953,3.5306421875
28.530004146961797,3.53061796875
28.524758624904027,3.530594921875
28.519513144106117,3.5305
28.514267679319545,3.53047578125
28.509022192363513,3.530462109375
28.50377667030574,3.53036171875
28.498531144552885,3.53032421875
28.493285671144797,3.53022734375
28.488040219906164,3.53021328125
28.48279474033995,3.530177734375
28.477549237372223,3.530123046875
28.472303701150842,3.530081640625
28.467058214194445,3.529963671875
28.46181276172448,3.529940234375
28.456567282157913,3.5298984375
28.45132177426412,3.529837890625
28.44607625220635,3.529809765625
28.44083078249298,3.529697265625
28.43558533371775,3.529655078125
28.430339866467786,3.529641796875
28.425094358573993,3.529564453125
28.419848825431306,3.529534765625
28.414603336011883,3.52944453125
28.409357873072675,3.529424609375
28.404112397201185,3.529384765625
28.398866872680035,3.529292578125
28.393621333995256,3.529253125
28.38837584149677,3.52912109375
28.3831303767102,3.529112890625
28.377884895911926,3.5291421875
28.372639378780946,3.5290015625
28.367393825931835,3.5290140625
28.362148315574647,3.52890390625
28.356902826155217,3.528848828125
28.351657331193337,3.528850390625
28.346411788197802,3.5287984375
28.34116622795887,3.528721484375
28.335920716369984,3.52861015625
28.330675233109044,3.528568359375
28.325429772632866,3.528486328125
28.32018425550153,3.528469140625
28.31493873837055,3.528427734375
28.30969323417148,3.52834375
28.3044477546049,3.52835234375
28.29920229967155,3.5282390625
28.29395679424079,3.528253125
28.288711253092615,3.528153125
28.283465701475208,3.528134765625
28.278220213287476,3.528015625
28.272974751579966,3.52798515625
28.26772927694018,3.527943359375
28.262483761656565,3.5278609375
28.257238229745575,3.52784765625
28.25199272061972,3.527736328125
28.246747232431996,3.52770390625
28.241501759023908,3.52762421875
28.23625623696614,3.527580859375
28.23101069581797,3.527545703125
28.22576514666395,3.52753046875
28.220519648623004,3.52738671875
28.215274177678314,3.527354296875
28.210028683948124,3.527348046875
28.20478316435339,3.527289453125
28.199537620126165,3.527233984375
28.19429210607388,3.527098828125
28.18904662034954,3.527079296875
28.18380116664752,3.526993359375
28.178555662448456,3.526987890625
28.173310142853715,3.526932421875
28.168064620795946,3.52690234375
28.16281914122974,3.52678359375
28.157573680753927,3.526705859375
28.152328228283597,3.526667578125
28.147082707457532,3.52669921875
28.141837171235785,3.52663125
28.136591632550644,3.52657265625
28.131346154216136,3.526456640625
28.12610069374032,3.52641171875
28.12085523203281,3.526352734375
28.115609717980526,3.526332421875
28.11036418360615,3.526276953125
28.10511865169517,3.526250390625
28.099873163507443,3.526115234375
28.09462770179993,3.52608046875
28.08938221730693,3.526066796875
28.084136691554434,3.525966015625
28.07889114979023,3.525938671875
28.07364561911095,3.52583671875
28.06840011614358,3.52578515625
28.063154640272092,3.52574765625
28.057909140999453,3.52573984375
28.052663596772227,3.525650390625
28.047418048849902,3.525618359375
28.04217252186535,3.525512890625
28.036927018897977,3.525435546875
28.031681539331764,3.525364453125
28.02643602096872,3.525373828125
28.021190466888278,3.5253078125
28.015944886943288,3.525288671875
28.010699366117215,3.52515625
28.005453877929487,3.52513203125
28.000208421764068,3.52503671875
27.994962912638577,3.52505859375
27.989717385654018,3.524988671875
27.984471848200577,3.524933203125
27.979226355702092,3.524846875
27.973980868746057,3.5247796875
27.96873536701038,3.524735546875
27.96348981046654,3.52470625
27.958244251459313,3.52467265625
27.95299872447512,3.5245234375
27.947753226434173,3.524501953125
27.942507765958357,3.52443046875
27.937262253137778,3.5244546875
27.932016710141884,3.524361328125
27.926771146208225,3.52433359375
27.92152563338764,3.52420859375
27.91628014335255,3.524115234375
27.911034669944456,3.524066796875
27.905789132491023,3.524071875
27.90054358210567,3.52404453125
27.895298039109772,3.52395234375
27.890052542300523,3.523864453125
27.884807066429047,3.52382578125
27.879561576393947,3.523790234375
27.874316048178056,3.52373203125
27.869070496560646,3.52366171875
27.8638249781976,3.523559375
27.858579488162512,3.52352578125
27.853334018449516,3.523462109375
27.84808853026142,3.52344375
27.842843006971957,3.52337109375
27.83759746274473,3.5233234375
27.832351947460744,3.523256640625
27.827106460504712,3.523189453125
27.821860976011713,3.523112890625
27.81661547058131,3.52312578125
27.81136992758542,3.523033984375
27.806124378431395,3.522975390625
27.80087884220966,3.522901953125
27.795633348479477,3.5228046875
27.790387873839688,3.522746875
27.78514241336387,3.522712109375
27.779896896232536,3.522743359375
27.774651358779458,3.52261484375
27.769405813320162,3.52261015625
27.76416028017785,3.5225
27.75891479198976,3.5224375
27.75366933274564,3.522365234375
27.74842389567099,3.52233046875
27.743178408714954,3.52234140625
27.737932889120216,3.52223671875
27.732687358440927,3.52222734375
27.727441796970666,3.52215703125
27.722196290308204,3.52201875
27.716950800888778,3.521963671875
27.711705323785957,3.521881640625
27.706459871315637,3.521835546875
27.70121435603165,3.521840234375
27.695968806877637,3.52178125
27.690723242944348,3.521716796875
27.68547768270541,3.521673828125
27.680232159415947,3.521569140625
27.674986697708437,3.521492578125
27.669741247701506,3.52146171875
27.66449580631609,3.521373046875
27.65925037047313,3.521307421875
27.654004861347282,3.521316796875
27.648759313424957,3.52124921875
27.643513755649785,3.521196875
27.638268196642557,3.52114921875
27.63302261546586,3.5211109375
27.627777106340368,3.520969921875
27.622531629237184,3.520919921875
27.617286168761368,3.520848828125
27.61204070951726,3.520840234375
27.60679527983242,3.520721484375
27.60154978856563,3.520730859375
27.59630425665465,3.520691796875
27.591058712427056,3.52061484375
27.5858131484934,3.520577734375
27.580567571011798,3.5205078125
27.57532202062644,3.520417578125
27.57007652012211,3.520340625
27.56483103562947,3.520301171875
27.55958556345271,3.52023828125
27.5543401017452,3.520169921875
27.549094661591482,3.520124609375
27.543849158624113,3.5200828125
27.538603603311973,3.52007109375
27.533358039378314,3.5199828125
27.52811246189672,3.51993671875
27.52286688995721,3.519863671875
27.517621305085786,3.5198203125
27.512375780564625,3.5197390625
27.507130292376896,3.51960078125
27.50188480665256,3.5195921875
27.496639330781075,3.51958125
27.491393858604685,3.5194578125
27.48614841598758,3.519369921875
27.48090292656814,3.519370703125
27.475657378645824,3.519337890625
27.47041181594387,3.5192359375
27.465166244004724,3.51918828125
27.45992067021784,3.51911015625
27.454675082883035,3.519097265625
27.449429545429595,3.519017578125
27.44418405847356,3.51889921875
27.438938581370742,3.518893359375
27.433693116584166,3.51882421875
27.42844764687081,3.518780859375
27.42320219440048,3.5187078125
27.417956682811596,3.51868671875
27.412711115798878,3.518652734375
27.407465538317275,3.51856171875
27.40221997007286,3.51848671875
27.39697441352902,3.518430078125
27.391728850827064,3.518380859375
27.386483352786477,3.5182578125
27.381237881841418,3.518197265625
27.37599240843333,3.518156640625
27.370746958426405,3.518091015625
27.36550152135175,3.5180296875
27.36025608119803,3.517990234375
27.355010561603287,3.517984765625
27.349765011217947,3.517893359375
27.344519448515975,3.5178375
27.339273880271563,3.517794921875
27.33402829293674,3.51771015625
27.328782740088002,3.5176546875
27.323537251899904,3.5175203125
27.318291767407278,3.517491015625
27.31304628660936,3.517457421875
27.307800803348066,3.517409375
27.30255535087772,3.51728125
27.29730983682581,3.51727734375
27.292064285208404,3.51723359375
27.286818723738136,3.51713125
27.28157315303032,3.51707578125
27.276327571853987,3.5170375
27.271081996835424,3.51696640625
27.265836484014837,3.51685078125
27.260590989053323,3.516818359375
27.255345509486737,3.5167390625
27.25010003731035,3.516717578125
27.2448545811453,3.516665234375
27.239609052929048,3.516622265625
27.23436349145878,3.516544140625
27.22911793368361,3.516484375
27.223872374676382,3.51645703125
27.21862679719478,3.51639375
27.213381254198875,3.516248046875
27.20813576724285,3.5161953125
27.202890280286812,3.516157421875
27.197644813036852,3.51609140625
27.192399367956344,3.51604375
27.187153871147103,3.516033203125
27.18190833923612,3.515966796875
27.176662781460937,3.515909765625
27.171417226148808,3.515814453125
27.166171655440984,3.51576953125
27.1609261641742,3.515598828125
27.155680690766104,3.5156046875
27.150435227826897,3.515528125
27.14518977289354,3.515490625
27.13994426499939,3.51544921875
27.13469871830876,3.5154203125
27.129453155606804,3.515373828125
27.124207589209746,3.51535
27.118962015423243,3.515269140625
27.11371649459681,3.515134765625
27.108470973770736,3.515116015625
27.103225465876573,3.51506015625
27.09797996906733,3.514949609375
27.092734418681975,3.51497109375
27.087488836273593,3.514874609375
27.082243239701594,3.514815625
27.076997643129587,3.51476328125
27.07175203916777,3.514681640625
27.066506515878302,3.514558203125
27.061261006752446,3.5145296875
27.05601551856472,3.5144921875
27.05077003160868,3.51442734375
27.045524564358725,3.51431953125
27.040279034911137,3.5143171875
27.035033469745773,3.514272265625
27.02978788241096,3.51420078125
27.024542298771237,3.514122265625
27.019296697272445,3.51404609375
27.014051088383837,3.514047265625
27.008805568789455,3.513895703125
27.00356008060173,3.513828125
26.998314598572122,3.5137828125
26.993069132553853,3.51370703125
26.987823678851825,3.51363671875
26.982578236234723,3.513585546875
26.977332720335085,3.513589453125
26.972087171181432,3.51351484375
26.96684159739455,3.513428125
26.9615960266871,3.513396875
26.956350452900224,3.513348828125
26.951104865565412,3.513276953125
26.94585932564894,3.513158984375
26.940613831918757,3.51307734375
26.93536833018273,3.513041796875
26.930122853079908,3.512982421875
26.92487737967182,3.512926953125
26.919631913653546,3.51285859375
26.91438644763528,3.5127609375
26.90914092188242,3.512748828125
26.903895345632524,3.51274140625
26.898649753370908,3.51262578125
26.89340416357306,3.512580078125
26.88815856084258,3.51248828125
26.882912967965673,3.512425
26.877667375704426,3.51238125
26.872421779132072,3.512331640625
26.867176232441437,3.51226015625
26.861930752875224,3.51214921875
26.856685292399412,3.5120890625
26.851439829460205,3.512102734375
26.846194364673643,3.51201875
26.840948908508576,3.511944921875
26.835703443722014,3.511880078125
26.830457982014494,3.511812109375
26.825212529544174,3.511739453125
26.819967024113417,3.51167734375
26.81472145894805,3.51165
26.809475853754535,3.51159375
26.804230251024418,3.511572265625
26.79898465568375,3.51144453125
26.793739080665535,3.511373046875
26.788493498257143,3.51131875
26.783247930013104,3.5112453125
26.778002366079445,3.511171484375
26.77275678859784,3.511133984375
26.767511206189447,3.511093359375
26.762265639792393,3.511003125
26.75702013066691,3.51094140625
26.751774670191097,3.510837109375
26.746529245432686,3.51076328125
26.741283825601066,3.51070703125
26.736038374362437,3.510646484375
26.73079292189211,3.5106046875
26.725547458952903,3.5105703125
26.720301983081775,3.510448828125
26.715056515831815,3.51041484375
26.709811065824873,3.510340625
26.704565565320532,3.510278515625
26.69932001124009,3.51029375
26.69407444976984,3.5102
26.68882888275712,3.510107421875
26.68358332498158,3.510080859375
26.678337749963365,3.509987890625
26.67309216262856,3.50997578125
26.667846633180968,3.50985625
26.662601143145515,3.5097671875
26.657355657421185,3.509732421875
26.652110182781385,3.50964609375
26.646864713068393,3.50959375
26.64161926059807,3.5095359375
26.63637375024088,3.509515625
26.63112819862346,3.509455078125
26.625882634689802,3.50937421875
26.62063708676748,3.50935234375
26.61539153268704,3.50920625
26.610146015555692,3.509182421875
26.604900548306095,3.50909296875
26.599655081056135,3.509023046875
26.59440961134277,3.50896484375
26.589164163799232,3.508878515625
26.58391864050977,3.5088703125
26.578673090124056,3.50879609375
26.573427520648295,3.508753125
26.568181937008212,3.508708984375
26.562936419876866,3.50858125
26.557690913214778,3.50853046875
26.552445421947617,3.508465625
26.547199914053827,3.508409765625
26.541954358741677,3.5083609375
26.53670879172896,3.508345703125
26.53146321424737,3.50823671875
26.526217700195083,3.50808515625
26.520972212007354,3.50809140625
26.515726752762873,3.508009765625
26.510481253490592,3.508043359375
26.505235726506026,3.507912109375
26.499990176120313,3.507866796875
26.49474463866725,3.507772265625
26.48949914185799,3.507721484375
26.48425367091294,3.50765625
26.479008183956914,3.507592578125
26.473762658204052,3.50756640625
26.46851711028173,3.507509765625
26.463271557432982,3.507457421875
26.458026047075794,3.5073390625
26.452780552113907,3.507259375
26.44753505715202,3.5072109375
26.44228951846725,3.507178125
26.437043960691714,3.507088671875
26.43179842631734,3.50703125
26.426552927045055,3.50695703125
26.42130745486867,3.506876171875
26.41606192911581,3.506876171875
26.410816383656528,3.50676484375
26.405570819723224,3.50673984375
26.40032531182907,3.50661640625
26.39507981255642,3.506564453125
26.389834303430938,3.506542578125
26.384588771519958,3.50647578125
26.37934321990254,3.506441796875
26.374097709545353,3.5062984375
26.368852220125916,3.506274609375
26.363606713463454,3.5062640625
26.3583611643098,3.506174609375
26.353115608997673,3.50611171875
26.347870094945385,3.506033203125
26.34262460675766,3.505955859375
26.337379073614976,3.505930859375
26.332133521997925,3.50587265625
26.326887998708102,3.5057625
26.321642498204117,3.50568359375
26.31639698415183,3.505712109375
26.311151446698393,3.505586328125
26.305905929567054,3.505496484375
26.300660430294787,3.505459765625
26.295414915010795,3.50545546875
26.290169360930353,3.505349609375
26.284923831482764,3.505233984375
26.279678330978424,3.505192578125
26.27443279475668,3.50520234375
26.269187235749826,3.505108203125
26.263941717386775,3.505004296875
26.258696229199042,3.50496015625
26.253450692977314,3.504897265625
26.248205151829136,3.5048453125
26.242959647629714,3.504744140625
26.237714120645517,3.504759765625
26.232468573954886,3.50467890625
26.227223059902617,3.504604296875
26.22197754954541,3.50453984375
26.2167319991597,3.5044953125
26.21148646971211,3.504362890625
26.206240966744748,3.50432734375
26.200995408969206,3.50429765625
26.19574985119367,3.50417578125
26.190504342068188,3.504127734375
26.185258790450767,3.50410625
26.180013264698275,3.50396640625
26.17476778143697,3.5039265625
26.169522250757694,3.503896875
26.16427674532692,3.5038140625
26.159031259602227,3.503757421875
26.153785730154645,3.50370625
26.148540223492176,3.503617578125
26.1432947229882,3.50360390625
26.138049183071367,3.503535546875
26.13280367764059,3.50341796875
26.12755816050962,3.503398828125
26.122312632293365,3.503376171875
26.117067147800366,3.5032265625
26.111821643601296,3.503198046875
26.10657615541357,3.5030625
26.101330691243028,3.50304375
26.096085182117175,3.503000390625
26.09083969885586,3.50293125
26.08559420635739,3.502916015625
26.080348693536788,3.5028046875
26.07510321889738,3.502698046875
26.06985772516718,3.50268359375
26.064612228357937,3.502593359375
26.059366751254764,3.502498046875
26.054121242129263,3.502512109375
26.048875760099655,3.5023859375
26.04363028422817,3.50240625
26.038384765865136,3.502327734375
26.033139288762314,3.502203125
26.027893787026642,3.502194921875
26.022648264968506,3.502119140625
26.017402763232848,3.50205859375
26.012157231321854,3.50200625
26.006911708032387,3.501878125
26.001666211223146,3.50185625
25.99642068054387,3.5017921875
25.9911751726497,3.501723046875
25.985929668450638,3.501704296875
25.980684136539654,3.501637109375
25.975438631108883,3.50154609375
25.970193110282825,3.50153671875
25.964947558665408,3.501441015625
25.959702040302723,3.501358203125
25.954456514549868,3.50136953125
25.94921096293246,3.5013078125
25.943965455038654,3.5012078125
25.93871994098638,3.501167578125
25.933474403532948,3.501078515625
25.928228911034456,3.500970703125
25.922983405603684,3.500982421875
25.917737868150247,3.500928515625
25.91249237688346,3.500784765625
25.90724687761118,3.500801953125
25.9020013432368,3.500708984375
25.896755836574343,3.500603125
25.891510334838667,3.50059921875
25.886264807854104,3.500525390625
25.88101932089808,3.500418359375
25.875773833942045,3.50040859375
25.870528321121462,3.500337109375
25.865282831086006,3.500265625
25.860037346593362,3.5002125
25.854791826998635,3.500160546875
25.849546320336174,3.50005390625
25.84430083584353,3.49998359375
25.839055321791243,3.499941796875
25.833809797270092,3.4998625
25.8285642832178,3.499804296875
25.823318731600754,3.499766796875
25.818073188604867,3.49966796875
25.812827691795608,3.49959609375
25.807582180206733,3.49960546875
25.80233664583236,3.499526171875
25.797091147791768,3.499419140625
25.79184565652462,3.499400390625
25.786600139393634,3.499335546875
25.78135465120555,3.499231640625
25.776109179029145,3.49918046875
25.770863661897813,3.499108984375
25.765618137376645,3.4990546875
25.76037264487815,3.49895703125
25.7551271215887,3.498958984375
25.74988158721468,3.49888828125
25.74463608055222,3.49879140625
25.739390599754298,3.49869296875
25.734145070306358,3.498708203125
25.72889955194368,3.498587890625
25.72365406621897,3.498535546875
25.718408557093486,3.49850546875
25.713163025182507,3.498471875
25.707917525909856,3.4983515625
25.70267205003874,3.49829921875
25.697426525517585,3.498248046875
25.692181003459453,3.498165234375
25.68693551896681,3.498095703125
25.68169001476774,3.498091796875
25.6764444760826,3.49799453125
25.671198965725413,3.497902734375
25.665953488622232,3.497856640625
25.660707966564473,3.497836328125
25.65546241494743,3.49775546875
25.650216909516654,3.497698828125
25.644971409012314,3.497634765625
25.639725864785092,3.497569921875
25.63448034026392,3.49745234375
25.629234847765442,3.497448046875
25.623989323244274,3.49738359375
25.618743790101583,3.4973859375
25.613498295139713,3.4972703125
25.608252801409513,3.49724375
25.603007275657024,3.4971453125
25.597761770226256,3.497060546875
25.592516290659688,3.496970703125
25.58727075628567,3.496965234375
25.582025212058074,3.49688515625
25.576779705395985,3.496819140625
25.57153416794255,3.496751171875
25.56628861386211,3.496680078125
25.56104310596794,3.4965890625
25.555797594379047,3.496602734375
25.550552047688434,3.49653203125
25.54530653486785,3.496436328125
25.54006104483275,3.49640546875
25.5348155203116,3.496330859375
25.52957001241743,3.4962171875
25.5243245266931,3.496159375
25.519079002171942,3.4961421875
25.513833478882475,3.496041015625
25.50858797714643,3.495984375
25.503342458783397,3.495955859375
25.498096917019563,3.495909375
25.492851424521074,3.495800390625
25.487605924016734,3.495804296875
25.48236038410026,3.495742578125
25.477114868816287,3.49563125
25.47186938309195,3.495552734375
25.466623853643995,3.495535546875
25.461378342055113,3.49542109375
25.456132852635683,3.495391015625
25.450887329346216,3.4953546875
25.44564179497184,3.495294140625
25.440396288309735,3.49520625
25.43515075516706,3.495149609375
25.429905207244747,3.495096484375
25.424659703045677,3.4949921875
25.419414173598092,3.49498828125
25.414168632449556,3.494923828125
25.40892313995106,3.494862109375
25.403677627130484,3.494830078125
25.398432088445716,3.494751953125
25.393186578088155,3.49465625
25.387941060957182,3.49461015625
25.382695511803156,3.494561328125
25.377449986050294,3.49446484375
25.37220446152914,3.4944515625
25.366958904985303,3.49434375
25.36171337184262,3.494256640625
25.356467852248247,3.494240625
25.351222309252346,3.494205859375
25.34597678473119,3.494062109375
25.34073128053212,3.494022265625
25.335485728915074,3.49400546875
25.330240197004095,3.49387578125
25.32499470573693,3.493831640625
25.319749175057645,3.493781640625
25.31450366223706,3.493657421875
25.309258170970274,3.4936234375
25.304012640290978,3.4936109375
25.29876711823322,3.493484765625
25.293521631277176,3.49344453125
25.288276117224907,3.493394921875
25.283030611794132,3.493333203125
25.277785142080774,3.4933
25.27253965204569,3.49322265625
25.267294141688502,3.493147265625
25.262048674438525,3.49308046875
25.256803205956864,3.493045703125
25.25155771099535,3.492955859375
25.246312249287833,3.492859765625
25.241066795585805,3.492843359375
25.235821307398076,3.492830859375
25.230575824136782,3.4926859375
25.225330364892656,3.49262421875
25.220084852072073,3.492603125
25.214839336172435,3.49250078125
25.20959383566809,3.492465625
25.204348304988798,3.492452734375
25.19910275460346,3.492373046875
25.193857244245898,3.49228125
25.188611724651526,3.492273046875
25.18336618288733,3.492203515625
25.17812067499318,3.49212421875
25.172875181263354,3.492036328125
25.16762963703576,3.491996875
25.16238409835062,3.49189453125
25.157138583067002,3.4918328125
25.15189302898656,3.491793359375
25.14664747490612,3.491690234375
25.141401947921572,3.491637109375
25.13615638768299,3.49165
25.130910812664425,3.4915859375
25.125665280753438,3.49149296875
25.120419744531695,3.491448828125
25.11517418182974,3.491376171875
25.109928644376307,3.491241796875
25.104683138945532,3.4911953125
25.09943761072965,3.4911703125
25.09419208005036,3.49110078125
25.088946591862634,3.491007421875
25.083701087663563,3.49100078125
25.078455546515034,3.490930078125
25.073210033694448,3.490822265625
25.067964544275018,3.490775
25.062719003126855,3.4907375
25.057473445351313,3.49069921875
25.052227942383954,3.490581640625
25.046982433258453,3.490578515625
25.041736889030858,3.490490625
25.036491377441983,3.4903546875
25.03124590033916,3.49030390625
25.026000369659872,3.4902859375
25.020754816810765,3.490269140625
25.015509299679415,3.490164453125
25.010263786858832,3.49015390625
25.005018250637463,3.49008359375
24.999772719957814,3.48995
24.99452721822214,3.4899484375
24.98928170786495,3.489903515625
24.984036184575483,3.4898234375
24.97879069207699,3.48971875
24.97354523591157,3.489641796875
24.968299724322694,3.489635546875
24.96305419241171,3.489573046875
24.957808715308893,3.489473046875
24.952563244363823,3.489401171875
24.94731772230606,3.489370703125
24.942072199016593,3.489301171875
24.936826707749805,3.489182421875
24.931581207245465,3.48919296875
24.926335688882787,3.489130859375
24.921090187146756,3.48902265625
24.915844711275643,3.488983984375
24.910599194144297,3.488930078125
24.905353647453662,3.488859765625
24.900108146949325,3.4888015625
24.89486267600464,3.4887125
24.889617157641588,3.488675
24.884371616493425,3.488651953125
24.879126115989088,3.48853359375
24.873880625954005,3.488517578125
24.868635095274712,3.4884421875
24.86338958491715,3.4883203125
24.85814411643586,3.4882546875
24.85289862701643,3.488297265625
24.84765310619,3.48815
24.8424075970645,3.488036328125
24.8371621125715,3.488016015625
24.831916598519584,3.48796484375
24.82667107153502,3.48791875
24.82142557780484,3.487825
24.816180110554882,3.487776171875
24.810934603892775,3.487730859375
24.80568906767103,3.48767421875
24.800443589336147,3.48754453125
24.795198135634493,3.487475
24.789952628972035,3.4874609375
24.784707085976144,3.487428125
24.779461591014616,3.4873
24.77421612006956,3.487247265625
24.76897060971237,3.487231640625
24.763725067948172,3.487129296875
24.758479557590984,3.487037890625
24.753234062629097,3.48699375
24.74798853687661,3.486991015625
24.742742992649013,3.48689609375
24.737497466896155,3.486791796875
24.732251975629367,3.48671875
24.727006498526546,3.4866671875
24.72176098324257,3.486644921875
24.71651544578912,3.48660859375
24.711269966222922,3.48650859375
24.706024508826168,3.48643828125
24.70077902433317,3.486415234375
24.69553349488558,3.486315625
24.69028795312138,3.48625
24.685042437837758,3.486160546875
24.679796949650033,3.486084765625
24.674551417739053,3.486075
24.669305877822207,3.4860046875
24.664060354532758,3.48590703125
24.65881486880842,3.4858515625
24.653569416338083,3.485780859375
24.648323910907326,3.485752734375
24.643078393775983,3.485658984375
24.6378329000458,3.485580859375
24.632587430332805,3.48550703125
24.627341966161893,3.485468359375
24.622096441640736,3.485412890625
24.616850907266347,3.4853671875
24.611605393214433,3.48529453125
24.60635991241653,3.485221484375
24.601114459946192,3.4851140625
24.595868964984323,3.4851125
24.59062344046315,3.485021875
24.585377909783872,3.484969921875
24.580132443765606,3.484849609375
24.57488700238019,3.484808984375
24.569641560994775,3.484746484375
24.564396053100612,3.484723046875
24.55915052611642,3.4846734375
24.553904987431277,3.484608984375
24.54865951525489,3.48448984375
24.54341406032153,3.4844125
24.538168628173295,3.484332421875
24.53292312890066,3.484322265625
24.52767760930592,3.484253125
24.522432063846995,3.4842140625
24.517186564574715,3.48409140625
24.511941087471538,3.484048046875
24.506695633769514,3.483985546875
24.501450165288222,3.483947265625
24.49620464076705,3.48389921875
24.490959100850223,3.4838140625
24.48571356339714,3.48376796875
24.480468085062263,3.483658984375
24.4752226492193,3.4835671875
24.46997721029728,3.483516796875
24.464731780612087,3.483453125
24.459486275181685,3.48346640625
24.454240745733742,3.483378515625
24.44899521505445,3.48332421875
24.443749668363836,3.48325
24.43850416416477,3.48312109375
24.43325868829328,3.483086328125
24.428013246907867,3.483019921875
24.422767812296595,3.483007421875
24.417522380148377,3.482894140625
24.412276878412335,3.482901171875
24.407031348964743,3.482812109375
24.40178580904827,3.482746484375
24.396540256199163,3.482698046875
24.391294697192293,3.48261953125
24.38604920038305,3.482503125
24.380803717121754,3.482411328125
24.375558254182547,3.482403125
24.370312783237846,3.482329296875
24.36506734185243,3.48222578125
24.359821858591122,3.48220390625
24.354576324216744,3.482162890625
24.349330779989522,3.482059765625
24.344085232067204,3.48196796875
24.338839703851303,3.481974609375
24.333594162087106,3.48189453125
24.32834861539649,3.48183828125
24.323103125361033,3.481740234375
24.3178576778175,3.48162421875
24.312612231505653,3.481588671875
24.307366776571936,3.481534375
24.302121343192372,3.48144765625
24.29687590611735,3.481389453125
24.291630482591003,3.48133671875
24.28638506830148,3.481240625
24.28113962937946,3.481223046875
24.275894139960027,3.481161328125
24.270648602506594,3.481146875
24.265403069363906,3.481076171875
24.260157538684616,3.480989453125
24.254912008005338,3.480892578125
24.249666479789084,3.480796484375
24.244420943567338,3.480794921875
24.239175443063367,3.480747265625
24.233929931474478,3.480623046875
24.228684399563495,3.480584375
24.22343885040947,3.480510546875
24.218193343747007,3.480474609375
24.212947902361595,3.480373046875
24.207702513320964,3.480278515625
24.2024571298224,3.48015703125
24.197211737086672,3.480116796875
24.19196632402921,3.48006484375
24.186720896807408,3.48002734375
24.181475484365595,3.4799296875
24.176230079313626,3.479873828125
24.17098465701824,3.479790625
24.165739244576447,3.47974765625
24.160493846914285,3.479690625
24.155248456641935,3.4796140625
24.15000304419978,3.47955234375
24.144757575718476,3.479526953125
24.139512054892048,3.479471484375
24.1342664995799,3.479444140625
24.12902095288927,3.47935703125
24.12377541297281,3.479261328125
24.11852986012406,3.479203125
24.11328431835986,3.479137109375
24.10803877844303,3.47906328125
24.10279326562245,3.47898828125
24.097547744796376,3.478883203125
24.092302211653692,3.4788640625
24.087056650183424,3.478838671875
24.081811097334686,3.47872421875
24.07656558944052,3.478703515625
24.071320130196412,3.47858046875
24.066074706669692,3.478462890625
24.060829286837716,3.4784046875
24.055583868853454,3.478326171875
24.05033843670559,3.478306640625
24.045092998399237,3.47824609375
24.039847558245157,3.478186328125
24.03460213102371,3.4781390625
24.029356676089993,3.478039453125
24.02411123470458,3.477976953125
24.018865800093327,3.47791875
24.01362036917678,3.4778484375
24.008374946881766,3.477794921875
24.003129527050145,3.47771484375
23.997884077043217,3.47765546875
23.99263858885512,3.4775859375
23.987393058175844,3.47751796875
23.98214750163201,3.477440625
23.976901910602454,3.4774
23.971656301713853,3.47734609375
23.96641067188748,3.47729140625
23.961165049451285,3.477230859375
23.955919420856247,3.4771578125
23.950673810736312,3.477121484375
23.9454282030794,3.477061328125
23.940182595422485,3.476965625
23.934936997618788,3.4768890625
23.929691397352055,3.47681875
23.924445810017247,3.47674296875
23.919200240541134,3.476671875
23.91395467106502,3.476621875
23.90870911452154,3.47649765625
23.903463546277116,3.476453515625
23.898217971258546,3.476409375
23.8929724005511,3.476367578125
23.887726850165386,3.476288671875
23.882481311480618,3.476226171875
23.877235770332085,3.4761375
23.87199022364147,3.4761140625
23.866744668329325,3.476015625
23.861499104395662,3.47596015625
23.856253539230668,3.47585234375
23.85100797529701,3.47580234375
23.845762405820896,3.475737890625
23.840516838808174,3.475644140625
23.83527128472773,3.4755984375
23.830025728183898,3.47553671875
23.82478017410346,3.47550546875
23.819534632954927,3.475407421875
23.814289091191096,3.475354296875
23.809043561743138,3.475271875
23.80379803475894,3.4751765625
23.798552516395908,3.475154296875
23.793306991874736,3.475039453125
23.7880614488792,3.474973046875
23.78281588740858,3.47490625
23.77757033579153,3.474824609375
23.772324792795644,3.474776953125
23.76707923994689,3.474730078125
23.76183369879873,3.474621875
23.756588157650196,3.474596875
23.751342609727878,3.474506640625
23.74609705195271,3.474508203125
23.740851492945463,3.474412890625
23.735605922238015,3.474339453125
23.730360342293018,3.474246875
23.725114753726515,3.474163671875
23.71986918301907,3.474053515625
23.714623648644682,3.473984765625
23.709378185705475,3.473920703125
23.70413276217877,3.473869140625
23.698887364516608,3.47381640625
23.69364196315935,3.47370078125
23.68839653347451,3.473629296875
23.683151116721966,3.47357578125
23.677905710438274,3.473512109375
23.672660300459516,3.473451953125
23.667414891712433,3.473390234375
23.662169496513666,3.47326796875
23.65692411301512,3.473244921875
23.651678751070364,3.4731578125
23.646433387894277,3.47314921875
23.64118801116987,3.47310078125
23.63594260119111,3.473015625
23.630697121624898,3.47294453125
23.62545161126771,3.472891796875
23.620206089209933,3.472789453125
23.614960567151797,3.472744140625
23.609715053099883,3.472624609375
23.60446953104175,3.47260625
23.599224015758146,3.472517578125
23.593978506632276,3.472465625
23.58873299258001,3.472411328125
23.58348745635826,3.472345703125
23.578241905972902,3.472206640625
23.57299638268345,3.47212421875
23.567750922207637,3.4720546875
23.562505512228864,3.472012890625
23.557260115798393,3.471928515625
23.552014704587933,3.4719171875
23.546769315547284,3.47182421875
23.54152390556851,3.471742578125
23.536278498053147,3.4716578125
23.531033089306078,3.47157265625
23.525787710118635,3.47156328125
23.52054234201576,3.471558203125
23.515296926494532,3.47147421875
23.510051428453956,3.471403125
23.504805905164133,3.471301953125
23.49956038187467,3.471269140625
23.494314853658768,3.471143359375
23.48906930080966,3.471064453125
23.48382375411903,3.471019921875
23.478578208660117,3.470976953125
23.47333264842154,3.470911328125
23.468087083256194,3.470851953125
23.462841502079502,3.4707640625
23.457595919671466,3.470634765625
23.45235037298085,3.4705828125
23.44710490080446,3.47052421875
23.44185948405153,3.470420703125
23.436614081462952,3.470344921875
23.431368669020785,3.47028203125
23.426123272590313,3.470230859375
23.42087787739119,3.470124609375
23.41563247972903,3.470061328125
23.410387089456698,3.4699734375
23.405141699184345,3.469930859375
23.39989632122825,3.46985390625
23.394650969752735,3.469821484375
23.38940560534459,3.469773046875
23.38416019659752,3.46968828125
23.378914720726403,3.469672265625
23.373669204826747,3.46957265625
23.36842367661049,3.469505859375
23.363178158247457,3.469451953125
23.357932655280077,3.46936640625
23.352687165244994,3.469307421875
23.347441664740657,3.46922734375
23.34219614945704,3.46918203125
23.336950623704176,3.46912421875
23.331705090561506,3.469035546875
23.32645953894446,3.46895859375
23.321213989790433,3.468911328125
23.315968436941326,3.46888046875
23.310722889019004,3.46879453125
23.30547734109704,3.468746484375
23.30023178208981,3.46864375
23.294986203376517,3.4685984375
23.28974062219983,3.468505078125
23.284495055803127,3.4684046875
23.279249500490984,3.4683015625
23.27400397350643,3.468244921875
23.26875848100794,3.46815859375
23.26351302361119,3.468121484375
23.258267609321663,3.468022265625
23.253022220281018,3.467936328125
23.247776838014175,3.467896875
23.24253147237468,3.467810546875
23.237286093187247,3.467783203125
23.232040705993974,3.467705859375
23.22679530586842,3.46763359375
23.22154991313269,3.467587109375
23.216304527171104,3.467455078125
23.211059142440853,3.467395703125
23.20581375463191,3.46735625
23.20056836990166,3.4672984375
23.195322985171778,3.46721875
23.190077604752286,3.467164453125
23.184832217559016,3.467121484375
23.179586826054972,3.466997265625
23.174341437014327,3.466964453125
23.169096049821054,3.466857421875
23.16385066940192,3.466803515625
23.158605295140553,3.46673203125
23.153359927037677,3.466641796875
23.14811451274851,3.466605859375
23.14286904426685,3.46650625
23.137623535141365,3.46645234375
23.132378000766977,3.466437109375
23.127132441760118,3.4663953125
23.121886882752875,3.4663640625
23.11664132497735,3.46624765625
23.11139577459199,3.4661578125
23.106150219279844,3.46606640625
23.100904648572044,3.466021875
23.095659096954996,3.4659828125
23.090413553959092,3.465909765625
23.085167996183923,3.46585
23.079922419933666,3.46580625
23.074676901570616,3.465687890625
23.069431461416904,3.46556953125
23.064186051438487,3.465490234375
23.058940647617852,3.4654109375
23.05369523086529,3.465366015625
23.048449796253664,3.465318359375
23.043204359179015,3.46525390625
23.037958922104348,3.46516328125
23.03271348749309,3.465134765625
23.027468066429414,3.465041015625
23.022222665072526,3.464970703125
23.01697727787925,3.464878125
23.01173183895686,3.464821875
23.006486342147618,3.4648
23.001240797920378,3.46475546875
22.99599523275503,3.464696875
22.99074967251647,3.464621875
22.985504118435653,3.464558203125
22.980258576671826,3.46446796875
22.97501304352914,3.46438203125
22.96976751777628,3.464330859375
22.964521994486812,3.46422734375
22.95927645025959,3.464205859375
22.95403090480029,3.46412421875
22.948785385205923,3.464076953125
22.94353986992195,3.463996484375
22.938294362028152,3.46392578125
22.933048828885468,3.4638609375
22.92780327234163,3.4637859375
22.922557698554755,3.463755078125
22.917312133389405,3.4636625
22.91206660640521,3.463615625
22.90682113299712,3.463551171875
22.901575695922467,3.46344921875
22.896330301955036,3.463387890625
22.891084921535903,3.463293359375
22.885839542348123,3.463220703125
22.88059415084408,3.463158984375
22.87534875318192,3.463070703125
22.870103340124086,3.463021484375
22.864857911670953,3.46297109375
22.859612471516872,3.46291796875
22.854367025205025,3.462875
22.849121581356215,3.46276484375
22.843876138739112,3.46275390625
22.838630691195565,3.4626765625
22.83338525535262,3.462633203125
22.828139834288923,3.46256328125
22.82289441999977,3.462519140625
22.817649022337612,3.462405078125
22.812403632064903,3.462328515625
22.8071582208548,3.46226640625
22.801912787474876,3.462190625
22.79666736271682,3.462121875
22.79142193672671,3.46207109375
22.786176524284915,3.462020703125
22.780931111227083,3.461982421875
22.77568570986984,3.4618984375
22.77044032082919,3.4618359375
22.765194941641393,3.46175234375
22.759949562453965,3.4616890625
22.75470419927752,3.4616390625
22.749458834869728,3.461551953125
22.744213456913634,3.461478515625
22.738968045703174,3.461408203125
22.733722590769812,3.461350390625
22.72847709396057,3.461287109375
22.723231563281278,3.46124375
22.717986010432526,3.461217578125
22.712740428024134,3.46114765625
22.707494820367234,3.46111171875
22.702249194235943,3.46105625
22.69700355825145,3.460972265625
22.691757932119803,3.46093046875
22.68651230106174,3.4608625
22.68126667739386,3.460812109375
22.67602105742069,3.46073203125
22.670775428825664,3.4606484375
22.665529818705714,3.460590234375
22.660284204275012,3.460547265625
22.65503858307015,3.460508984375
22.649792960633604,3.460409765625
22.64454734066008,3.46035703125
22.639301727461085,3.4602609375
22.634056123499267,3.4602328125
22.62881053370105,3.460144140625
22.623564974694176,3.46011953125
22.618319458794534,3.46001796875
22.61307398784948,3.4599390625
22.60782854400067,3.45991640625
22.60258310569432,3.4598578125
22.597337684630993,3.45981796875
22.59209225740956,3.45971015625
22.58684682156623,3.459649609375
22.58160137648609,3.459616015625
22.576355927710868,3.459541015625
22.57111049309924,3.4594890625
22.56586507757837,3.45940703125
22.560619662057142,3.459345703125
22.55537424899968,3.459265625
22.550128832246763,3.459208203125
22.54488339763549,3.4591734375
22.539637950091958,3.459083203125
22.53439250131636,3.4590171875
22.529147065473403,3.45897421875
22.52390164872084,3.4589375
22.51865624490019,3.458828515625
22.513410850933127,3.458797265625
22.508165460660422,3.458766015625
22.50292007716224,3.458723828125
22.497674641319282,3.458696484375
22.492429153131553,3.458636328125
22.48718363230511,3.45855703125
22.481938111479035,3.458550390625
22.476692604816577,3.45843828125
22.471447064899746,3.458388671875
22.46620152313592,3.4583171875
22.460955992456626,3.458263671875
22.455710463008682,3.458254296875
22.4504649243239,3.458194140625
22.445219366548375,3.458080078125
22.43997381739435,3.457969921875
22.434728324895858,3.45793828125
22.429482895211034,3.457903515625
22.424237488927343,3.45783984375
22.418992080180274,3.45781171875
22.41374667882303,3.4577453125
22.408501268844613,3.457682421875
22.403255847781303,3.45760546875
22.3980104193278,3.4575515625
22.392765006886002,3.45745078125
22.387519633856694,3.457434375
22.382274296544793,3.457421875
22.37702893644739,3.457408984375
22.37178352338956,3.457329296875
22.366538032122772,3.45730390625
22.361292510065013,3.4572125
22.35604697815403,3.457172265625
22.35080145609625,3.4570984375
22.345555911868658,3.45704296875
22.340310374415225,3.45699375
22.33506483326706,3.456941015625
22.32981928657643,3.456919921875
22.324573730032597,3.45687421875
22.319328156246087,3.456776953125
22.314082582459207,3.4566703125
22.3088370333052,3.45660703125
22.303591556202377,3.456568359375
22.29834612651718,3.45652265625
22.29310070668556,3.456446484375
22.28785528439055,3.45641953125
22.282609886728387,3.456330078125
22.27736447921301,3.456305859375
22.27211906122876,3.45626796875
22.266873635238646,3.4561796875
22.261628209248904,3.45616171875
22.25638279927013,3.45614609375
22.251137382517573,3.456096484375
22.245891911572517,3.45605390625
22.240646389514737,3.45601640625
22.235400829276173,3.455943359375
22.23015526780591,3.455915234375
22.22490972788908,3.455815234375
22.21966418612488,3.455778515625
22.214418639434268,3.455734375
22.209173097670064,3.455716796875
22.20392756822248,3.45563671875
22.198682020300158,3.455586328125
22.193436461293285,3.455469140625
22.188190928150597,3.455414453125
22.18294546090064,3.455380859375
22.177700037373924,3.455345703125
22.172454608920788,3.455287890625
22.16720917184614,3.455245703125
22.16196374831942,3.45523203125
22.156718321097618,3.455146484375
22.151472892644485,3.45505
22.14622745803321,3.455030078125
22.14098202711668,3.454984765625
22.135736620833008,3.454955078125
22.13049122440218,3.454940625
22.125245797180735,3.45492109375
22.1200002979081,3.454860546875
22.114754749985778,3.45476875
22.10950919467363,3.454698828125
22.104263645519623,3.45467265625
22.09901810375578,3.454626171875
22.09377254844365,3.454583203125
22.088526988204716,3.454544140625
22.08328142796614,3.454498828125
22.07803586772758,3.454419921875
22.07279030133052,3.454423046875
22.067544742323665,3.45435390625
22.062299180853028,3.454290625
22.057053599676696,3.454243359375
22.051808030200583,3.454130859375
22.046562488436397,3.454099609375
22.041317012565266,3.454033203125
22.036071580417033,3.454018359375
22.030826155658627,3.45395546875
22.02558072720549,3.453906640625
22.020335309221238,3.453883984375
22.0150898949317,3.4538015625
22.009844492342754,3.45375703125
22.00459909960738,3.45371171875
21.999353712414106,3.4536453125
21.99410832891556,3.45365703125
21.988862953422856,3.4536296875
21.983617559455425,3.453606640625
21.978372090974116,3.4535296875
21.973126571379392,3.4534734375
21.967881040700103,3.4534875
21.96263551494724,3.453430078125
21.957389985499653,3.4533515625
21.95214444804622,3.453302734375
21.94689891490353,3.453262109375
21.94165337313933,3.453245703125
21.93640781905889,3.453171875
21.931162252662208,3.453084375
21.92591671828782,3.4530203125
21.920671255348612,3.452990234375
21.915425813963196,3.452939453125
21.91018037011439,3.4529078125
21.90493495213014,3.4528703125
21.89968952737173,3.4527953125
21.89444409645556,3.452737109375
21.8891986950983,3.452687109375
21.883953322068635,3.45270625
21.878707920711747,3.45271796875
21.873462443608574,3.45261953125
21.868216936946112,3.452560546875
21.86297141735173,3.4525140625
21.857725885440747,3.452473046875
21.85248036461432,3.45243125
21.847234838861812,3.45238828125
21.841989302640084,3.4523640625
21.836743747327937,3.45229453125
21.831498219111683,3.452240625
21.826252759867558,3.45218359375
21.821007337572542,3.45211171875
21.815761927593787,3.452098828125
21.810516512072915,3.452062890625
21.805271081156384,3.451981640625
21.800025636075873,3.451930078125
21.794780221786706,3.451899609375
21.78953481919776,3.451916015625
21.784289376580656,3.451860546875
21.77904386868649,3.451810546875
21.773798340470606,3.451837890625
21.768552806096235,3.4517203125
21.76330726063731,3.451665234375
21.758061711483283,3.45165859375
21.752816150013015,3.451640234375
21.747570581768606,3.451569140625
21.742324982733205,3.451497265625
21.7370793953984,3.45143046875
21.731833880114777,3.451390234375
21.726588425181063,3.451347265625
21.7213429893381,3.451291015625
21.716097547952685,3.451280078125
21.71085212319428,3.45124453125
21.70560668981471,3.451210546875
21.700361256434775,3.451153515625
21.69511582059183,3.451086328125
21.689870393370015,3.451038671875
21.68462498585465,3.450985546875
21.679379598045692,3.450990625
21.674134205309965,3.450980859375
21.668888796562893,3.4509859375
21.663643325618196,3.4508890625
21.65839779247551,3.4508859375
21.653152213762215,3.450836328125
21.64790663997535,3.450766015625
21.642661095748114,3.45070859375
21.637415566300525,3.4506515625
21.632170022072934,3.4506125
21.626924476614004,3.45056953125
21.621678934849804,3.450533203125
21.616433406633924,3.45048984375
21.611187866717092,3.45047578125
21.60594231756344,3.450467578125
21.600696754861467,3.45042578125
21.5954511798429,3.450408984375
21.590205591276387,3.450330859375
21.58495999716779,3.450260546875
21.579714406137885,3.4501890625
21.574468810797566,3.450158203125
21.569223262875244,3.450099609375
21.56397777715091,3.450031640625
21.558732341307596,3.4500265625
21.553486937487314,3.449974609375
21.548241555220454,3.449929296875
21.54299617172228,3.449870703125
21.53775078268126,3.4498171875
21.532505376397584,3.449780078125
21.527259955334276,3.449757421875
21.52201454412417,3.449749609375
21.516769127371237,3.449684765625
21.511523698918104,3.4496765625
21.506278256301,3.44959921875
21.501032806294056,3.449539453125
21.49578736244525,3.44948046875
21.490541945692687,3.449462890625
21.485296539409013,3.449474609375
21.48005113435704,3.4494453125
21.474805673880855,3.44940546875
21.469560158597236,3.44935546875
21.464314639002513,3.449315625
21.459069116944736,3.449275390625
21.453823583802066,3.44921171875
21.448578042037866,3.449162109375
21.443332485494384,3.449197265625
21.438086917249976,3.449148046875
21.43284134654216,3.449001171875
21.427595828179477,3.449002734375
21.42235036092952,3.448960546875
21.417104904764457,3.448933984375
21.411859452294134,3.44891015625
21.406613999823815,3.448846875
21.401368552280278,3.44876484375
21.396123134296012,3.448791015625
21.39087769537364,3.448791015625
21.38563219240626,3.44873515625
21.380386666653397,3.448666015625
21.375141132279396,3.448675
21.369895585588765,3.448598828125
21.36465000687547,3.448605078125
21.35940442323537,3.4484890625
21.354158903641,3.448451171875
21.348913413605548,3.448424609375
21.343667936502726,3.448389453125
21.33842246555767,3.44829296875
21.333177025403945,3.44827421875
21.327931611114426,3.448287890625
21.32268614140143,3.44824609375
21.317440631044242,3.448163671875
21.312195123150076,3.448185546875
21.306949597397217,3.448131640625
21.301704057480745,3.448115234375
21.29645849970522,3.4480453125
21.291212922223615,3.447969921875
21.285967400165852,3.4479328125
21.280721927989447,3.447892578125
21.27547646197118,3.447869140625
21.270231000263674,3.44779375
21.264985536092766,3.447711328125
21.259740093475664,3.447701171875
21.254494679186493,3.4476953125
21.249249247038264,3.4477359375
21.244003748997315,3.447671484375
21.238758226939552,3.44761328125
21.233512690717806,3.447561328125
21.228267149569273,3.447503515625
21.22302160287866,3.44749921875
21.217776043871783,3.447446875
21.21253046146339,3.44737734375
21.207284920315228,3.447316015625
21.202039441980723,3.447316796875
21.196793989510383,3.44725
21.19154854812497,3.4472078125
21.18630310797089,3.447207421875
21.181057661659057,3.4471234375
21.175812234437615,3.44708671875
21.170566833080354,3.44708671875
21.16532139846874,3.44709140625
21.16007589796476,3.44698984375
21.15483037837002,3.4470125
21.149584863086414,3.44693828125
21.14433932871202,3.446896484375
21.139093788795194,3.446880078125
21.133848240873245,3.44684140625
21.12860269048753,3.44679140625
21.123357115468945,3.446744921875
21.11811152136035,3.44666015625
21.112865958658393,3.44665390625
21.107620460617447,3.44657265625
21.102375006915423,3.44653828125
21.09712957476756,3.44650625
21.091884142619328,3.446473046875
21.086638722787708,3.4464328125
21.081393317735365,3.44642890625
21.0761479034462,3.44636953125
21.07090249223572,3.44633125
21.06565706501429,3.446265234375
21.060411629170957,3.44619765625
21.055166222887284,3.4462078125
21.049920831383243,3.4461671875
21.044675454658854,3.446180078125
21.039430060691792,3.44618359375
21.03418460329504,3.4461078125
21.028939099095968,3.4460875
21.02369356718499,3.44602265625
21.018448013104177,3.445965625
21.013202466413546,3.445961328125
21.007956940661057,3.445912109375
21.00271142229802,3.445885546875
20.99746589038704,3.4458265625
20.99222036463418,3.445773046875
20.98697483641828,3.44573671875
20.981729318055244,3.4456828125
20.976483798460503,3.44566875
20.971238276402726,3.445635546875
20.965992737717603,3.4456046875
20.960747195953758,3.4455640625
20.955501677590725,3.44550625
20.950256155532962,3.445493359375
20.945010634706517,3.4454609375
20.939765106490636,3.445398046875
20.934519574579653,3.445359765625
20.929274056216602,3.4453390625
20.924028544627724,3.445307421875
20.918783022569947,3.44523828125
20.913537474647626,3.445226171875
20.908291909482276,3.445208203125
20.9030463874245,3.44515390625
20.89780092818002,3.445044140625
20.89255548802631,3.44500859375
20.88731003925107,3.44500234375
20.882064596633967,3.4449703125
20.8768191595593,3.44492734375
20.871573753275626,3.44488671875
20.8663283605399,3.444819140625
20.86108289575332,3.444866015625
20.855837381701047,3.44480859375
20.850591851021758,3.444751171875
20.845346309257557,3.444739453125
20.840100744092208,3.44467109375
20.834855182621943,3.444666796875
20.829609692586843,3.4445546875
20.824364225336886,3.44454609375
20.819118775329944,3.4445234375
20.813873324091325,3.444424609375
20.808627898101584,3.444396875
20.80338241360858,3.444408203125
20.798136891550804,3.44439453125
20.792891343628483,3.4443453125
20.78764578215822,3.444297265625
20.782400208371353,3.444253125
20.77715471340947,3.4441890625
20.771909226453428,3.44416796875
20.766663756740435,3.4441265625
20.761418315354664,3.444069921875
20.756172808692558,3.44408828125
20.75092727247081,3.44404140625
20.745681741791536,3.444031640625
20.740436190174115,3.443996484375
20.73519069767564,3.443871875
20.729945225499236,3.443867578125
20.72469975948097,3.4438484375
20.719454296541763,3.443762890625
20.714208762167384,3.443821484375
20.7089631982341,3.443731640625
20.703717620752137,3.4437046875
20.698472093767943,3.443615234375
20.693226602501138,3.443592578125
20.687981130324395,3.4435546875
20.682735682780844,3.443497265625
20.677490158259687,3.443519140625
20.672244620806254,3.4434796875
20.6669990716526,3.4434375
20.66175354713143,3.4433640625
20.656508066333526,3.443304296875
20.65126260154659,3.443308203125
20.646017165703633,3.4432421875
20.64077167566853,3.443269921875
20.635526151147378,3.443190625
20.630280616773,3.443181640625
20.625035080551253,3.44313359375
20.619789609606556,3.443009765625
20.61454416206302,3.44302578125
20.609298719445917,3.442984765625
20.60405321155175,3.443011328125
20.598807675330004,3.44292265625
20.59356212863939,3.442913671875
20.588316562242337,3.442912890625
20.583071064201743,3.442760546875
20.57782559941518,3.442744140625
20.572580155566374,3.442723046875
20.56733466614694,3.44275078125
20.562089140394082,3.442673046875
20.556843607251412,3.442671484375
20.551598065487212,3.44261484375
20.54635260131667,3.4424921875
20.541107151309728,3.4424828125
20.53586171546641,3.442451171875
20.53061625930136,3.442408203125
20.52537075756569,3.442378125
20.52012523427622,3.442336328125
20.514879707291655,3.44232265625
20.50963421479318,3.442211328125
20.50438874877491,3.442213671875
20.499143295073242,3.442164453125
20.49389787400956,3.442144921875
20.488652409222997,3.4421453125
20.483406916724505,3.44208984375
20.478161407599003,3.442069140625
20.47291587938275,3.4420359375
20.467670410901462,3.441915234375
20.462424968284342,3.441922265625
20.457179533672715,3.441857421875
20.451934122462625,3.441848828125
20.44668864289641,3.44190859375
20.441443125765062,3.441804296875
20.436197600012203,3.441773046875
20.430952061327066,3.44179453125
20.42570658176085,3.44164765625
20.42046112251674,3.4416171875
20.415215683594347,3.441595703125
20.409970234819124,3.44155078125
20.404724734315142,3.441538671875
20.39947921348871,3.44150234375
20.39423368157773,3.44148671875
20.38898818476849,3.4414
20.383742733529857,3.441358203125
20.378497295223504,3.441316015625
20.3732518852451,3.4412609375
20.368006410605304,3.44129296875
20.362760907637938,3.44123203125
20.357515405901896,3.44120390625
20.352269891849982,3.441186328125
20.34702444184305,3.44106015625
20.341779004768032,3.441075390625
20.33653358801547,3.440977734375
20.331288125076263,3.4410390625
20.32604263011475,3.4409734375
20.320797110520008,3.440937109375
20.31555160508925,3.44094453125
20.310306148924187,3.4408203125
20.305060713080874,3.4407890625
20.29981530310247,3.4407546875
20.294569829694378,3.440798828125
20.289324320568525,3.4406921875
20.284078787426207,3.44070625
20.27883332263963,3.440587890625
20.273587865242522,3.4405734375
20.26834242939956,3.440524609375
20.263096943675226,3.440543359375
20.257851437012768,3.44046953125
20.2526059100282,3.440486328125
20.247360440315205,3.44034375
20.24211498661318,3.44034609375
20.236869553233614,3.44031796875
20.23162405026588,3.44032421875
20.22637852081829,3.440282421875
20.22113297659107,3.440255078125
20.215887484092576,3.440178515625
20.210642015610915,3.440113671875
20.205396515106948,3.44015078125
20.200150972111043,3.44007578125
20.194905409409085,3.440068359375
20.189659897820192,3.43999453125
20.184414408400777,3.439948046875
20.179168890037722,3.439941015625
20.17392334704221,3.43990703125
20.168677799119887,3.43985859375
20.163432310932144,3.439788671875
20.158186844913875,3.43973984375
20.152941327782546,3.439778515625
20.147695777396816,3.439696484375
20.1424502307062,3.439576953125
20.137204727738837,3.439578125
20.13195924570923,3.439540625
20.126713718724666,3.439546484375
20.12146817572913,3.4395375
20.11622267522479,3.4394109375
20.110977191963496,3.439415625
20.105731682837995,3.439425390625
20.10048614846362,3.43933515625
20.095240611010187,3.43933828125
20.08999510927451,3.43925078125
20.084749633403025,3.439173046875
20.079504110113557,3.439243359375
20.074258568965398,3.43916640625
20.069013046907617,3.439103515625
20.0637675574882,3.439048828125
20.058522076690284,3.439041796875
20.0532765447793,3.43901875
20.048030995625293,3.438968359375
20.042785495120953,3.43892421875
20.03754001801813,3.438873828125
20.032294503965847,3.438879296875
20.027048958506917,3.4388109375
20.021803421053484,3.438750390625
20.01655793532915,3.438729296875
20.01131246684749,3.43869296875
20.006066936168196,3.4386515625
20.000821377160968,3.438655078125
19.99557585879829,3.43855625
19.99033036075734,3.438541796875
19.985084837467877,3.43854140625
19.97983929631936,3.43850078125
19.97459375209212,3.43842734375
19.969348249124756,3.438381640625
19.96410277448496,3.43831875
19.958857245037372,3.438315625
19.953611684798457,3.43832109375
19.94836616397238,3.4382203125
19.943120659773314,3.438200390625
19.937875130325356,3.438228515625
19.932629572550187,3.438149609375
19.927384007384838,3.438108984375
19.922138482863666,3.438023046875
19.916892971274773,3.438005859375
19.911647415962644,3.437997265625
19.906401846486528,3.43799765625
19.901156317038943,3.437863671875
19.89591080421836,3.43784609375
19.890665253832633,3.43784609375
19.885419683125182,3.437825
19.880174146903453,3.4377125
19.874928634082874,3.4377328125
19.869683102171873,3.437694921875
19.864437553017865,3.43765703125
19.859192029728398,3.437555859375
19.853946511365365,3.437545703125
19.848700984381168,3.437573046875
19.843455427837316,3.437501171875
19.83820987868331,3.437388671875
19.832964367094416,3.437373828125
19.827718847499675,3.43741953125
19.822473290956214,3.43736015625
19.817227754734464,3.437255859375
19.811982249303696,3.4372734375
19.80673672478254,3.43726640625
19.801491158385485,3.43721796875
19.79624561538995,3.437093359375
19.791000117349007,3.43707890625
19.785754600217675,3.437130078125
19.78050904983196,3.43706328125
19.775263511147177,3.4369578125
19.77001799278414,3.436949609375
19.76477244486182,3.436983984375
19.759526866148526,3.436912890625
19.75428130837299,3.4368046875
19.74903578138879,3.43678984375
19.743790217455132,3.436807421875
19.73854463381505,3.436782421875
19.73329907973461,3.436723828125
19.728053587236115,3.436631640625
19.722808049783037,3.4366515625
19.717562501860712,3.4366203125
19.71231698472937,3.436558203125
19.7070714515867,3.43652265625
19.701825885189646,3.43652265625
19.696580318176927,3.436415625
19.691334771486293,3.436398046875
19.68608918907827,3.43640625
19.68084358018967,3.436360546875
19.675598009482222,3.436274609375
19.67035248372936,3.4362296875
19.66510690747909,3.43622890625
19.65986133677164,3.436195703125
19.654615820872,3.4361078125
19.64937028896102,3.43614375
19.64412473488056,3.4360765625
19.63887919865883,3.436000390625
19.633633688301273,3.435958203125
19.6283881292944,3.4359765625
19.623142549349414,3.435951171875
19.617897010664276,3.43587109375
19.61265148491177,3.435884765625
19.607405915435656,3.4358421875
19.6021603564288,3.43573125
19.59691481774366,3.4357046875
19.591669247035842,3.435705078125
19.58642364184232,3.435700390625
19.581178100078493,3.435566796875
19.575932560161664,3.435576953125
19.570686990685548,3.4355328125
19.565441443994917,3.435442578125
19.560195928095276,3.4353875
19.554950374014833,3.435391015625
19.549704807002115,3.43538359375
19.54445928001755,3.43528046875
19.539213733326932,3.435321484375
19.533968147223813,3.435298828125
19.528722589448645,3.43518203125
19.523477043989345,3.435156640625
19.518231466507757,3.435143359375
19.512985903805784,3.435059765625
19.507740362657625,3.435040625
19.502494777786207,3.4350515625
19.497249199072897,3.43493515625
19.492003657308697,3.4349671875
19.48675807490032,3.434905859375
19.481512487565865,3.434849609375
19.476266929790327,3.43481875
19.471021347381935,3.434784375
19.465775753273338,3.434777734375
19.460530196729486,3.434689453125
19.455284608162973,3.43470625
19.450039005432863,3.434652734375
19.444793446425617,3.43459609375
19.439547866480993,3.434561328125
19.434302277914476,3.434533203125
19.429056734918586,3.43448671875
19.42381116421114,3.434456640625
19.418565583034454,3.43441328125
19.41332003634382,3.4343375
19.40807446563602,3.434377734375
19.402828897391963,3.434262109375
19.397583349469645,3.434266015625
19.39233776829294,3.434220703125
19.387092190811348,3.4341484375
19.38184663673089,3.434104296875
19.376601038927195,3.43411875
19.37135547376185,3.434009765625
19.366109911059894,3.434065234375
19.360864312024493,3.433993359375
19.355618760407076,3.433893359375
19.35037319216302,3.43391171875
19.34512762822936,3.433803515625
19.339882108634637,3.433830859375
19.33463654839606,3.4338015625
19.329390986925794,3.433723828125
19.324145430381957,3.433733984375
19.318899840583757,3.433707421875
19.31365427110764,3.433638671875
19.3084086886996,3.43358984375
19.30316309582234,3.4335265625
19.297917534352074,3.4335015625
19.29267192669516,3.43345625
19.28742634059204,3.43341640625
19.282180775427047,3.433396484375
19.27693517515996,3.433371484375
19.27168960999461,3.433277734375
19.266444028817904,3.4333015625
19.261198453799707,3.433193359375
19.255952925583454,3.433165625
19.250707351796947,3.4331984375
19.2454617964848,3.433071484375
19.24021624363605,3.433084375
19.23497066738579,3.433075390625
19.229725123158552,3.432970703125
19.224479532128647,3.432993359375
19.2192339614212,3.4328953125
19.213988391945087,3.432931640625
19.208742791677995,3.43289609375
19.203497232671126,3.432782421875
19.198251651494434,3.432780859375
19.19300608078699,3.4327
19.187760520548057,3.43270546875
19.182514923976065,3.432667578125
19.177269357579366,3.432611328125
19.172023775170974,3.432605078125
19.166778198921072,3.432501953125
19.161532646071965,3.432490234375
19.156287045805232,3.4324578125
19.151041470786666,3.43239296875
19.14579589330506,3.432422265625
19.140550294269676,3.432327734375
19.135304747579042,3.432266015625
19.13005915901253,3.43230546875
19.124813582762627,3.432234375
19.119567994196114,3.432227734375
19.114322380997116,3.43219453125
19.109076804746845,3.4321140625
19.103831202016718,3.4321109375
19.098585613450204,3.432009765625
19.09334003473691,3.432025
19.088094421537917,3.432013671875
19.08284883912952,3.431911328125
19.07760324809997,3.431888671875
19.072357664459886,3.43181796875
19.06711209806319,3.431805859375
19.061866492869687,3.431773046875
19.05662092093018,3.43170703125
19.051375328053272,3.431678515625
19.046129735792015,3.4316046875
19.040884155847028,3.431620703125
19.035638546958413,3.43160859375
19.03039297317155,3.4314921875
19.025147380910308,3.43146640625
19.0199018071238,3.431401171875
19.014656251811655,3.43143515625
19.009410668171572,3.43140234375
19.004165133797553,3.43129765625
18.998919561858045,3.43130390625
18.993674004082507,3.43123046875
18.988428419211093,3.431198046875
18.98318282694985,3.43109921875
18.977937244541458,3.43108125
18.972691625799992,3.431070703125
18.967446036002144,3.431043359375
18.962200427113544,3.43102421875
18.956954841010422,3.4309671875
18.951709256139008,3.43099453125
18.946463657103607,3.4309375
18.941218090090885,3.43084140625
18.935972470117733,3.43085390625
18.93072687785612,3.430794140625
18.925481259114655,3.43074765625
18.9202356292883,3.4306734375
18.914989993303802,3.430711328125
18.909744333918145,3.43065
18.90449871394499,3.43058046875
18.89925306625955,3.430573046875
18.894007436433178,3.4304875
18.88876180168037,3.43048125
18.883516174317407,3.43040234375
18.878270554344237,3.430422265625
18.873024910353895,3.430378515625
18.867779295923192,3.430278125
18.86253364392736,3.43030390625
18.857288023953835,3.43020625
18.85204238796934,3.430200390625
18.846796760606377,3.4301375
18.841551136938122,3.430172265625
18.83630549294814,3.43011015625
18.83105988898595,3.430029296875
18.825814248075023,3.430011328125
18.82056862440679,3.429933984375
18.815322976721703,3.429929296875
18.81007733273136,3.42984765625
18.804831704136692,3.4298671875
18.799586038592913,3.429848828125
18.79434041369297,3.429747265625
18.789094756770705,3.429747265625
18.783849115859425,3.429678515625
18.778603465095298,3.429684765625
18.773357825415705,3.429574609375
18.768112214064065,3.429576953125
18.762866570074078,3.429574609375
18.757620968575285,3.429472265625
18.75237534121232,3.429475390625
18.74712971384897,3.42938671875
18.74188408032787,3.429407421875
18.73663843633753,3.42927734375
18.73139282498589,3.429254296875
18.726147159442107,3.429262109375
18.72090152715234,3.4291546875
18.71565587946727,3.42917421875
18.710410242251072,3.429083984375
18.7051646124247,3.4291390625
18.699918956733782,3.429083984375
18.694673338607984,3.4289796875
18.689427694617997,3.428996484375
18.68418206602333,3.4288875
18.678936442355077,3.428901953125
18.673690785432825,3.42888125
18.668445168538362,3.42878984375
18.663199539943694,3.428777734375
18.657953899032766,3.428719921875
18.6527082858334,3.428662109375
18.64746263137454,3.42862421875
18.642217000316467,3.42856015625
18.63697139635465,3.428528125
18.63172574559015,3.428533984375
18.62648010837395,3.42846953125
18.62123448470607,3.428453125
18.615988831478546,3.42836953125
18.610743207810295,3.428328125
18.605497581678648,3.428338671875
18.60025191490318,3.42830078125
18.595006285076806,3.428194140625
18.589760625691145,3.42817890625
18.584514955836617,3.42815078125
18.57926933463176,3.428075390625
18.574023674014413,3.4281
18.568778015860456,3.42799609375
18.563532369406722,3.42797890625
18.55828670139955,3.427991015625
18.553041081426393,3.427905859375
18.547795437436037,3.427881640625
18.542549785440205,3.4278140625
18.537304163003654,3.427780859375
18.532058497459875,3.427748828125
18.52681285100651,3.427665234375
18.521567186694064,3.42767109375
18.51632152361368,3.4275890625
18.511075881470692,3.42757265625
18.505830213463536,3.4275828125
18.500584575015633,3.427496484375
18.49533890577677,3.427489453125
18.490093261786786,3.4273859375
18.484847616564757,3.42740078125
18.47960194978927,3.4273578125
18.47435631626817,3.42726328125
18.46911064395025,3.42723984375
18.463864995033475,3.42720625
18.45861934057425,3.427207421875
18.45337366702462,3.427152734375
18.44812803719825,3.4270703125
18.442882375349196,3.42708515625
18.437636727664124,3.426990234375
18.432391092911338,3.4269859375
18.42714541936171,3.426958203125
18.42189977598739,3.426875
18.416654110443613,3.426893359375
18.41140842827247,3.4268375
18.40616279105627,3.426726953125
18.40091714706593,3.42670859375
18.395671468589885,3.42671484375
18.39042583383708,3.426623828125
18.385180186152013,3.42665703125
18.379934521839566,3.426584375
18.3746888895498,3.4264828125
18.36944325479701,3.426516015625
18.364197584942467,3.426453125
18.358951940952124,3.426400390625
18.35370632097897,3.426346875
18.348460649892736,3.42635625
18.343214986811994,3.42627890625
18.337969364375432,3.426215234375
18.332723734549074,3.4262296875
18.32747806900529,3.42616953125
18.322232423783603,3.426075390625
18.316986803810092,3.426055859375
18.311741162899168,3.426045703125
18.306495490581245,3.425998046875
18.301249849669965,3.425911328125
18.296004234007558,3.4258640625
18.290758566000385,3.425853125
18.285512870896962,3.42583828125
18.280267210279614,3.425771875
18.27502157922191,3.42569765625
18.26977591244644,3.4257421875
18.264530222269435,3.425665234375
18.25928455795736,3.4255765625
18.254038913967022,3.42554921875
18.24879323918606,3.4255625
18.24354755208813,3.42548125
18.23830189516587,3.42539921875
18.233056262876097,3.425367578125
18.227810620733486,3.42542109375
18.222564949647253,3.425333203125
18.21731928040839,3.4252828125
18.212073657971843,3.425215625
18.20682804107773,3.425154296875
18.201582367528104,3.425175390625
18.196336670577328,3.425123046875
18.1910910198132,3.425044140625
18.18584539368191,3.42502265625
18.18059970350492,3.425001953125
18.175353986848062,3.425001171875
18.170108308372022,3.424906640625
18.16486264529128,3.4248375
18.15961694957219,3.4248171875
18.154371237841765,3.424844921875
18.149125567987237,3.424751953125
18.143879923996877,3.424684375
18.13863422827779,3.42465546875
18.133388506078497,3.424644140625
18.128142832529225,3.42456875
18.12289719161794,3.42450390625
18.117651495898855,3.424491015625
18.11240579278996,3.424479296875
18.107160143873184,3.42438203125
18.101914499882827,3.424351171875
18.096668800469015,3.424347265625
18.09142307826972,3.424308203125
18.086177412725586,3.4242109375
18.080931750876886,3.42416015625
18.0756860551578,3.4241515625
18.07044036498081,3.42406640625
18.065194708058563,3.424035546875
18.059949034508936,3.424107421875
18.054703326473593,3.42397265625
18.04945763814433,3.423888671875
18.044211984916807,3.423886328125
18.038966315062265,3.42388828125
18.033720621190547,3.423825390625
18.0284749605732,3.423724609375
18.02322932951512,3.423714453125
18.017983643649252,3.4237046875
18.01273793807695,3.423677734375
18.00749227376487,3.423598046875
18.002246618073958,3.4235625
17.997000924202226,3.423578125
17.991755249421264,3.423440234375
17.98650959373035,3.423410546875
17.981263923875805,3.423413671875
17.976018231235777,3.423380859375
17.970772590324497,3.42327421875
17.96552697035134,3.423221484375
17.960281294338692,3.423244140625
17.95503561463093,3.423123046875
17.94978997248796,3.423122265625
17.94454430017002,3.42309609375
17.9392985896713,3.423063671875
17.93405292412752,3.42299453125
17.928807262278486,3.422976171875
17.923561564096,3.422934375
17.918315880693513,3.422831640625
17.913070238550542,3.422805078125
17.907824558842794,3.422796875
17.9025788754403,3.422747265625
17.897333223444488,3.422679296875
17.892087542505035,3.422660546875
17.886841834469337,3.422655859375
17.881596168925558,3.422575
17.876350485522728,3.422565625
17.871104777487382,3.4225265625
17.86585910516946,3.422443359375
17.860613421766985,3.42245390625
17.855367713731283,3.42237890625
17.850122029097108,3.4223265625
17.84487634938936,3.42225859375
17.83963063765895,3.42224609375
17.834384939476468,3.422171484375
17.82913926715853,3.42211171875
17.823893557891495,3.422150390625
17.81864787202563,3.4220328125
17.813402216334715,3.422034765625
17.808156505835974,3.422021484375
17.802910801495376,3.42190234375
17.797665113166115,3.421870703125
17.792419385424346,3.42185
17.78717364413465,3.421827734375
17.781927926246105,3.421771875
17.77668219480924,3.4217421875
17.771436441818953,3.421710546875
17.766190731320233,3.421660546875
17.76094500542621,3.42165390625
17.75569924997253,3.4215859375
17.750453546863618,3.421452734375
17.745207848681137,3.421515625
17.73996211847635,3.42141171875
17.734716415367437,3.42133515625
17.729470729501195,3.421332421875
17.72422500052811,3.421280078125
17.71897928756598,3.42117578125
17.71373361524806,3.421148828125
17.708487883811213,3.421163671875
17.70324215483811,3.42107734375
17.69799645665563,3.421031640625
17.692750720292352,3.421015625
17.68750499686135,3.42093359375
17.682259319616996,3.420873828125
17.677013616508084,3.42090546875
17.671767898619535,3.420875
17.666522210290275,3.420746484375
17.66127649855985,3.42078671875
17.65603076219657,3.42074375
17.65078504800312,3.42065
17.64553931163984,3.420642578125
17.64029355741785,3.4206234375
17.635047843224044,3.42050390625
17.629802124103794,3.420507421875
17.624556377887664,3.420503515625
17.619310661230454,3.42038046875
17.614064935336412,3.42039609375
17.60881918604087,3.420262890625
17.60357346692062,3.420230859375
17.59832775272717,3.42021171875
17.593082007742375,3.42018046875
17.587836281847967,3.420101953125
17.582590586744917,3.42003828125
17.57734485530807,3.420044921875
17.57209913865121,3.419918359375
17.566853476802173,3.41989296875
17.56160775645022,3.419930859375
17.55636201516052,3.419833984375
17.5511163046618,3.419778515625
17.54587058430986,3.4197984375
17.540624828856533,3.41976796875
17.535379114662714,3.41966875
17.53013341032211,3.419585546875
17.524887657331824,3.419592578125
17.51964190926797,3.4195046875
17.514396190147735,3.4194921875
17.509150459942934,3.419496875
17.503904709415686,3.419447265625
17.498658985984683,3.419303515625
17.493413277949355,3.419291796875
17.488167547744197,3.4192796875
17.482921773816155,3.419240625
17.477676004198507,3.4191375
17.472430283846567,3.41909140625
17.4671845887435,3.419055078125
17.461938841911333,3.419015625
17.456693076604452,3.419013671875
17.45144736241099,3.41889765625
17.446201655606995,3.418869921875
17.44095593895015,3.41884921875
17.43571018349647,3.418804296875
17.430464420652967,3.418787109375
17.425218707690853,3.41867578125
17.419973016282526,3.418669921875
17.414727340269863,3.418624609375
17.409481602674894,3.418647265625
17.404235848452903,3.418577734375
17.39899006713504,3.4185453125
17.39374434616743,3.418404296875
17.388498653527403,3.4183875
17.383252973819655,3.418334375
17.378007231298255,3.418333203125
17.372761464144002,3.418281640625
17.367515692063314,3.418227734375
17.36226994276777,3.41815234375
17.357024231037347,3.4180734375
17.351778537165615,3.4180546875
17.346532874085245,3.417992578125
17.341287153117264,3.4180125
17.33604140936453,3.417990625
17.330795668074465,3.417908203125
17.325549935406283,3.4178625
17.320304240303216,3.417776171875
17.315058556900386,3.41773984375
17.30981289381963,3.4176859375
17.304567182089574,3.417718359375
17.29932142909893,3.417627734375
17.294075668718822,3.417591015625
17.28882987262132,3.41758984375
17.283584130099918,3.417469140625
17.27833841467441,3.417440234375
17.273092728808525,3.417373046875
17.267847074349298,3.4172875
17.262601380477584,3.41729609375
17.257355635493145,3.417237890625
17.252109865875497,3.417225
17.24686410056897,3.417165625
17.241618320482434,3.41714765625
17.236372617373526,3.416997265625
17.23112693273936,3.417
17.225881265963523,3.41691953125
17.22063562997903,3.416881640625
17.215389936107293,3.416857421875
17.210144203439114,3.41681640625
17.20489844921714,3.4167875
17.19965269130042,3.416717578125
17.194406939541484,3.416685546875
17.189161258602404,3.4165484375
17.183915597985038,3.416530078125
17.17866994229412,3.416479296875
17.173424307541318,3.416409375
17.1681786124379,3.41645
17.162932879769716,3.4163671875
17.157687139711708,3.41633515625
17.1524413633199,3.416315625
17.14719564789475,3.416188671875
17.14194995279133,3.416176171875
17.13670425768828,3.41615234375
17.131458567511647,3.416072265625
17.12621286563407,3.416030078125
17.120967113875487,3.416034765625
17.115721352263684,3.415954296875
17.110475583877744,3.4159078125
17.105229806254606,3.415845703125
17.09998409821926,3.41573671875
17.094738411121703,3.415687890625
17.08949274003547,3.415645703125
17.08424709358209,3.415634375
17.0790013843147,3.415620703125
17.073755620239865,3.41559453125
17.068509831531813,3.4155171875
17.063264034202607,3.415464453125
17.058018247957953,3.415416015625
17.052772520216188,3.415321484375
17.047526810949172,3.4152953125
17.042281109071595,3.415237109375
17.037035428132512,3.415164453125
17.03178967514187,3.415187109375
17.026543891360593,3.41510859375
17.021298093415364,3.41506484375
17.01605229177541,3.415020703125
17.010806544943243,3.414940234375
17.005560849224157,3.414876171875
17.000315181216983,3.414826953125
16.995069534763605,3.41480078125
16.989823893852325,3.414698046875
16.984578182121897,3.41475234375
16.979332438368807,3.414667578125
16.974086687841915,3.414613671875
16.968840932388236,3.414558984375
16.963595181861358,3.414537890625
16.95834949599512,3.414403125
16.95310381136094,3.4144109375
16.947858139043017,3.414357421875
16.94261246980414,3.414279296875
16.937366782706583,3.414272265625
16.93212103649044,3.414251953125
16.926875287194896,3.41415390625
16.92162953050951,3.41413359375
16.91638375842884,3.414103125
16.911137991274572,3.41406328125
16.905892289397364,3.413915234375
16.90064659798904,3.413913671875
16.89540091951298,3.413879296875
16.890155232415427,3.413766015625
16.88490952314802,3.413769140625
16.8796637590732,3.413771875
16.87441797159684,3.41367890625
16.869172192742013,3.413638671875
16.863926401570925,3.413584375
16.858680630721945,3.413529296875
16.853434926381343,3.413409375
16.848189238052065,3.413434375
16.842943559576025,3.4133390625
16.83769789033716,3.413284375
16.832452223561678,3.413208203125
16.827206474266134,3.413236328125
16.821960692947897,3.41317734375
16.8167149067036,3.4131203125
16.811469124153668,3.413071875
16.806223321282026,3.413037890625
16.800977563364953,3.412942578125
16.795731869493594,3.412867578125
16.790486174390175,3.412866796875
16.78524047128126,3.41280625
16.779994770635756,3.412758984375
16.774749068758535,3.41268203125
16.769503299140887,3.41266328125
16.76425749873262,3.4126421875
16.759011680465285,3.41256484375
16.75376586219797,3.41251171875
16.748520039004205,3.41246640625
16.743274223200267,3.412413671875
16.738028480678864,3.412287109375
16.732782738157464,3.412266015625
16.727536996867766,3.412192578125
16.722291273436767,3.412142578125
16.71704556786446,3.41209765625
16.711799818568903,3.41210390625
16.706553999070238,3.412115234375
16.701308179571214,3.41198515625
16.69606236746237,3.411919921875
16.69081654796335,3.411905859375
16.68557069828936,3.411844921875
16.680324919434533,3.411764453125
16.67507919477183,3.4116703125
16.669833467030077,3.411655078125
16.664587744830765,3.411603125
16.659342030637315,3.4115015625
16.654096322601617,3.411478125
16.648850542515454,3.41150390625
16.64360475750249,3.411390625
16.63835895031971,3.41133515625
16.633113145600678,3.411271484375
16.627867324869968,3.41124375
16.62262158234855,3.411141796875
16.617375880471343,3.411101953125
16.612130178594136,3.41102109375
16.60688448472242,3.410979296875
16.601638808709755,3.41091328125
16.596393087742147,3.41095
16.591147328593387,3.4108328125
16.58590155589703,3.410817578125
16.58065578073693,3.4107578125
16.575409995723966,3.410714453125
16.57016429261507,3.4105640625
16.564918594432942,3.410567578125
16.559672903024623,3.410498046875
16.55442721839007,3.410444140625
16.54918147586867,3.410435546875
16.543935689624018,3.4103671875
16.53868989475822,3.410306640625
16.533444096812975,3.410249609375
16.528198296404355,3.41020546875
16.522952561272763,3.410055859375
16.517706839073465,3.4100390625
16.51246113103814,3.410005078125
16.507215446403585,3.40994453125
16.5019696971084,3.409935546875
16.496723927490752,3.409851171875
16.49147814740422,3.409811328125
16.486232338990103,3.4097625
16.480986600163785,3.409603125
16.475740872422037,3.40964609375
16.47049514468027,3.409532421875
16.46524943787663,3.409460546875
16.46000366579559,3.409472265625
16.45475786538732,3.40943046875
16.449512043425262,3.409391796875
16.44426623501115,3.4093046875
16.439020483252197,3.40923125
16.433774750584014,3.409169140625
16.428529033927173,3.409115625
16.423283272315373,3.409109375
16.4180374762175,3.40903359375
16.41279167580923,3.4089828125
16.407545858773602,3.408927734375
16.402300099624824,3.408774609375
16.397054366956645,3.408742578125
16.391808651531488,3.408715625
16.38656291516821,3.408638671875
16.381317126460164,3.408612890625
16.376071329130955,3.408536328125
16.370825518253447,3.408519921875
16.36557975294692,3.408384375
16.36033401781533,3.40838046875
16.355088286378482,3.408300390625
16.349842582037883,3.408190625
16.344596806878133,3.408225
16.33935099846402,3.408151953125
16.334105187586513,3.408091796875
16.328859393952033,3.40802578125
16.32361364219345,3.407938671875
16.318367919994138,3.407873046875
16.31312221934864,3.407819140625
16.307876456505134,3.4078078125
16.302630666565378,3.40773046875
16.297384859382973,3.407682421875
16.29213904850582,3.407638671875
16.286893294283843,3.407537109375
16.281647556688856,3.40749609375
16.27640183880031,3.407426953125
16.271156062408878,3.407426171875
16.265910246604935,3.407321875
16.260664411710245,3.4072609375
16.255418579279297,3.407230078125
16.250172800424465,3.407116015625
16.24492704497079,3.407071875
16.239681308607878,3.406998046875
16.234435511278303,3.40698828125
16.22918969177928,3.40691484375
16.223943867969865,3.406848046875
16.218698070640286,3.406771484375
16.213452316418312,3.40668671875
16.208206573897264,3.40660078125
16.202960846155516,3.406575
16.197715046978583,3.406575
16.192469223168796,3.406464453125
16.18722338457973,3.406401171875
16.181977576165615,3.406294921875
16.176731817016837,3.40628984375
16.171486062794862,3.40620390625
16.166240316578737,3.40613671875
16.160994519249176,3.406139453125
16.15574869543974,3.406050390625
16.15050285685032,3.405987109375
16.145257080458887,3.405844140625
16.140011320078774,3.405856640625
16.13476557632567,3.405742578125
16.129519837499366,3.405669140625
16.12427403585904,3.40568203125
16.11902821266529,3.40560703125
16.11378237161283,3.405567578125
16.108536560735324,3.40543203125
16.10329077818575,3.405378515625
16.098045017805283,3.405337890625
16.09279927097349,3.40525
16.087553483497132,3.40523671875
16.082307689862667,3.405162890625
16.077061874058728,3.4051171875
16.071816117373345,3.4049703125
16.06657037977873,3.404932421875
16.061324652036983,3.40487890625
16.056078855939106,3.40490234375
16.050833032129322,3.404778125
16.045587191076862,3.404728515625
16.040341393131634,3.404600390625
16.035095617971887,3.404561328125
16.02984984034875,3.404497265625
16.02460403070293,3.40446796875
16.019358198272,3.4043921875
16.01411236830409,3.404306640625
16.00886657836471,3.404214453125
16.003620819215932,3.40416796875
15.998375089011144,3.4040765625
15.99312933109407,3.40404765625
15.987883539922985,3.403992578125
15.982637720423961,3.403921484375
15.977391921247385,3.403826953125
15.972146147318988,3.403751953125
15.96690039556039,3.403703515625
15.961654600694223,3.403683984375
15.956408787353677,3.40360078125
15.95116295615408,3.403553125
15.945917177299235,3.40339765625
15.940671420614223,3.40332890625
15.935425698414555,3.403268359375
15.930179930028968,3.403253125
15.924934136394489,3.403176171875
15.919688324285291,3.403111328125
15.914442554667998,3.40306171875
15.90919679798263,3.402952734375
15.903951027133633,3.402912890625
15.898705213792732,3.402839453125
15.893459383825196,3.402769921875
15.888213604970353,3.40265078125
15.88296784335855,3.402617578125
15.877722087904871,3.40253359375
15.872476281954151,3.4025046875
15.867230473540037,3.40241640625
15.861984681137262,3.4023421875
15.856738934305096,3.402253515625
15.8514932121058,3.40219765625
15.846247452957021,3.402166015625
15.8410016470063,3.402096875
15.835755821964826,3.402007421875
15.830510044341686,3.40187890625
15.825264298125557,3.40182109375
15.820018577157951,3.40175859375
15.8147728007665,3.40176015625
15.809526986193912,3.401650390625
15.80428114206239,3.40159140625
15.79903535951282,3.401471875
15.793789599132351,3.4013875
15.788543865232466,3.40129765625
15.783298087609326,3.40123515625
15.778052298901649,3.401213671875
15.772806508961898,3.40112578125
15.767560747350096,3.401052734375
15.762315003597008,3.400976171875
15.757069218584041,3.400949609375
15.751823416944086,3.4008859375
15.746577598676753,3.400759765625
15.741331831522498,3.400637109375
15.7360860890011,3.4005671875
15.730840358796295,3.400508984375
15.725594561466732,3.4004875
15.72034876229017,3.4004109375
15.715102973582107,3.400327734375
15.709857223055229,3.400248046875
15.704611484228556,3.4001765625
15.699365706605416,3.4001671875
15.694119884643356,3.400045703125
15.688874048517329,3.400005859375
15.683628248108691,3.399813671875
15.678382469254219,3.399812890625
15.67313671256885,3.39968046875
15.667890907849463,3.399715234375
15.662645085887403,3.399594921875
15.657399244834943,3.39954453125
15.652153459821994,3.399397265625
15.646907703136609,3.399321875
15.64166197293182,3.399232421875
15.636416175602259,3.399262109375
15.631170348097745,3.399144140625
15.625924510740013,3.399090234375
15.62067872695875,3.398930859375
15.615432954878067,3.398864453125
15.610187176023238,3.398799609375
15.604941338665505,3.398716015625
15.59969548899153,3.398653125
15.594449681809106,3.398562109375
15.589203925123737,3.398454296875
15.583958192455539,3.3983671875
15.57871240128447,3.398355859375
15.573466590406962,3.398245703125
15.56822075674431,3.398205078125
15.56297498835837,3.398037890625
15.557729224283174,3.398008203125
15.552483470061182,3.397887890625
15.547237667189522,3.397880859375
15.541991846459165,3.39781015625
15.536746021417692,3.397744921875
15.531500238868121,3.397594140625
15.526254477256321,3.397502734375
15.521008703327906,3.39747109375
15.515762877055097,3.3973546875
15.510517027996793,3.397287109375
15.505271214656243,3.397161328125
15.500025427179887,3.39711875
15.494779653251845,3.397006640625
15.489533823283939,3.39697890625
15.484287980999788,3.39686328125
15.479042143642054,3.396816015625
15.473796376487803,3.396673046875
15.468550632734695,3.396575
15.463304871122896,3.3965421875
15.458059055318957,3.396473046875
15.45281321796124,3.39638984375
15.44756743171694,3.39623125
15.442321676263262,3.39613828125
15.437075922041284,3.39608203125
15.431830102542248,3.396026953125
15.4265842830436,3.395943359375
15.421338483866665,3.3958265625
15.416092703780132,3.395763671875
15.410846932931136,3.39565
15.405601119590234,3.39562734375
15.400355277306085,3.395509375
15.395109416547204,3.395443359375
15.389863613675542,3.395275
15.384617829894282,3.39519921875
15.379372049807749,3.395131640625
15.374126231540771,3.39506171875
15.368880400341176,3.39496484375
15.363634606706697,3.39481953125
15.358388835857713,3.394787890625
15.353143093336314,3.3946515625
15.347897290464282,3.3946484375
15.342651461728435,3.39453203125
15.33740562067562,3.394470703125
15.33215984058944,3.394312890625
15.326914090062193,3.39421953125
15.321668329682097,3.394176171875
15.316422523731376,3.394104296875
15.31117668514194,3.394005859375
15.305930895202561,3.393825390625
15.300685134822093,3.3937640625
15.295439379368414,3.393690234375
15.2901935709543,3.393601953125
15.284947745913177,3.393540234375
15.27970195104701,3.39341015625
15.274456175887263,3.39332421875
15.269210420433584,3.39316953125
15.263964598471524,3.39312109375
15.25871876973532,3.3930484375
15.25347297733253,3.392908203125
15.24822720525186,3.39281640625
15.242981441176667,3.392750390625
15.237735643231423,3.39266875
15.232489836049012,3.392573828125
15.227244083058727,3.392398828125
15.221998349158842,3.3923484375
15.216752588778744,3.39228125
15.211506781595949,3.39217109375
15.206260959633905,3.39209921875
15.201015183242452,3.3919390625
15.19576944441578,3.391841015625
15.190523655708102,3.391759375
15.185277842367187,3.391696484375
15.180032048733077,3.3915171875
15.174786284657884,3.391464453125
15.169540505803056,3.39140859375
15.164294691230804,3.391300390625
15.15904888959048,3.39114921875
15.153803131673776,3.3910515625
15.148557379915195,3.39096796875
15.143311575195808,3.390880859375
15.138065753233748,3.39081171875
15.132819975610607,3.3906796875
15.127574223852026,3.390562109375
15.12232840927942,3.39050703125
15.11708257931187,3.390363671875
15.111836789372132,3.390224609375
15.106591024065605,3.39015
15.10134522612036,3.390051953125
15.096099407853028,3.389955078125
15.090853619144978,3.38977734375
15.085607863691672,3.389736328125
15.080362087299864,3.389710546875
15.075116280117456,3.38955234375
15.069870468008597,3.38943359375
15.06462469038546,3.389351953125
15.05937891830479,3.389228515625
15.054133093263298,3.38915
15.048887258368957,3.389062109375
15.04364147335601,3.38892734375
15.038395729602902,3.38874453125
15.033149938431833,3.388691015625
15.027904133712447,3.388619921875
15.022658361016092,3.388466015625
15.017412608025808,3.388364453125
15.01216682547588,3.38827578125
15.006921012135335,3.3881703125
15.001675224658992,3.387994140625
14.996429461815486,3.38793203125
14.99118369219821,3.387881640625
14.985937891789572,3.38771640625
14.980692084607162,3.38764609375
14.975446317452892,3.387484375
14.970200561999228,3.3874
14.964954764670022,3.387291796875
14.959708934702116,3.387203515625
14.954463154615935,3.387076171875
14.949217414557575,3.38691484375
14.943971628312921,3.386837890625
14.9387258186671,3.3867515625
14.933480054592263,3.386575
14.928234302833326,3.386506640625
14.922988501193354,3.38646015625
14.917742684157725,3.386305859375
14.912496886828519,3.38614609375
14.907251115979166,3.386010546875
14.902005314339211,3.385978125
14.896759484371305,3.385847265625
14.8915136870421,3.38568828125
14.88626791865614,3.385591015625
14.881022104083904,3.385523828125
14.875776269189563,3.385370703125
14.870530482944911,3.38525078125
14.865284739191823,3.38513203125
14.86003894678903,3.385048046875
14.854793128521715,3.384931640625
14.849547360135757,3.384783203125
14.844301622541142,3.384662890625
14.839055823364209,3.384562890625
14.833809999554791,3.384460546875
14.82856422993713,3.38430546875
14.823318473251762,3.384204296875
14.818072664837647,3.38410390625
14.812826863197692,3.38396796875
14.807581110207405,3.383866015625
14.802335339358425,3.383769140625
14.797089536486393,3.383648046875
14.7918437477787,3.383494921875
14.786597979392758,3.383398828125
14.781352156198993,3.38331015625
14.776106305293329,3.383171484375
14.770860491952412,3.383039453125
14.765614694623222,3.382903125
14.760368845564914,3.3828359375
14.755122988501116,3.382654296875
14.749877170233782,3.38252109375
14.744631348271723,3.382471875
14.73938550044512,3.38235234375
14.734139683409476,3.382165234375
14.728893895933135,3.382057421875
14.723648070892011,3.381946875
14.718402263709587,3.3817671875
14.713156492860236,3.38165390625
14.707910673361585,3.381587109375
14.702664829229695,3.38143984375
14.69741903682692,3.381289453125
14.69217322102298,3.381230078125
14.686927375659769,3.381103515625
14.681681593110198,3.38091640625
14.676435793933265,3.38083671875
14.671189970739517,3.380718359375
14.66594419804281,3.380553125
14.660698424114752,3.38049453125
14.655452622474424,3.38035
14.650206849778089,3.3801765625
14.644961072154947,3.38011015625
14.639715258814032,3.37997421875
14.63446948488599,3.37985078125
14.629223696177943,3.379730859375
14.623977872368526,3.379611328125
14.61873208119707,3.37942578125
14.613486294952786,3.379394921875
14.60824047422206,3.379239453125
14.602994694135527,3.3790609375
14.597748905427835,3.379022265625
14.592503079155025,3.37889453125
14.58725729414206,3.3786953125
14.582011491270045,3.378581640625
14.5767656779295,3.378412890625
14.571519902769753,3.378320703125
14.566274091892245,3.378205078125
14.561028279783034,3.378011328125
14.555782502159909,3.377914453125
14.550536678350475,3.377809375
14.545290884715998,3.377685546875
14.54004510216644,3.377578515625
14.534799274661928,3.377453515625
14.529553489648608,3.377278515625
14.524307678771455,3.377255078125
14.519061853729982,3.377066796875
14.513816077338529,3.376876953125
14.508570271387807,3.376805078125
14.503324465437087,3.376591015625
14.498078691508676,3.376534765625
14.492832874473047,3.37640625
14.487587072833092,3.376265234375
14.482341279198613,3.376159765625
14.477095433835387,3.3760375
14.471849624189584,3.375851953125
14.466603808385644,3.375795703125
14.461357969796223,3.37568359375
14.45611217061929,3.375496484375
14.450866344346464,3.375402734375
14.445620531005934,3.375215234375
14.440374757077523,3.3750765625
14.435128938810191,3.37502109375
14.429883137170219,3.374827734375
14.424637335530264,3.37475546875
14.419391494477448,3.374650390625
14.414145688526729,3.374437109375
14.408899870259395,3.37437109375
14.40365404706563,3.3741859375
14.398408276216648,3.374045703125
14.393162480118773,3.373935546875
14.387916692642433,3.373758203125
14.382670920561747,3.373671875
14.37742511892179,3.373546875
14.372179357309992,3.373405859375
14.36693359692988,3.373346484375
14.361687806990126,3.37318984375
14.356442051536463,3.37302109375
14.351196267755187,3.372957421875
14.345950472889019,3.372778515625
14.340704705735135,3.3726609375
14.335458896089314,3.372552734375
14.330213099991443,3.372333984375
14.324967318673576,3.372240234375
14.319721481315845,3.372166796875
14.314475650116249,3.3719765625
14.309229836775703,3.3719
14.303984000649676,3.371734765625
14.2987382082469,3.37157421875
14.293492410301656,3.3715359375
14.288246575407332,3.371389453125
14.283000777462087,3.371221484375
14.277754978285154,3.371136328125
14.272509157554799,3.37096875
14.267263379931657,3.370827734375
14.262017567822447,3.370715234375
14.256771748323423,3.370572265625
14.251525960847436,3.37045390625
14.246280146275204,3.37030859375
14.241034332934285,3.370151953125
14.235788549153025,3.3700515625
14.230542730885709,3.369947265625
14.225296936019523,3.369755859375
14.220051178102821,3.36968671875
14.214805370920397,3.369591796875
14.209559577285916,3.36940390625
14.204313803357522,3.369279296875
14.199067974621302,3.36920078125
14.19382215635434,3.369047265625
14.188576354714014,3.368909375
14.183330528441187,3.36883515625
14.178084728032566,3.36866484375
14.172838922081846,3.36857578125
14.167593084724114,3.36845
14.162347285547552,3.368287890625
14.157101475901731,3.368201953125
14.151855648397218,3.3680640625
14.146609868310685,3.36789453125
14.141364070365455,3.36780859375
14.13611827303625,3.36766875
14.130872500339542,3.367516796875
14.12562669438882,3.367433203125
14.120380884743003,3.367226953125
14.11513510342478,3.367121875
14.109889296242356,3.3670015625
14.104643498297126,3.366862890625
14.099397714515865,3.366753125
14.094151878389821,3.366662890625
14.088906058890801,3.366492578125
14.083660271414814,3.366378125
14.078414451915775,3.3662828125
14.073168671829613,3.366112109375
14.067922891743079,3.366016015625
14.06267706978102,3.36590703125
14.057431283536365,3.36571953125
14.052185473890546,3.365684375
14.046939638996225,3.365540234375
14.041693841050979,3.365371484375
14.036448026478746,3.36525546875
14.031202216832941,3.36511875
14.025956436746409,3.364990625
14.02071061724737,3.364882421875
14.015464795285313,3.36469609375
14.010219011504049,3.364599609375
14.004973187694263,3.36451953125
13.999727381743543,3.36435234375
13.994481578871884,3.36431640625
13.98923574397756,3.364184765625
13.983989931868349,3.36400234375
13.97874410313213,3.36392109375
13.97349826207967,3.363784375
13.968252459208024,3.363662109375
13.963006620618588,3.363562890625
13.957760786955953,3.36340625
13.952514985315625,3.363289453125
13.947269147957893,3.3632
13.942023338312445,3.3630375
13.93677751327097,3.3629765625
13.931531672218512,3.362841015625
13.926285861341004,3.36265390625
13.921040031373098,3.3625734375
13.915794210642723,3.362414453125
13.910548404692003,3.36229296875
13.905302553786342,3.3622390625
13.900056718891632,3.36207265625
13.89481089015543,3.362021875
13.889565024470116,3.361881640625
13.884319208666177,3.3617140625
13.879073375003543,3.361629296875
13.873827536414119,3.361457421875
13.868581741547937,3.361331640625
13.863335909117005,3.3612625
13.85809008530722,3.36106328125
13.852844295367822,3.3609328125
13.847598459241794,3.3608796875
13.842352644669559,3.360721875
13.837106844260937,3.360619921875
13.831861004440166,3.36052109375
13.826615188636227,3.360375390625
13.82136935127851,3.360314453125
13.816123490519614,3.360176953125
13.810877675947378,3.359990625
13.805631836126253,3.35992109375
13.800385979062469,3.359766796875
13.795140163258528,3.359637109375
13.789894313584556,3.35958046875
13.784648472531725,3.359397265625
13.779402642564186,3.359302734375
13.774156766409634,3.359244140625
13.768910909345836,3.35906953125
13.763665049818641,3.35899453125
13.758419155805749,3.358818359375
13.753173292583456,3.358691796875
13.74792741088682,3.358652734375
13.742681513178828,3.358558203125
13.737435656114675,3.3583453125
13.732189783039534,3.35827890625
13.726943909964412,3.3580859375
13.721698077533464,3.35798125
13.716452225396097,3.357884765625
13.71120639050176,3.35771328125
13.705960580855942,3.357601953125
13.700714741034831,3.357525
13.695468926462578,3.3573984375
13.690223124822623,3.357289453125
13.684977287464891,3.35713828125
13.679731479050778,3.35704609375
13.674485658320052,3.356962109375
13.669239817267592,3.356843359375
13.66399401993803,3.356662109375
13.658748193665204,3.35657890625
13.653502345838604,3.356473828125
13.648256539887882,3.356328125
13.643010709919976,3.356224609375
13.637764864556749,3.356084765625
13.632519047521122,3.355989453125
13.627273195383754,3.355882421875
13.622027362952807,3.355715234375
13.616781553307005,3.35561171875
13.611535696242836,3.355516796875
13.606289855190376,3.35537734375
13.601044019064348,3.35532734375
13.595798168158685,3.355206640625
13.590552351123039,3.355037109375
13.58530652485023,3.35493125
13.580060687492498,3.354775
13.574814880310074,3.354694921875
13.569569042952356,3.354578125
13.564323215447843,3.354458203125
13.559077381785192,3.35438515625
13.553831505630637,3.354266796875
13.548585657804036,3.35411875
13.543339787192291,3.354007421875
13.538093912269424,3.35384921875
13.532848081070185,3.35375703125
13.527602228932817,3.35365234375
13.522356409433794,3.35351015625
13.51711059486156,3.35343671875
13.511864736566057,3.353326953125
13.506618912756268,3.353164453125
13.50137306862475,3.35304609375
13.496127223261539,3.35288515625
13.490881424084607,3.352783984375
13.485635591653306,3.352678125
13.480389765380481,3.352560546875
13.475143917553877,3.352507421875
13.46989804139968,3.352378125
13.464652188030623,3.35219609375
13.459406324808704,3.352123828125
13.454160470207926,3.351992578125
13.448914646398155,3.351837109375
13.443668778249803,3.35177890625
13.438422930423203,3.351595703125
13.433177089370371,3.351518359375
13.427931214447877,3.3514125
13.422685363542197,3.351241796875
13.417439504015022,3.35117109375
13.41219364079273,3.35098203125
13.406947816983314,3.350902734375
13.401701957456122,3.350817578125
13.396456109629504,3.350658203125
13.391210269808393,3.350578125
13.385964389959096,3.350435546875
13.380718553833068,3.35029140625
13.37547269676927,3.350186328125
13.370226844631903,3.350041015625
13.364981027596274,3.349941796875
13.359735160679257,3.34985625
13.354489314084342,3.349730859375
13.349243482884745,3.34962109375
13.34399761843112,3.349511328125
13.33875177306791,3.349337890625
13.333505916004112,3.349260546875
13.328260052781838,3.349086328125
13.323014228972053,3.349001953125
13.317768365750132,3.348910546875
13.312522516691825,3.348757421875
13.307276665786144,3.3486734375
13.302030770541561,3.348569140625
13.296784913477392,3.348379296875
13.291539033628483,3.348350390625
13.28629313838353,3.348146484375
13.281047301025794,3.348032421875
13.275801435340481,3.34797734375
13.270555586282173,3.347821484375
13.265309747693108,3.34772734375
13.260063871538556,3.347580859375
13.254818036644215,3.347436328125
13.249572185738536,3.34734609375
13.24432631635814,3.3471984375
13.23908047530568,3.347080859375
13.233834581292786,3.347030078125
13.22858870267484,3.34686484375
13.223342818515146,3.34679375
13.218096906643186,3.34664921875
13.212851040957874,3.346492578125
13.20760514940802,3.346380078125
13.202359270790426,3.34623671875
13.197113425427217,3.34609765625
13.191867542498859,3.34603984375
13.18662167681319,3.34587421875
13.181375795116537,3.345803125
13.176129894945523,3.34572734375
13.17088402556511,3.345523828125
13.165638119851272,3.345459765625
13.16039223692293,3.3452875
13.15514635830534,3.345233984375
13.149900445202045,3.34512734375
13.144654580748064,3.3449125
13.139408685503481,3.344824609375
13.134162803806829,3.344663671875
13.128916920878487,3.3446234375
13.123670994842543,3.3444734375
13.118425120535715,3.344300390625
13.113179221596033,3.344228125
13.107933320808982,3.344069140625
13.10268743172252,3.343990234375
13.097441509381675,3.343891015625
13.092195611673683,3.343690234375
13.08694970595984,3.343576171875
13.081703829805658,3.343444921875
13.076457967815427,3.3433890625
13.071212078728594,3.3432375
13.06596622905462,3.34304609375
13.060720337504764,3.342982421875
13.055474461350567,3.342838671875
13.050228582732974,3.342770703125
13.044982679482525,3.342612109375
13.03973682611347,3.342458984375
13.034490939490384,3.342381640625
13.029245051635257,3.34219921875
13.02399916131709,3.3421234375
13.018753238976243,3.341992578125
13.013507372059241,3.3418375
13.008261489130884,3.341748828125
13.003015638225222,3.3416
12.997769781161422,3.341551171875
12.992523902543828,3.341375
12.98727806149137,3.34120625
12.982032185336816,3.3411390625
12.976786323346602,3.34098984375
12.971540453966188,3.340896875
12.966294571037848,3.340752734375
12.961048721979541,3.340593359375
12.955802835356456,3.340534375
12.95055696228133,3.340377734375
12.945311087974135,3.340287109375
12.940065198887671,3.340115234375
12.934819349213697,3.339957421875
12.929573477370248,3.339853125
12.92432762769592,3.339702734375
12.9190817607789,3.339605078125
12.913835911104925,3.339434765625
12.908590095301003,3.339339453125
12.903344225920591,3.33924453125
12.89809837932568,3.33908125
12.89285252226188,3.339003515625
12.887606660271292,3.338798828125
12.882360842004331,3.3386859375
12.877114975086956,3.338596484375
12.87186912602902,3.338433203125
12.866623265270125,3.338328125
12.861377394658025,3.338167578125
12.856131541289322,3.338033203125
12.850885644812662,3.337979296875
12.845639774200935,3.337777734375
12.840393912210349,3.337738671875
12.835148046525035,3.337546875
12.829902210399007,3.3374265625
12.824656343481989,3.33734140625
12.819410491344621,3.33716484375
12.814164651523496,3.337096875
12.808918776601,3.336958984375
12.803672932469482,3.33678828125
12.798427061857382,3.336703515625
12.793181191245278,3.336579296875
12.787935357582644,3.336399609375
12.782689486970899,3.33630859375
12.7774436200539,3.3361328125
12.772197770379554,3.336028515625
12.766951892993667,3.335926953125
12.761706024844957,3.335757421875
12.756460202882899,3.335667578125
12.751214349513843,3.335564453125
12.745968494913438,3.335375390625
12.740722668640256,3.33528203125
12.73547680172324,3.3351921875
12.73023090524695,3.3350390625
12.724985046951462,3.33486015625
12.719739188655973,3.33479921875
12.71449331681217,3.3346359375
12.709247476991415,3.3344875
12.704001658724081,3.33435859375
12.698755775795739,3.3342984375
12.693509879319453,3.33415625
12.688264022255652,3.333960546875
12.683018157801673,3.333940625
12.677772257014619,3.33378984375
12.672526379628732,3.33355859375
12.667280534265506,3.333478515625
12.662034658110954,3.3333453125
12.656788748702386,3.33325625
12.651542862079317,3.333076171875
12.646297024721584,3.33292109375
12.641051143024931,3.33286796875
12.635805244085251,3.33271875
12.630559395026944,3.3325515625
12.625313573064883,3.332421484375
12.620067698758056,3.33235
12.614821802281769,3.332196875
12.609575923664176,3.332026171875
12.604330091232876,3.331906640625
12.599084285282155,3.331759375
12.593838399890403,3.3316796875
12.588592484323716,3.331546875
12.58334654535588,3.33144296875
12.578100665506584,3.331232421875
12.572854817679982,3.331112890625
12.567608998180942,3.330977734375
12.562363136190374,3.330924609375
12.557117238482379,3.330739453125
12.551871319220966,3.330628515625
12.546625387642568,3.330483984375
12.541379528115376,3.33026796875
12.536133689526324,3.330170703125
12.530887863253145,3.33005078125
12.525642043754479,3.329915625
12.520396256278119,3.329784765625
12.51515039921432,3.32970703125
12.509904488574064,3.3295859375
12.504658554532643,3.329441015625
12.499412610638005,3.329315234375
12.494166672901857,3.329176953125
12.488920743786869,3.32903046875
12.48367481344053,3.328898046875
12.478428861540415,3.32881328125
12.473182901634438,3.328679296875
12.46793698606775,3.328554296875
12.462691119150731,3.32841796875
12.457445292877923,3.3282859375
12.452199491237597,3.328138671875
12.446953704992941,3.327951171875
12.441707934143961,3.32785703125
12.436462165758002,3.327712109375
12.431216388134862,3.327622265625
12.425970600658873,3.32748515625
12.420724782391542,3.32734609375
12.415478922864349,3.327179296875
12.41023301961392,3.32702578125
12.404987079414362,3.32690234375
12.399741122587814,3.3268015625
12.394495169455993,3.326621875
12.389249231719491,3.3264640625
12.384003297678072,3.3263796875
12.378757375337225,3.32624140625
12.373511459770539,3.32606953125
12.368265528192511,3.32598046875
12.363019584297872,3.325821484375
12.357773635476816,3.325688671875
12.352527675570839,3.325555859375
12.34728170950711,3.32540078125
12.342035739747912,3.32528984375
12.336789767525692,3.325137109375
12.331543802693298,3.324980859375
12.326297855103933,3.32485625
12.32105190874627,3.324706640625
12.315805945145563,3.3246375
12.310559967380891,3.32443671875
12.305313988384528,3.324351953125
12.30006800323003,3.324215625
12.29482201561249,3.324046875
12.289576038463856,3.32393203125
12.28433006500993,3.32378828125
12.27908409525075,3.323665234375
12.273838127955317,3.323523828125
12.268592168049354,3.323377734375
12.263346206912042,3.323285546875
12.258100245774374,3.323112109375
12.252854295721614,3.322949609375
12.247608343821485,3.32280703125
12.2423623777574,3.3226953125
12.23711639999308,3.32255546875
12.231870407448774,3.322417578125
12.226624462322428,3.32231171875
12.221378578162383,3.3221171875
12.216132742036354,3.32198671875
12.210886934853946,3.32181171875
12.205641116586612,3.321691015625
12.20039530570946,3.321554296875
12.195149482515712,3.32143515625
12.189903672869892,3.32124140625
12.184657864455778,3.321140234375
12.179412059736391,3.32100546875
12.174166252553967,3.3208671875
12.168920447834951,3.32071171875
12.163674644962919,3.320604296875
12.158428844554669,3.320475390625
12.153183049688485,3.3203328125
12.147937249279863,3.32020703125
12.142691399605889,3.3200328125
12.137445477265043,3.319917578125
12.132199527212283,3.319819140625
12.12695357592819,3.319662109375
12.121707627107133,3.319513671875
12.116461684444184,3.319365625
12.111215744244642,3.3192578125
12.10596981389795,3.3191015625
12.100723906952776,3.3190203125
12.095477993849126,3.31881796875
12.090232058576374,3.318715625
12.084986149167806,3.31858984375
12.0797403191999,3.3183578125
12.074494520022967,3.31819453125
12.069248705450732,3.318077734375
12.064002897036618,3.317943359375
12.058757083695701,3.3178125
12.053511269123465,3.3176609375
12.048265453319527,3.317538671875
12.043019654142594,3.31739296875
12.037773805084658,3.317222265625
12.032527891980992,3.317170703125
12.027281965329397,3.31705
12.022036037446098,3.316870703125
12.01679011264223,3.316720703125
12.01154418783799,3.31661953125
12.00629823470617,3.316458984375
12.001052325297602,3.316327734375
11.995806474391925,3.316103515625
11.990560638265896,3.31600625
11.985314819998564,3.3158484375
11.980069022053335,3.315725390625
11.974823203786373,3.315553125
11.969577314699894,3.315526953125
11.964331402827936,3.315325390625
11.959085483566149,3.315210546875
11.953839540903214,3.315065234375
11.948593645658615,3.314862890625
11.943347786131438,3.31472265625
11.938101943847276,3.314580859375
11.932856092941611,3.3144578125
11.927610192154187,3.3143796875
11.922364244564838,3.314199609375
11.917118290201314,3.314057421875
11.911872343843651,3.31393515625
11.906626479390027,3.3137265625
11.901380637105879,3.313594921875
11.89613480713797,3.313446484375
11.890888964853806,3.313307421875
11.885643060371672,3.313185546875
11.880397131256682,3.313055859375
11.875151187362398,3.31293046875
11.869905311207845,3.312702734375
11.86465946461293,3.312558984375
11.859413640803515,3.312441015625
11.854167763417255,3.312367578125
11.848921865709263,3.312214453125
11.84367594644785,3.31205625
11.838430067830256,3.311872265625
11.833184218155928,3.311737890625
11.827938386956687,3.31162421875
11.822692491711734,3.31149453125
11.817446572449947,3.311370703125
11.812200656883261,3.311213671875
11.806954811520034,3.311026953125
11.801708972930614,3.3109015625
11.79646314665779,3.310725
11.791217258803032,3.310669921875
11.78597134816276,3.3105265625
11.780725433827406,3.310351171875
11.775479570605487,3.310165234375
11.770233722778883,3.310071875
11.76498784539298,3.30993125
11.759741915046288,3.30975
11.754495963146173,3.30963671875
11.749250043884386,3.309430078125
11.744004148639803,3.30927421875
11.738758298965829,3.309158984375
11.733512412342389,3.3090640625
11.728266510323632,3.30887421875
11.72302058428806,3.308765234375
11.717774714907662,3.3085765625
11.712528851685743,3.30845390625
11.707282977378544,3.30828671875
11.702037042105792,3.308163671875
11.696791099442857,3.308031640625
11.691545185107502,3.307841015625
11.686299302179517,3.30768515625
11.681053426024961,3.307565625
11.675807499989387,3.307425390625
11.670561551168333,3.3072703125
11.665315624516722,3.307108984375
11.660069739124987,3.306993359375
11.654823878366107,3.306818359375
11.649577970189227,3.30671015625
11.644332062012367,3.306548046875
11.639086185858167,3.306384375
11.63384031770946,3.306253125
11.628594420001468,3.3061296875
11.623348492118168,3.3059703125
11.618102560540141,3.305794921875
11.612856678843505,3.30564921875
11.607610803920638,3.305520703125
11.602364881579792,3.30541953125
11.597118947538371,3.30524296875
11.591873051062084,3.30508515625
11.586627168133743,3.3049765625
11.581381258725177,3.304822265625
11.576135357938124,3.304626171875
11.570889480552236,3.30451796875
11.565643582844244,3.30441015625
11.560397661734731,3.30423671875
11.555151758484657,3.304064453125
11.549905897725775,3.303897265625
11.544659976616618,3.303771875
11.539414072134482,3.303621875
11.534168211375603,3.3034546875
11.528922317362706,3.303406640625
11.523676391326763,3.303220703125
11.518430505935383,3.3030453125
11.513184624238376,3.302900390625
11.507938703129234,3.3027578125
11.502692801110491,3.3025640625
11.497446929267042,3.302432421875
11.492201010005273,3.302319140625
11.48695509320688,3.30210859375
11.481709196730593,3.302013671875
11.476463275621454,3.301883203125
11.471217330495108,3.301759375
11.465971441408646,3.301572265625
11.460725553553873,3.301496875
11.455479650303428,3.301312890625
11.450233785849447,3.3011375
11.444987921395839,3.30101640625
11.439742015682352,3.30086171875
11.43449612659552,3.30067890625
11.429250242435844,3.30055
11.42400432810049,3.300388671875
11.418758434087598,3.300203515625
11.413512536379605,3.3000859375
11.408266591253277,3.2999359375
11.403020663369977,3.299768359375
11.397774763198962,3.299618359375
11.392528830388876,3.299503515625
11.387282925907096,3.2993171875
11.38203703189383,3.299180078125
11.376791113863751,3.2990828125
11.371545222313895,3.298874609375
11.366299330764393,3.29876796875
11.361053420124122,3.298575
11.355807550743727,3.2984125
11.350561697374655,3.29833125
11.345315814446312,3.2981265625
11.340069964772322,3.29794609375
11.334824100318713,3.297875
11.329578195836579,3.297698046875
11.32433232891956,3.29750625
11.31908644229612,3.297414453125
11.313840523034706,3.297258984375
11.30859463764297,3.29705859375
11.303348736855918,3.29696640625
11.298102805277892,3.2967796875
11.292856910032938,3.29658359375
11.287611006782491,3.296484375
11.282365089984099,3.29633203125
11.277119215677272,3.296107421875
11.27187333582799,3.2960046875
11.266627421492991,3.295878515625
11.261381546570142,3.2956875
11.256135643319697,3.295549609375
11.250889710509965,3.2954109375
11.245643809722928,3.29526328125
11.240397886150378,3.29509296875
11.23515195826745,3.294896875
11.229906048858883,3.29479375
11.224660101269162,3.294622265625
11.219414154911483,3.294443359375
11.214168254740114,3.29426640625
11.208922336710017,3.2941984375
11.203676433459941,3.29398203125
11.198430556073683,3.29385390625
11.19318463681227,3.29372890625
11.187938717550484,3.293502734375
11.182692829695354,3.29342265625
11.177446904891486,3.293277734375
11.172200981318934,3.293065625
11.166955078068504,3.2929265625
11.161709144027068,3.292826953125
11.156463221686238,3.292599609375
11.151217323978246,3.292466796875
11.145971380083978,3.29237421875
11.140725466980314,3.29212109375
11.135479582820267,3.29204140625
11.130233643852431,3.29190078125
11.12498771720082,3.2916890625
11.11974181148698,3.29160546875
11.11449584911798,3.291426171875
11.109249916308265,3.291219140625
11.10400399027269,3.291113671875
11.098758033445772,3.29095078125
11.093512127732303,3.29074921875
11.08826621462864,3.29065
11.083020287977044,3.290474609375
11.07777440628039,3.29030390625
11.072528485171249,3.290184375
11.067282568372857,3.289999609375
11.06203667805469,3.289794921875
11.056790750171391,3.289671484375
11.051544811203556,3.28950625
11.046298893173475,3.289350390625
11.04105294188901,3.2892234375
11.035807015237415,3.288998046875
11.030561099670727,3.288905078125
11.025315127448506,3.28877109375
11.02006920818672,3.28858203125
11.014823301241549,3.288521484375
11.00957736596844,3.288298046875
11.00433147195553,3.288120703125
10.999085567473395,3.28801328125
10.993839645132548,3.287831640625
10.988593760972503,3.287660546875
10.98334783062618,3.287530078125
10.978101894121366,3.287316015625
10.97285599394998,3.287176171875
10.96761004081816,3.28705625
10.962364089534066,3.2868765625
10.957118138249617,3.28676953125
10.951872164795693,3.286613671875
10.946626238144098,3.286390625
10.94138030163964,3.286248828125
10.93613437375634,3.2860296875
10.930888477280053,3.285891796875
10.92564254077524,3.285818359375
10.920396621513454,3.285580078125
10.91515070841016,3.285457421875
10.909904765747225,3.285299609375
10.90465886249678,3.28508671875
10.899412938924243,3.285006640625
10.894167020894162,3.284765625
10.88892114104488,3.2846171875
10.883675215009308,3.284512109375
10.878429298210916,3.284322265625
10.873183370327617,3.28423125
10.86793740919032,3.2840375
10.862691477611923,3.283835546875
10.85744551647461,3.28371015625
10.85219956334279,3.2835515625
10.846953632996469,3.2833828125
10.84170770141807,3.283243359375
10.836461816026706,3.283061328125
10.831215922013442,3.28290859375
10.82597002307376,3.282742578125
10.82072416970506,3.282537890625
10.815478278155187,3.282456640625
10.810232407543086,3.282245703125
10.804986511066799,3.282164453125
10.79974055423988,3.281978515625
10.794494648526411,3.281741015625
10.789248722490484,3.28161796875
10.7840027976866,3.2814265625
10.778756917837319,3.281245703125
10.773510991801745,3.2811609375
10.768265083624511,3.280955859375
10.76301918837993,3.2808546875
10.757773272813226,3.28063046875
10.752527399737733,3.280424609375
10.747281515578058,3.280321875
10.742035624028185,3.280148046875
10.736789774353857,3.2799609375
10.731543896967969,3.2798109375
10.72629801403961,3.279603125
10.721052152049396,3.279478125
10.715806242640829,3.279340234375
10.710560353553996,3.2791203125
10.70531446939432,3.279015234375
10.700068551364224,3.27887421875
10.69482265611927,3.278669921875
10.689576762106375,3.2785390625
10.684330828064956,3.27836171875
10.679084921119426,3.27818359375
10.673839006784428,3.278072265625
10.668593056731668,3.277905078125
10.663347147323101,3.277711328125
10.658101214513387,3.277615625
10.652855257686468,3.277454296875
10.647609357515453,3.277184765625
10.642363459807461,3.277070703125
10.637117530692471,3.276917578125
10.631871641605994,3.2766802734375
10.626625737123858,3.27659375
10.621379814783014,3.2764353515625
10.616133931854671,3.2762244140625
10.610888023677793,3.276112890625
10.605642066851246,3.2759775390625
10.600396137736258,3.275715625
10.595150187683497,3.2756240234375
10.589904210534847,3.2754681640625
10.584658269103617,3.27524453125
10.579412312276698,3.275133203125
10.574166332049002,3.2749369140625
10.56892042140873,3.274683984375
10.563674515694892,3.27460390625
10.55842859766481,3.2744251953125
10.553182715968157,3.2742361328125
10.547936836118875,3.274139453125
10.542690925478976,3.273929296875
10.537445030234021,3.2737646484375
10.532199129446969,3.2736380859375
10.526953210185184,3.2734458984375
10.521707334031,3.2732462890625
10.516461470808709,3.273060546875
10.511215579258854,3.272903125
10.505969688940686,3.272709765625
10.500723811554783,3.27257421875
10.495477895988095,3.2723947265625
10.490232016138815,3.2721984375
10.484986155379932,3.2720341796875
10.479740252129487,3.27193125
10.47449435934828,3.2717060546875
10.469248496126006,3.27154296875
10.464002599649719,3.27142578125
10.458756684083031,3.2712693359375
10.453510804233733,3.2710521484375
10.448264912683879,3.2709431640625
10.443018995885486,3.270755859375
10.437773095714116,3.27055078125
10.432527209091031,3.270396875
10.427281255959212,3.270254296875
10.42203530282739,3.270035546875
10.416789372480698,3.26989609375
10.411543411343386,3.2697150390625
10.406297435426083,3.2695734375
10.401051513085239,3.2693615234375
10.395805590744391,3.2692419921875
10.390559656703342,3.2690587890625
10.385313744831382,3.268831640625
10.380067832959423,3.268691796875
10.374821870590422,3.268535546875
10.3695759174586,3.268341796875
10.364330003123246,3.2681607421875
10.359084079551067,3.2680287109375
10.353838111023576,3.2678525390625
10.348592159123443,3.2676822265625
10.34334622261863,3.2674923828125
10.338100236232812,3.267394140625
10.332854251078313,3.2671580078125
10.327608297946494,3.2669806640625
10.322362317718428,3.26688984375
10.317116314089565,3.2666958984375
10.311870357262649,3.266503515625
10.30662442568462,3.2663203125
10.30137847563186,3.266150390625
10.2961325292742,3.2659650390625
10.290886611244119,3.2657998046875
10.285640658112298,3.26567890625
10.28039468219498,3.2654802734375
10.275148744458832,3.2653056640625
10.269902819654593,3.265087890625
10.264656835731799,3.2649896484375
10.25941085673579,3.2647685546875
10.254164905451328,3.264625
10.248918940618932,3.2644884765625
10.243672949306312,3.2643193359375
10.238426988169017,3.2640708984375
10.233181056590618,3.263916796875
10.227935088063496,3.263776953125
10.222689117072965,3.2635861328125
10.217443179336463,3.2634189453125
10.212197205882537,3.2632912109375
10.206951210875191,3.2630810546875
10.201705249737525,3.262834765625
10.196459316927807,3.2627154296875
10.191213353327102,3.2625427734375
10.18596736078278,3.2624482421875
10.180721427973063,3.26216796875
10.175475501321468,3.2619888671875
10.170229527867543,3.2618642578125
10.164983559340422,3.2616546875
10.159737590812929,3.261490625
10.154491605658801,3.26137421875
10.149245590945016,3.261141796875
10.143999613796009,3.260921875
10.138753677291568,3.260772265625
10.13350770137425,3.2606203125
10.128261707598234,3.260446875
10.123015760008869,3.2602369140625
10.117769855526735,3.2600857421875
10.112523902394914,3.2599240234375
10.107277940025913,3.259784765625
10.10203202692262,3.2595359375
10.096786111355561,3.25938984375
10.091540147754856,3.2592197265625
10.08629416999018,3.259046875
10.081048218706087,3.2588408203125
10.075802240941414,3.2587361328125
10.070556226227646,3.258541015625
10.065310222598415,3.2582953125
10.060064239907309,3.2581318359375
10.054818248594705,3.258008203125
10.049572237576019,3.2578423828125
10.044326249958125,3.2575837890625
10.03908028635742,3.257424609375
10.0338343141352,3.2573396484375
10.028588313585045,3.25711640625
10.023342343826219,3.2568615234375
10.018096411016487,3.256713671875
10.012850448647486,3.2566015625
10.00760445240808,3.256398046875
10.002358472180367,3.256194140625
9.997112512274404,3.2560021484375
9.991866523425177,3.255844921875
9.986620512406137,3.2556630859375
9.981374563585065,3.255458984375
9.97612863693347,3.2553076171875
9.970882670869742,3.2551255859375
9.965636706037332,3.254966015625
9.96039078800725,3.2547673828125
9.955144861355656,3.254613671875
9.949898914997624,3.2544109375
9.944652993888482,3.254173828125
9.93940709618049,3.2540228515625
9.934161148591123,3.2538580078125
9.928915163436624,3.2537255859375
9.92366921153651,3.253465625
9.918423279958482,3.2532646484375
9.91317728495078,3.2531587890625
9.90793129363816,3.252996875
9.902685352206914,3.252748046875
9.89743941693416,3.252608984375
9.892193479197644,3.252413671875
9.886947569789076,3.2521431640625
9.881701683166007,3.2520294921875
9.876455762056866,3.2518708984375
9.871209814467129,3.2517302734375
9.865963919222546,3.2514748046875
9.860718015972099,3.2513205078125
9.855472064687634,3.251190625
9.8502261257198,3.2508990234375
9.844980194141773,3.2507638671875
9.839734226845968,3.250625390625
9.834488228759561,3.2505046875
9.829242255305653,3.2502408203125
9.823996299710439,3.2500095703125
9.818750297928933,3.24991171875
9.81350432940144,3.24963046875
9.808258385507171,3.2494966796875
9.803012413284952,3.2493708984375
9.797766430593493,3.2491556640625
9.792520499015465,3.2489875
9.78727459576502,3.2487294921875
9.782028646943964,3.2486173828125
9.776782704281384,3.248365625
9.771536793641129,3.248204296875
9.76629085590461,3.2480541015625
9.761044882450685,3.247894921875
9.755798936093024,3.247651171875
9.75055301252049,3.247486328125
9.74530702736599,3.247354296875
9.740061025584485,3.2471732421875
9.734815055825674,3.2469220703125
9.729569070671177,3.2467984375
9.724323054725701,3.2465798828125
9.71907707449799,3.246358203125
9.713831123213541,3.2461705078125
9.70858513313261,3.2460001953125
9.703339143051341,3.2458646484375
9.698093191151209,3.245616015625
9.692847242330155,3.2454736328125
9.687601271339624,3.2452609375
9.682355320055175,3.2450541015625
9.67710938478242,3.244891015625
9.671863415023223,3.2447107421875
9.666617420015875,3.244513671875
9.661371460109914,3.24432421875
9.656125533458303,3.244103515625
9.650879549535508,3.2440015625
9.645633548985707,3.243798828125
9.640387603859379,3.2435498046875
9.635141681518535,3.243397265625
9.629895730234441,3.2432029296875
9.6246497900349,3.242985546875
9.619403885552764,3.2427974609375
9.614157952743033,3.2426814453125
9.60891198421554,3.2424470703125
9.603666047711098,3.2422185546875
9.598420143228948,3.2420306640625
9.59317418209165,3.2419294921875
9.587928184004872,3.241730859375
9.582682238878544,3.2415080078125
9.57743632577525,3.2413015625
9.572190348010578,3.24120625
9.566944361624373,3.240976171875
9.561698418961438,3.240708203125
9.556452482456997,3.240496484375
9.551206494839104,3.240404296875
9.545960493057597,3.240180078125
9.540714536231052,3.239964453125
9.535468561545438,3.23988046875
9.530222563458675,3.2396177734375
9.524976594931537,3.2393953125
9.519730670127299,3.2392048828125
9.514484741012664,3.2391109375
9.509238774948582,3.238878515625
9.503992808884483,3.2386197265625
9.498746884080242,3.2384216796875
9.493500957429003,3.2383158203125
9.488254998754728,3.238128125
9.48300903884875,3.2378953125
9.47776308879599,3.237738671875
9.472517095020349,3.237585546875
9.467271067989968,3.237362890625
9.462025058202615,3.237123046875
9.456779079206608,3.2369232421875
9.451533092820421,3.2368197265625
9.446287089191543,3.2365994140625
9.441041107731788,3.2363443359375
9.435795158910716,3.2361650390625
9.430549199005108,3.236049609375
9.425303195375893,3.2358244140625
9.42005720898969,3.2355546875
9.414811268790148,3.23539609375
9.409565329822296,3.23526796875
9.404319358831781,3.2350251953125
9.399073403236567,3.234816796875
9.393827475353266,3.2346052734375
9.388581541312217,3.2344697265625
9.383335576479809,3.234240234375
9.378089635048578,3.234043359375
9.372843718250186,3.2338439453125
9.367597789135198,3.2337212890625
9.362351818144667,3.23347421875
9.357105848385485,3.2332490234375
9.351859905722906,3.23304921875
9.346613966754697,3.232905078125
9.341367999459264,3.23269921875
9.336122046327446,3.2324328125
9.330876107359238,3.232291015625
9.325630136368707,3.232169921875
9.320384127813059,3.2319162109375
9.315138137732145,3.231661328125
9.309892190142776,3.231528125
9.304646203756588,3.2313900390625
9.299400214907363,3.23119453125
9.29415426608631,3.2308880859375
9.28890835790943,3.2307421875
9.283662416478185,3.2305400390625
9.27841644179257,3.2303611328125
9.273170500361342,3.230146484375
9.267924578020494,3.2299138671875
9.2626786131881,3.22980078125
9.257432640965883,3.2295529296875
9.252186703229734,3.2293470703125
9.2469407568717,3.22921328125
9.241694793270995,3.2290177734375
9.236448861692969,3.2287208984375
9.231202946126281,3.2285705078125
9.225956972672357,3.228396484375
9.220710980128048,3.228210546875
9.215465012832261,3.227944140625
9.2102190055083,3.2278296875
9.20497296493033,3.2276
9.19972695883772,3.2273626953125
9.194480985384166,3.2271732421875
9.189234970670027,3.2270212890625
9.18398896888852,3.2267712890625
9.1787430348471,3.2265869140625
9.173497099574348,3.2264302734375
9.168251127352127,3.2262298828125
9.163005200700532,3.2259798828125
9.15775929621838,3.2257732421875
9.15251332645957,3.225620703125
9.147267362858864,3.225387109375
9.142021415269127,3.2251755859375
9.136775425188212,3.225026171875
9.131529403084619,3.2248228515625
9.12628341793012,3.2245998046875
9.121037440781484,3.224395703125
9.115791416214497,3.224180859375
9.110545414432991,3.22394921875
9.105299439747377,3.2237869140625
9.100053425033593,3.2236341796875
9.09480737460242,3.2233994140625
9.0895613697415,3.223193359375
9.084315374734151,3.222983203125
9.079069336619218,3.22283671875
9.073823309588837,3.2225419921875
9.068577325666043,3.222416015625
9.063331317110379,3.2222013671875
9.058085272837326,3.2220552734375
9.052839271055836,3.22177734375
9.047593276048117,3.2216044921875
9.042347242243949,3.2214017578125
9.037101246004898,3.2210984375
9.03185527255099,3.220962109375
9.026609252910418,3.2208173828125
9.021363194473397,3.2206173828125
9.016117174833195,3.2203791015625
9.010871178593788,3.220119140625
9.005625138015818,3.219994140625
9.00037909127937,3.2197857421875
8.995133115362067,3.21953125
8.989887140676455,3.2193810546875
8.984641155522311,3.2191671875
8.979395193152955,3.2188923828125
8.974149275122857,3.21871015625
8.968903342313142,3.218571484375
8.96365738117583,3.2183326171875
8.95841144713441,3.21807578125
8.953165526025268,3.21790390625
8.947919548260593,3.217751171875
8.94267353354681,3.21753359375
8.937427560092901,3.217314453125
8.932181624819776,3.217080859375
8.92693563473886,3.216916015625
8.921689631725666,3.2167654296875
8.916443680441203,3.2165015625
8.911197741473366,3.2162837890625
8.905951762476988,3.2161181640625
8.900705821045742,3.2158580078125
8.895459901784328,3.2156474609375
8.890213948652507,3.215448828125
8.884967975198599,3.215280859375
8.879722034999057,3.2150740234375
8.874476129285219,3.21481328125
8.869230182927542,3.2146447265625
8.863984234106486,3.214458984375
8.858738324697919,3.2142611328125
8.853492422679178,3.214028515625
8.848246476321146,3.2137958984375
8.843000526268757,3.213599609375
8.837754594690358,3.21336015625
8.832508645869304,3.213217578125
8.827262664409902,3.212986328125
8.82201670327259,3.212743359375
8.81677076923117,3.2125642578125
8.811524812404253,3.212428515625
8.806278827249752,3.2121666015625
8.801032867344146,3.21191171875
8.795786935765763,3.2117552734375
8.790540967238641,3.2115427734375
8.785294982084142,3.2113416015625
8.780049048042722,3.211080078125
8.77480313617076,3.2109033203125
8.769557162717208,3.2107041015625
8.764311157856287,3.210562890625
8.759065204724466,3.210269921875
8.753819266988303,3.2100240234375
8.748573291071002,3.209896484375
8.743327320080487,3.209656640625
8.738081383576029,3.20944921875
8.732835449534608,3.209288671875
8.727589499481848,3.209070703125
8.722343571598548,3.208781640625
8.71709766218998,3.208603125
8.711851728148561,3.208416015625
8.706605776864112,3.2082142578125
8.701359853291933,3.2079677734375
8.696113948809781,3.207766796875
8.690867994446274,3.2075529296875
8.68562201052348,3.20737265625
8.6803760641658,3.20712265625
8.675130147367426,3.20685703125
8.669884178839931,3.20671796875
8.664638202922985,3.2065642578125
8.659392265186467,3.2062935546875
8.6541463175971,3.206119140625
8.648900332442617,3.2059109375
8.643654363915479,3.2056111328125
8.638408415094425,3.205455078125
8.633162451493364,3.2052443359375
8.627916470033963,3.2050703125
8.622670531066111,3.20479921875
8.617424595792986,3.2046125
8.61217861864435,3.2044212890625
8.606932667359885,3.2040884765625
8.601686759183023,3.2039798828125
8.596440809130264,3.2038109375
8.591194828902196,3.203583203125
8.585948882544535,3.20334296875
8.580702957740295,3.20312265625
8.575457005840164,3.2029251953125
8.570211043471163,3.20264609375
8.564965089107654,3.2024626953125
8.559719086094445,3.202297265625
8.554473057216708,3.2020564453125
8.549227079452388,3.201799609375
8.543981095529594,3.2016494140625
8.538735089436969,3.2014146484375
8.533489112288335,3.20115703125
8.528243188715782,3.2009318359375
8.52299722018866,3.2007873046875
8.517751263361744,3.20051640625
8.512505335478814,3.2003056640625
8.50725938419435,3.200149609375
8.50201342059366,3.1999556640625
8.49676749394205,3.1996724609375
8.491521537115148,3.1995263671875
8.4862755421078,3.1993146484375
8.48102958220182,3.1990173828125
8.475783617369427,3.1988755859375
8.470537630983593,3.19866796875
8.465291683393874,3.1983716796875
8.460045745657725,3.1982240234375
8.454799777130233,3.198
8.449553845552206,3.197712109375
8.444307927522125,3.197554296875
8.439061971927266,3.1973291015625
8.43381604958642,3.197082421875
8.428570124782198,3.1969439453125
8.423324167955633,3.1966890625
8.41807824007235,3.196432421875
8.412832307262619,3.19629296875
8.40758634119852,3.1960666015625
8.402340413315219,3.195809375
8.397094473115677,3.1956599609375
8.391848510746676,3.195392578125
8.386602585942438,3.195126953125
8.381356618647006,3.1949599609375
8.376110629797424,3.1947248046875
8.37086467851333,3.1944541015625
8.365618698285262,3.194276171875
8.360372718057551,3.194010546875
8.355126775394616,3.1938509765625
8.349880789008429,3.1936560546875
8.344634815554503,3.1933810546875
8.339388870428548,3.19318046875
8.334142891432169,3.192971875
8.328896937068645,3.192733984375
8.3236509814738,3.192594140625
8.318405003709127,3.1923634765625
8.313159052424664,3.192068359375
8.3079130734283,3.19190390625
8.3026670728785,3.191667578125
8.29742110804609,3.191450390625
8.292175125355,3.1912341796875
8.28692914820635,3.19095234375
8.281683206775101,3.1907720703125
8.276437233321195,3.1905888671875
8.271191300511463,3.1902943359375
8.265945389871208,3.19010546875
8.260699418880693,3.18993671875
8.25545347252266,3.1896828125
8.250207524933293,3.189505859375
8.244961541010499,3.1892658203125
8.239715589726034,3.1889888671875
8.23446961873552,3.188803515625
8.229223634812726,3.1885541015625
8.223977685991654,3.1883244140625
8.218731719927554,3.188176171875
8.213485763101007,3.1879046875
8.208239809969186,3.187726953125
8.202993811882425,3.1874798828125
8.197747840891893,3.1872296875
8.192501848347586,3.187035546875
8.187255845334391,3.1867759765625
8.18200987434386,3.1865361328125
8.176763863324817,3.1864095703125
8.171517878170691,3.1861267578125
8.166271883162974,3.1859669921875
8.16102590847736,3.185674609375
8.1557799584246,3.1854873046875
8.150533970807079,3.1852916015625
8.145288012132804,3.185056640625
8.140042033136426,3.1848416015625
8.134796057219479,3.18451953125
8.129550126872802,3.18436328125
8.124304141718659,3.1841521484375
8.119058196592329,3.1839275390625
8.113812237918056,3.183746875
8.108566283554902,3.1834609375
8.103320344586695,3.183329296875
8.09807439699733,3.1830361328125
8.092828464187598,3.1828119140625
8.087582498123513,3.182629296875
8.082336542528655,3.182371875
8.077090556142467,3.182216796875
8.071844570987968,3.1819423828125
8.06659858583347,3.1817591796875
8.061352600678969,3.1815248046875
8.05610667279604,3.1812541015625
8.050860714121768,3.1810494140625
8.04561476283732,3.1808296875
8.040368802931695,3.1805931640625
8.035122866426882,3.1803580078125
8.029876940390954,3.180175
8.024630981717035,3.1799345703125
8.019385066149992,3.179691796875
8.014139103780975,3.179487890625
8.008893172202965,3.179220703125
8.003647220302833,3.179024609375
7.998401263475914,3.178808984375
7.993155312191837,3.17857578125
7.98790935536492,3.1782919921875
7.982663420091794,3.17811796875
7.977417437400704,3.177913671875
7.972171492274731,3.1776640625
7.96692550342515,3.1774830078125
7.961679549061997,3.17719765625
7.956433557749006,3.1770353515625
7.951187572594878,3.17673515625
7.945941566502253,3.1765939453125
7.940695549325445,3.176279296875
7.935449565402651,3.176078125
7.93020354576208,3.175908984375
7.924957577234958,3.1756353515625
7.919711592080459,3.1754197265625
7.914465643259404,3.1751640625
7.909219666110396,3.1749615234375
7.903973722216129,3.1746708984375
7.898727772163369,3.174462890625
7.8934818331955166,3.1742421875
7.888235894227309,3.174084375
7.882989957722851,3.1737431640625
7.877743999048577,3.1736517578125
7.8724979954197165,3.1733751953125
7.8672520176550425,3.173127734375
7.862005991856351,3.1729896484375
7.856760007933556,3.172664453125
7.85151398090353,3.1725080078125
7.846267996980735,3.1722248046875
7.841022014289275,3.172035546875
7.835776075321423,3.1717650390625
7.830530099404475,3.1715923828125
7.825284148120028,3.1712861328125
7.820038204225388,3.171109375
7.814792257867727,3.170844140625
7.809546296730059,3.1706896484375
7.8043003140389535,3.170410546875
7.799054327653121,3.1701873046875
7.7938083067808615,3.1700146484375
7.788562316699946,3.1697111328125
7.783316285359156,3.1695537109375
7.7780703063627925,3.1692287109375
7.772824286722592,3.1690892578125
7.76757831203698,3.1687833984375
7.762332312718511,3.16866484375
7.757086361434419,3.1683814453125
7.751840378742958,3.1682095703125
7.7465944323852804,3.1679244140625
7.741348467552886,3.1677216796875
7.736102538438253,3.167434375
7.730856585306432,3.1672884765625
7.725610675897865,3.166990234375
7.72036473446662,3.166796484375
7.7151188201312655,3.1665359375
7.7098728466773565,3.1663615234375
7.704626912635937,3.1660708984375
7.699380934871619,3.165909375
7.694134979276406,3.165582421875
7.688888985500392,3.165455078125
7.68364302990555,3.1651869140625
7.678397033666143,3.164944140625
7.673151056517491,3.164748046875
7.667905062741477,3.1644568359375
7.6626590880558645,3.164290625
7.65741312322347,3.163947265625
7.652167153464644,3.163795703125
7.646921174468265,3.1635162109375
7.641675180692623,3.163307421875
7.636429213396835,3.1630591796875
7.631183235632162,3.1628291015625
7.625937292969211,3.1625814453125
7.620691325673794,3.1624072265625
7.615445355914597,3.162155859375
7.610199368297075,3.1619771484375
7.604953430560557,3.1616658203125
7.599707482971191,3.16146796875
7.5944615526248676,3.16121171875
7.58921555761715,3.1610474609375
7.583969566304546,3.1608509765625
7.578723546664347,3.1605896484375
7.57347754180341,3.16039609375
7.568231545564375,3.160101953125
7.562985551788361,3.159926953125
7.557739569097254,3.1596845703125
7.552493574089553,3.159441796875
7.547247592630152,3.159175
7.5420015828428,3.159013671875
7.536755592761869,3.158719921875
7.531509570658275,3.1585548828125
7.526263590430579,3.15829140625
7.521017585569659,3.15798203125
7.515771604110241,3.1578650390625
7.510525623882175,3.1575751953125
7.505279627643138,3.1573263671875
7.500033647415072,3.1570681640625
7.494787644401861,3.156905859375
7.4895416617107715,3.15663046875
7.484295637143784,3.156401171875
7.4790496138084865,3.1562205078125
7.473803581236006,3.1559515625
7.468557534499559,3.1557220703125
7.463311516091046,3.155458984375
7.458065476744426,3.155287109375
7.452819473115194,3.155033203125
7.447573454706697,3.1547904296875
7.442327464625412,3.154563671875
7.43708146099655,3.154284765625
7.4318354536725915,3.15407109375
7.426589464823365,3.1538185546875
7.421343461809816,3.1536248046875
7.416097471728886,3.15337890625
7.410851447161898,3.1532025390625
7.405605445380392,3.152944140625
7.400359419582071,3.1526306640625
7.395113388240926,3.1524564453125
7.389867367369036,3.1522109375
7.384621333564851,3.1520033203125
7.379375329935637,3.1517412109375
7.374129298594845,3.1515451171875
7.368883285112782,3.1513076171875
7.363637270398997,3.1509865234375
7.358391258148251,3.1508376953125
7.353145280383577,3.1505353515625
7.347899276754717,3.150346484375
7.34265329652665,3.1500748046875
7.337407305214031,3.14981015625
7.33216131390141,3.149680859375
7.3269153392161686,3.1492958984375
7.321669360219789,3.1491544921875
7.31642341016703,3.14888359375
7.31117744410293,3.14863125
7.3059315039033885,3.1484642578125
7.300685571093673,3.1481328125
7.295439635820548,3.1479439453125
7.290193730107081,3.147670703125
7.284947800992075,3.147488671875
7.27970189035182,3.147226953125
7.274455961237186,3.1469388671875
7.269210025964061,3.1467693359375
7.263964116555495,3.146491796875
7.258718194214666,3.1463259765625
7.253472297738361,3.14604296875
7.248226374165827,3.14580390625
7.242980448130254,3.1456095703125
7.237734522094326,3.145347265625
7.232488579431391,3.14512109375
7.227242653395819,3.144878125
7.221996702111354,3.144655859375
7.216750742205747,3.1444640625
7.211504789073926,3.1441619140625
7.206258821778137,3.1439576171875
7.201012874188771,3.1436703125
7.195766905661278,3.1434564453125
7.190520950066437,3.1432791015625
7.185275020951432,3.14298359375
7.1800290745937705,3.1427927734375
7.174783155331984,3.1424798828125
7.169537223753958,3.1422412109375
7.164291287249144,3.1420359375
7.159045361213572,3.1418078125
7.153799408081751,3.1415953125
7.148553471576938,3.1413328125
7.143307500586422,3.1410654296875
7.138061544991209,3.14091796875
7.132815593091077,3.140633203125
7.12756962333225,3.1404544921875
7.122323679437627,3.14014296875
7.11707771091049,3.1399087890625
7.11183176085773,3.1397513671875
7.106585802183456,3.1394498046875
7.101339834887669,3.1392583984375
7.096093883603574,3.1389546875
7.0908479021438025,3.138772265625
7.085601934848369,3.138494921875
7.080355958931067,3.1382291015625
7.075109989172241,3.13808828125
7.069864040351185,3.1378072265625
7.064618091530115,3.1375703125
7.059372161183422,3.1373212890625
7.054126208051602,3.1371052734375
7.048880272778847,3.1368345703125
7.043634322726088,3.136571875
7.038388381294858,3.1363732421875
7.033142449716831,3.13610546875
7.027896510748609,3.1359064453125
7.022650582865679,3.1356201171875
7.017404631581231,3.1354408203125
7.0121587123194455,3.1351501953125
7.006912756724587,3.1349744140625
7.001666834383757,3.1346892578125
6.996420894183846,3.134451171875
6.991174968148271,3.13424609375
6.985929031643458,3.133942578125
6.980683097602393,3.1337568359375
6.975437161097579,3.1334921875
6.970191207965759,3.1333021484375
6.964945262839431,3.1330083984375
6.959699306012884,3.1328177734375
6.954453375666561,3.1325330078125
6.949207433003611,3.1323626953125
6.943961506967683,3.132096484375
6.938715555067551,3.13185859375
6.933469616099716,3.1316115234375
6.928223648803912,3.1314138671875
6.92297770860437,3.131135546875
6.917731733918757,3.1309400390625
6.912485793719217,3.1306494140625
6.90723982396039,3.1304423828125
6.901993904698621,3.130169140625
6.896747960804336,3.1299728515625
6.891502056322202,3.1296818359375
6.886256107501146,3.1295123046875
6.881010203018996,3.12921484375
6.875764266514553,3.129021875
6.870518353410887,3.128766796875
6.865272399047378,3.128538671875
6.860026483480676,3.1282431640625
6.8547805371230135,3.128099609375
6.849534601849905,3.1278083984375
6.844288645022986,3.1275771484375
6.839042704823446,3.127294140625
6.833796756002375,3.127092578125
6.828550833661545,3.126786328125
6.8233049020835175,3.12660625
6.818058964347354,3.1263484375
6.81281300567308,3.1261921875
6.807567039608998,3.1258310546875
6.802321118499839,3.1256666015625
6.797075170910473,3.1254064453125
6.791829266428338,3.125167578125
6.78658332130201,3.124944140625
6.781337390955673,3.1246458984375
6.776091439671224,3.1244478515625
6.770845485308071,3.12420078125
6.765599547571552,3.1240021484375
6.760353587665945,3.1237408203125
6.755107672098902,3.1234607421875
6.749861725741225,3.1232404296875
6.744615780614896,3.1230091796875
6.739369830562492,3.122812890625
6.734123863266704,3.1225513671875
6.728877945236622,3.12225625
6.723632016121635,3.1220689453125
6.718386085775297,3.1217751953125
6.713140155428975,3.1215927734375
6.707894201065449,3.121319140625
6.702648278724603,3.1210298828125
6.697402315123914,3.120815234375
6.692156350291503,3.12057734375
6.6869104187134765,3.1203169921875
6.681664442796174,3.120109375
6.676418502596633,3.1198439453125
6.671172575945023,3.119658984375
6.665926629587362,3.1193955078125
6.6606807331110724,3.119121875
6.655434810770227,3.1189134765625
6.650188880423534,3.1186111328125
6.644942963625142,3.1184060546875
6.639697010493322,3.118207421875
6.634451066599054,3.1179587890625
6.629205104229681,3.117768359375
6.62395911661216,3.117515234375
6.618713171485832,3.117214453125
6.613467206653438,3.117025390625
6.608221239358005,3.1167142578125
6.6029752954633665,3.116492578125
6.597729323241146,3.1162939453125
6.592483392894824,3.115997265625
6.58723746685888,3.1157974609375
6.581991527891043,3.1155447265625
6.576745620945498,3.1152587890625
6.571499686904078,3.1150798828125
6.566253775032489,3.114798828125
6.561007857002409,3.1146283203125
6.555761918034185,3.1143392578125
6.55051601786317,3.114074609375
6.545270085053454,3.113833203125
6.540024151012035,3.1135751953125
6.534778232981937,3.113328125
6.529532276155035,3.1131162109375
6.524286334723789,3.11285
6.519040373586477,3.112670703125
6.513794398900864,3.112393359375
6.508548463627754,3.112148828125
6.503302510495934,3.1118833984375
6.498056569064689,3.11164609375
6.492810636254974,3.1114177734375
6.487564679428425,3.1112041015625
6.4823187638617235,3.1109201171875
6.47707284829468,3.1107439453125
6.471826901937019,3.1104658203125
6.4665809974548685,3.1101923828125
6.4613350646451515,3.1099580078125
6.4560891022761355,3.10970546875
6.450843175624541,3.1094509765625
6.445597215718933,3.1092162109375
6.440351253349561,3.10896484375
6.435105320539845,3.108740234375
6.429859353244412,3.1085060546875
6.424613374248034,3.1082666015625
6.419367438974925,3.1080125
6.414121474142514,3.107790234375
6.408875501920311,3.1075546875
6.4036295875853115,3.1073017578125
6.398383660933717,3.1070984375
6.3931377010277375,3.1068462890625
6.387891747895918,3.1065703125
6.382645820012989,3.1062927734375
6.377399828699999,3.10606328125
6.372153832460962,3.105856640625
6.366907897187837,3.105543359375
6.361661974846992,3.1053271484375
6.356416005088166,3.105106640625
6.351170030402551,3.104865625
6.345924079118475,3.1046125
6.3406781389185625,3.1043232421875
6.33543215869085,3.1041220703125
6.330186166146542,3.103898828125
6.32494022102057,3.103602734375
6.319694298679723,3.1033373046875
6.314448332615624,3.103198828125
6.309202346229437,3.1028935546875
6.303956386323829,3.1026095703125
6.298710454745447,3.1023884765625
6.293464521935715,3.1021525390625
6.288218554640282,3.1019203125
6.282972582418063,3.1017140625
6.277726661308922,3.1013705078125
6.272480760521513,3.101168359375
6.267234856039734,3.1009734375
6.2619889072186785,3.100703515625
6.256742943617972,3.100479296875
6.2514970268192265,3.1001525390625
6.2462511186423475,3.0999470703125
6.2410052412564605,3.099669921875
6.235759298593526,3.09949296875
6.230513336224525,3.0992533203125
6.225267365233993,3.09901171875
6.220021445972208,3.09870703125
6.214775545800838,3.098428515625
6.20952965671436,3.09822890625
6.20428371528313,3.0980044921875
6.199037740597517,3.097746875
6.1937917425110935,3.097553515625
6.188545801079863,3.09722109375
6.1832999002924405,3.0969896484375
6.178054032144105,3.0967615234375
6.172808133204423,3.0965337890625
6.16756218684639,3.096333203125
6.162316225709078,3.096100390625
6.157070243017989,3.095850390625
6.1518243126712955,3.0955626953125
6.146578418658401,3.095269140625
6.141332532034961,3.095031640625
6.1360866700447305,3.0947955078125
6.130840752014649,3.0945724609375
6.125594800730201,3.094325
6.120348838361184,3.0941306640625
6.115102877223517,3.0938587890625
6.109856912391122,3.0936552734375
6.104611024536348,3.093308203125
6.099365148382149,3.0930892578125
6.094119275306656,3.0928251953125
6.0888734034632215,3.0925888671875
6.083627528540727,3.09232578125
6.078381566171355,3.092151171875
6.0731355797855375,3.0918453125
6.067889588472548,3.0916490234375
6.062643597159928,3.0913705078125
6.057397595378439,3.0911443359375
6.052151684738167,3.090819921875
6.046905807352279,3.09058828125
6.041659928734687,3.090331640625
6.036414052580487,3.0900935546875
6.031168194284999,3.0898494140625
6.025922363085404,3.089618359375
6.0206765208012385,3.0893162109375
6.015430617550792,3.0891591796875
6.010184676119564,3.0889517578125
6.004938733456613,3.0886482421875
5.999692784635558,3.0883982421875
5.994446821034852,3.0881560546875
5.989200853739064,3.0878884765625
5.983954857500012,3.087680078125
5.978708861260606,3.08745
5.973462946925623,3.0871423828125
5.968217076313523,3.0868869140625
5.962971192153831,3.086662109375
5.957725305530408,3.0863859375
5.952479430607897,3.0861380859375
5.94723357847053,3.0858828125
5.941987688152363,3.085673046875
5.9367417442577235,3.0854599609375
5.931495783120427,3.08518671875
5.926249820751055,3.08495625
5.921003842986752,3.0847240234375
5.915757879385676,3.0844734375
5.910511957045201,3.0841666015625
5.905266056257793,3.0839271484375
5.900020181335299,3.0836806640625
5.8947742565310595,3.083502734375
5.889528299704512,3.0832083984375
5.88428233733514,3.0830177734375
5.879036360186488,3.082745703125
5.873790447082839,3.082408203125
5.868544554301634,3.08217734375
5.863298671373292,3.0819603515625
5.858052745337364,3.0817783203125
5.852806782968347,3.081437890625
5.847560811977832,3.081227734375
5.842314839755612,3.0809615234375
5.837068918646471,3.0806748046875
5.8318230006163905,3.0804365234375
5.826577106603125,3.0802064453125
5.8213311651718795,3.080011328125
5.816085208345332,3.0797181640625
5.810839234891423,3.07948046875
5.805593310087184,3.0791611328125
5.800347405605404,3.0789462890625
5.795101528219517,3.07869609375
5.7898556021835885,3.078499609375
5.784609641046276,3.07819921875
5.779363662049898,3.0779888671875
5.774117692291071,3.0777486328125
5.768871757017962,3.0774228515625
5.763625835908821,3.0772177734375
5.758379924036861,3.0769732421875
5.753133948119913,3.0767375
5.747887959270316,3.076471875
5.742641956257122,3.0762517578125
5.73739601728927,3.07589140625
5.732150107880703,3.07570390625
5.726904212635749,3.0754478515625
5.721658321085894,3.0751564453125
5.716412369185762,3.075035546875
5.711166391421459,3.074765234375
5.705920416735847,3.07446796875
5.7006744186490685,3.074259765625
5.695428479681232,3.0739388671875
5.690182551797932,3.073686328125
5.684936626994048,3.0734568359375
5.679690713890398,3.073203515625
5.674444752753086,3.072972265625
5.66919875343462,3.0727466796875
5.663952749805388,3.0724705078125
5.658706763419571,3.0722267578125
5.653460748705786,3.0719708984375
5.6482147900315125,3.0716455078125
5.64296887323312,3.0714033203125
5.63772298045156,3.0711703125
5.632477101833984,3.0709087890625
5.627231246001873,3.0706419921875
5.6219853495252305,3.07043359375
5.616739390851311,3.0702189453125
5.611493406928517,3.06995078125
5.60624742977951,3.0696876953125
5.601001419992529,3.06944296875
5.59575546316561,3.0691330078125
5.590509539593076,3.068869921875
5.585263621562979,3.0686431640625
5.580017699222149,3.0683921875
5.574771787350544,3.06811015625
5.569525817591362,3.0678919921875
5.564279815809857,3.0676662109375
5.559033804791171,3.067401171875
5.553787804241015,3.0671298828125
5.548541793222329,3.066890234375
5.543295851791083,3.066577734375
5.53804994361385,3.0663390625
5.532804047137562,3.0660755859375
5.5275581438871155,3.0658583984375
5.522312251105927,3.065581640625
5.51706628011504,3.0653818359375
5.51182027648618,3.0650875
5.5065742630041,3.0648701171875
5.501328251985043,3.064606640625
5.49608223603957,3.0643470703125
5.490836295840029,3.0640375
5.485590392589582,3.0637859375
5.480344512740301,3.0635234375
5.475098653213479,3.0633041015625
5.469852798612719,3.063028125
5.464606873808479,3.0628421875
5.459360920676659,3.0625716796875
5.454114959539346,3.0623076171875
5.448868969458431,3.062098828125
5.443623044654192,3.0617609375
5.43837713647733,3.0615478515625
5.433131242464065,3.0612654296875
5.427885335518892,3.0610177734375
5.422639376844618,3.06077265625
5.417393391690119,3.06054921875
5.412147395451083,3.0602974609375
5.406901474341925,3.0599927734375
5.401655569859791,3.05972734375
5.396409686931449,3.0594740234375
5.391163735646985,3.0592826171875
5.3859177541875844,3.0589947265625
5.3806717604115715,3.058746484375
5.375425818980341,3.058446875
5.370179895408161,3.05818828125
5.36493396259843,3.0579462890625
5.359687976212242,3.057684375
5.354441988594349,3.0574810546875
5.349196059479716,3.0571390625
5.343950151302854,3.0569162109375
5.338704239430895,3.0566716796875
5.3334582838356805,3.0563880859375
5.328212296218143,3.05618046875
5.32296636833486,3.0558724609375
5.317720467547807,3.0556068359375
5.3124745335063865,3.05545625
5.307228579142861,3.05513046875
5.301982637711616,3.0548357421875
5.296736728303065,3.05459765625
5.29149080904128,3.0543033203125
5.286244854677754,3.0541158203125
5.280998894772147,3.0538751953125
5.2757529927534055,3.05356328125
5.270507116598852,3.0532962890625
5.265261180094393,3.0530484375
5.260015234968065,3.0528173828125
5.254769323096105,3.052512890625
5.249523434009626,3.0522404296875
5.2442775024316,3.05203671875
5.23903155237884,3.0517517578125
5.233785626343282,3.051457421875
5.228539715703011,3.05122734375
5.223293777966493,3.0510130859375
5.21804781929259,3.050755078125
5.212801864929065,3.050416015625
5.207555929655956,3.05017421875
5.202309993151498,3.0499853515625
5.197064041867049,3.0496970703125
5.191818077034638,3.049408984375
5.18657216146795,3.049153515625
5.181326248364302,3.048856640625
5.176080279836809,3.0486556640625
5.170834297145704,3.048388671875
5.165588358177867,3.04809375
5.160342450000989,3.0478474609375
5.155096481473496,3.047622265625
5.149850490160877,3.047344921875
5.144604525328482,3.0470158203125
5.139358578970821,3.046780078125
5.134112637539575,3.0465267578125
5.128866662853962,3.0462869140625
5.123620683857954,3.046058984375
5.118374765827873,3.045763671875
5.1131288656564875,3.045498828125
5.107882904518821,3.0452359375
5.1026369298335625,3.04498046875
5.097390989634021,3.044659375
5.092145074066979,3.0443875
5.086899130172695,3.0442240234375
5.081653147481605,3.04391640625
5.076407162327106,3.0436517578125
5.071161220895861,3.0433650390625
5.0659153016340905,3.0430767578125
5.06066931771128,3.0428830078125
5.055423310387337,3.0426310546875
5.050177345554927,3.0422880859375
5.044931417671627,3.0420048828125
5.039685491020032,3.041821484375
5.034439542198977,3.0415193359375
5.029193598304692,3.041263671875
5.023947685201044,3.0409724609375
5.018701801040998,3.0406892578125
5.013455855915025,3.0404513671875
5.008209881229411,3.0401978515625
5.002963948419695,3.03985078125
4.997718035316031,3.039645703125
4.992472097579883,3.0393953125
4.987226114888778,3.0391255859375
4.9819801297342945,3.03885546875
4.976734171060004,3.0385771484375
4.971488237018584,3.0382916015625
4.966242262333342,3.0380453125
4.96099628087357,3.03782578125
4.955750343137423,3.037519140625
4.950504431265462,3.037207421875
4.945258467664757,3.0370244140625
4.940012465883267,3.0367703125
4.934766512751447,3.0364705078125
4.929520578710027,3.0361720703125
4.924274620035753,3.0359830078125
4.919028638576336,3.0356779296875
4.913782688523576,3.03536328125
4.908536774188223,3.0350955078125
4.903290829062266,3.034919921875
4.8980448568400465,3.034588671875
4.892798895702363,3.034282421875
4.887552949344701,3.034014453125
4.882306980817579,3.033802734375
4.877060987041566,3.03349140625
4.871815013587642,3.0332119140625
4.86656905121864,3.0329458984375
4.8613230765330275,3.0327291015625
4.856077096305332,3.032454296875
4.850831140710118,3.0320837890625
4.845585214058507,3.0318482421875
4.840339262158391,3.0316646484375
4.835093283162013,3.0313322265625
4.829847331261897,3.0310369140625
4.824601394757439,3.03078046875
4.819355422535219,3.0305697265625
4.814109426295812,3.0302888671875
4.808863454073592,3.029955078125
4.803617515105756,3.029675
4.798371541651831,3.029438671875
4.793125542333365,3.0291849609375
4.787879594743998,3.0288611328125
4.782633660702578,3.028580859375
4.777387680474866,3.0283453125
4.772141695320382,3.02808046875
4.7668957434202515,3.027741015625
4.761649789056743,3.027534765625
4.75640379281769,3.027269140625
4.751157794730928,3.026957421875
4.745911823740397,3.0266873046875
4.740665849054785,3.02646953125
4.735419854047082,3.026171484375
4.730173894141474,3.025845703125
4.724927967489863,3.025560546875
4.719682033448444,3.025358984375
4.714436066152655,3.025073828125
4.7091901185632885,3.02474375
4.703944199301503,3.0244853515625
4.698698247401388,3.0242599609375
4.693452273947464,3.0239572265625
4.6882063275898025,3.0235923828125
4.682960399706502,3.0233638671875
4.67771445334884,3.02311484375
4.6724684835900145,3.0228294921875
4.667222533537255,3.02254375
4.661976595800752,3.0222525390625
4.656730615573039,3.02198203125
4.65148460209096,3.021762109375
4.646238631100445,3.021416015625
4.640992688437494,3.021130078125
4.635746706977739,3.0208962890625
4.630500723054928,3.0205751953125
4.625254780392365,3.020308984375
4.620008836497726,3.02010625
4.614762863043817,3.019794140625
4.6095169099119975,3.0194376953125
4.60427097833397,3.0192052734375
4.599025018427992,3.0189630859375
4.59377903820028,3.0187087890625
4.588533086915831,3.01835078125
4.5832871633432966,3.0180638671875
4.578041197279552,3.017816015625
4.572795205966577,3.017578125
4.567549247292659,3.0172341796875
4.562303291697445,3.0169666015625
4.557057307774651,3.016696875
4.551811334320742,3.016376171875
4.546565411979897,3.0161140625
4.541319465622219,3.0158802734375
4.536073504484551,3.0156037109375
4.530827569211797,3.0152705078125
4.525581671503804,3.0149498046875
4.520335723914084,3.014748828125
4.515089759081689,3.01446875
4.509843831198744,3.0141642578125
4.504597883609394,3.0138904296875
4.499351910155469,3.0136029296875
4.49410596626083,3.0132609375
4.488860060547362,3.0129919921875
4.483614106183836,3.0127376953125
4.478368146277875,3.0125087890625
4.473122228247793,3.012168359375
4.467876310217696,3.011921484375
4.462630357085876,3.01164609375
4.457384409496526,3.01129765625
4.452138477918499,3.011028515625
4.446892513086088,3.01077578125
4.441646521773484,3.01047421875
4.436400569873354,3.0101298828125
4.431154616741533,3.0098869140625
4.425908629123641,3.00961875
4.420662661828207,3.009265234375
4.415416748724559,3.00900703125
4.410170807293314,3.008746875
4.404924847387351,3.008466015625
4.399678929357254,3.0081408203125
4.39443300024262,3.0079111328125
4.389187034178537,3.0076248046875
4.3839410798150125,3.0072541015625
4.378695145773593,3.0069646484375
4.373449169856645,3.006724609375
4.368203201329153,3.0063908203125
4.362957249429037,3.00611015625
4.357711258116417,3.005840625
4.3524652483290645,3.0055701171875
4.34721928349667,3.00523359375
4.34197335684543,3.0049533203125
4.33672740679267,3.0046935546875
4.331481483220136,3.004321875
4.326235592901969,3.0040486328125
4.320989639770149,3.00379921875
4.315743676169443,3.0034451171875
4.310497739664629,3.0031771484375
4.305251789611869,3.002940625
4.300005803226036,3.00264375
4.294759846399134,3.00228671875
4.289513876640308,3.0020529296875
4.284267873627114,3.0017404296875
4.279021890936008,3.001431640625
4.273775939651544,3.001116796875
4.268529954497061,3.0008779296875
4.263283997670513,3.0005203125
4.258038076561356,3.00024375
4.25279213636146,2.9999826171875
4.247546165370928,2.9996990234375
4.242300227634781,2.9993525390625
4.237054283740142,2.9991173828125
4.231808317676059,2.9987923828125
4.226562375013479,2.998446484375
4.221316453903968,2.9981732421875
4.2160704878402395,2.997879296875
4.210824523007845,2.9975466796875
4.205578591429447,2.997273046875
4.2003326278287405,2.9970345703125
4.195086628510645,2.9967552734375
4.189840658751447,2.99636484375
4.184594701924901,2.9961455078125
4.179348711843986,2.9958044921875
4.1741027408534706,2.995437890625
4.168856793263733,2.9951884765625
4.16361079948809,2.9949236328125
4.158364815565296,2.9945396484375
4.153118886450293,2.9942830078125
4.147872934550176,2.993997265625
4.142626961096251,2.993740625
4.137381031981619,2.9933685546875
4.132135088086996,2.9931248046875
4.126889110322305,2.99281875
4.121643161501251,2.99247734375
4.116397213911885,2.9922091796875
4.1111512324524835,2.991888671875
4.10590526762009,2.9915537109375
4.100659315719603,2.9912615234375
4.095413324406983,2.9909876953125
4.090167352184763,2.9906330078125
4.084921410753518,2.990333984375
4.079675436068275,2.99008671875
4.074429484168144,2.98973984375
4.06918355936392,2.989389453125
4.063937608079455,2.9891421875
4.058691676501429,2.9888169921875
4.053445752928894,2.988534375
4.0481997930232865,2.988239453125
4.042953850360336,2.9879107421875
4.037707891686063,2.987653515625
4.032461910226662,2.987290234375
4.0272159546314485,2.9869662109375
4.021969999036606,2.986721484375
4.016724007723615,2.98641875
4.011478050897067,2.9860419921875
4.006232076211455,2.9858185546875
4.0009860744299495,2.9854669921875
3.995740105902827,2.9851234375
3.9904941207483278,2.9848716796875
3.985248109729287,2.9845298828125
3.980002122111766,2.9841830078125
3.9747561160191403,2.983919140625
3.9695100822149723,2.983623828125
3.964264080433466,2.983255078125
3.959018059561561,2.9829611328125
3.953772022678333,2.9826603515625
3.9485260387555385,2.982333984375
3.943280060990865,2.98200078125
3.9380341109381045,2.9816302734375
3.932788195371417,2.9813470703125
3.9275422440869527,2.9810939453125
3.922296313740631,2.9806966796875
3.917050403100359,2.9804328125
3.911804451200244,2.980137109375
3.906558519621846,2.9797916015625
3.9013125985127046,2.97949765625
3.896066629985583,2.9791876953125
3.890820671311309,2.9788447265625
3.885574704015505,2.978611328125
3.880328702234016,2.9782521484375
3.875082757108043,2.9778548828125
3.8698368230666227,2.9776158203125
3.864590873013863,2.9773240234375
3.8593449685317283,2.97688203125
3.8540990344903077,2.9766482421875
3.8488530788954494,2.976299609375
3.8436071553229145,2.9759701171875
3.8383612138916687,2.9756765625
3.8331152650706137,2.975309375
3.8278693322608826,2.9750234375
3.8226233575752686,2.9747263671875
3.8173773878164425,2.974355078125
3.8121314463852127,2.9740498046875
3.8068854513774943,2.9737453125
3.8016394576014814,2.973380859375
3.7963934903060483,2.97303828125
3.791147494066642,2.972785546875
3.785901518149695,2.972444140625
3.7806555767184653,2.9721017578125
3.775409590332262,2.9718328125
3.770163630426654,2.9714419921875
3.7649176926901515,2.971121484375
3.7596717192362266,2.970830859375
3.7544257531721277,2.970447265625
3.7491798166676853,2.9701421875
3.7439338395186783,2.9698466796875
3.738687877149661,2.96951484375
3.7334419295603105,2.9691767578125
3.728195934552593,2.9689005859375
3.7229499432399735,2.9684943359375
3.7177039747128515,2.96815703125
3.712457969851931,2.9679125
3.7072119760762723,2.9674998046875
3.7019659970799106,2.9671853515625
3.6967199725129065,2.9669044921875
3.6914739676523576,2.9665125
3.6862280065150452,2.9661875
3.6809820188971525,2.965919921875
3.6757360657653324,2.9655322265625
3.670490163746591,2.9651560546875
3.6652442124621425,2.9649154296875
3.6599982661044645,2.9645314453125
3.6547523320630444,2.9641765625
3.6495063518353485,2.963890234375
3.644260399934862,2.9635232421875
3.6390144695885236,2.96319921875
3.633768488129123,2.9629068359375
3.6285225134435097,2.9625404296875
3.6232765633907498,2.9621923828125
3.618030583163038,2.961907421875
3.612784624488764,2.9615439453125
3.60753868798395,2.9612212890625
3.6022927231515554,2.960870703125
3.5970467928052337,2.960498046875
3.591800874775136,2.9602376953125
3.586554921643317,2.9598794921875
3.5813089956077593,2.959507421875
3.5760630437072733,2.9592197265625
3.570817065942954,2.9588560546875
3.5655711220483153,2.9584734375
3.560325153520823,2.958205078125
3.5550791757565197,2.95786171875
3.549833238020001,2.9574306640625
3.544587286119886,2.9571634765625
3.5393413151293545,2.956834765625
3.5340953810879343,2.956431640625
3.528849429187819,2.9561009765625
3.5236034735926056,2.9557673828125
3.518357555562525,2.9553630859375
3.5131116116682404,2.955066015625
3.5078656492988842,2.954741015625
3.5026197300374537,2.9543255859375
3.4973737781369674,2.954054296875
3.4921277966775666,2.9537576171875
3.4868818577097302,2.9533326171875
3.4816358916456314,2.95304609375
3.476389930508319,2.95269921875
3.4711440161729654,2.9522693359375
3.4658980796685226,2.9519845703125
3.460652126536702,2.95166953125
3.4554062097379394,2.951249609375
3.4501602646119824,2.9509345703125
3.4449142886946644,2.9505853515625
3.439668349726812,2.9501701171875
3.434422383662729,2.9498794921875
3.429176399739918,2.9495505859375
3.42393045584565,2.9491353515625
3.4186844873181577,2.948830078125
3.4134385021636744,2.9484908203125
3.4081925490318543,2.94810703125
3.402946578041323,2.94778203125
3.3977006107455354,2.9473962890625
3.3924546927158095,2.947064453125
3.387208759905723,2.9467021484375
3.3819628000001147,2.946369921875
3.3767168634953015,2.94601015625
3.3714709011263007,2.9456796875
3.3662249412203216,2.945268359375
3.3609790059475673,2.94496796875
3.355733024487796,2.94462421875
3.3504870405650014,2.944216796875
3.345241101597149,2.94386796875
3.3399951306066344,2.9435125
3.334749178706519,2.9431212890625
3.3295032526705746,2.9427845703125
3.324257297075732,2.9424455078125
3.319011348254661,2.94207265625
3.3137654339193072,2.94171640625
3.3085195060360078,2.941385546875
3.3032735849268664,2.94097890625
3.2980276958404047,2.9406326171875
3.2927817568725524,2.940309375
3.2875358277575635,2.9398822265625
3.2822899257388065,2.9395423828125
3.2770439781494396,2.939225
3.2717980391816037,2.938824609375
3.26655211314566,2.938461328125
3.2613061421551444,2.9381107421875
3.2560601945657783,2.937755859375
3.2508142402022697,2.937434375
3.2455682501213383,2.9370484375
3.2403222815942163,2.9366248046875
3.235076295208029,2.9363517578125
3.2298302743361234,2.9359798828125
3.2245843033452375,2.9355353515625
3.2193382947899445,2.9351951171875
3.214092308403757,2.9347689453125
3.2088463706672385,2.9344515625
3.203600409529942,2.934105859375
3.198354466867008,2.93368203125
3.1931085549950473,2.9333078125
3.1878626049426426,2.932976171875
3.182616659816315,2.932585546875
3.1773707220801675,2.9322673828125
3.1721247344622747,2.9318791015625
3.1668787720932734,2.93144765625
3.1616328072608635,2.9311685546875
3.1563868011686083,2.9307697265625
3.1511408277147006,2.9303716796875
3.1458948296279217,2.9300392578125
3.140648818609235,2.9296662109375
3.1354028488500543,2.929223828125
3.1301568710853807,2.92887578125
3.12491088962598,2.9284865234375
3.1196649457313406,2.9280767578125
3.114418975972514,2.9277287109375
3.1091730025186055,2.9273361328125
3.1039270536975345,2.9269978515625
3.0986810685430353,2.9266291015625
3.093435084620241,2.9261693359375
3.0881891370308745,2.92584375
3.08294316604036,2.925502734375
3.077697196281533,2.925056640625
3.072451252386894,2.9246751953125
3.067205257379192,2.9243603515625
3.0619592950101913,2.9238951171875
3.0567133431100597,2.9235578125
3.0514673530291447,2.923196484375
3.0462213783435317,2.9228138671875
3.0409754159745304,2.9224310546875
3.035729415424359,2.9220533203125
3.0304834468972373,2.921619140625
3.0252374734433123,2.9212859375
3.0199914513397186,2.9208787109375
3.0147454520212515,2.9204802734375
3.00949945824561,2.9201466796875
3.004253452153339,2.919728125
2.999007476236037,2.9193005859375
2.993761523104217,2.918967578125
2.9885155453395433,2.91858046875
2.9832695909760183,2.9181275390625
2.9780236187537987,2.9178123046875
2.97277760404003,2.91739765625
2.967531610264388,2.916970703125
2.962285607250823,2.9166423828125
2.957039581452502,2.9162423828125
2.9517935821340346,2.91578515625
2.946547595748202,2.9154537109375
2.941301573644608,2.9150099609375
2.936055583563322,2.91458984375
2.9308095873242705,2.914289453125
2.9255635713787975,2.913866796875
2.9203175695973083,2.913430859375
2.915071562273349,2.9130873046875
2.909825519231629,2.912649609375
2.904579505749549,2.9122203125
2.899333506431082,2.9118400390625
2.894087484327488,2.91148828125
2.88884150964223,2.911023828125
2.883595560821175,2.910577734375
2.8783495707398887,2.9102470703125
2.8731035948229415,2.90980546875
2.8678576336852744,2.9094515625
2.862611622666588,2.90906640625
2.8573656128792355,2.908596484375
2.852119633883228,2.9082626953125
2.8468736321013677,2.9078412109375
2.8416276210826816,2.907476171875
2.836381628538373,2.9069984375
2.831135615056293,2.906677734375
2.8258895769413597,2.9062828125
2.8206435905551723,2.9058203125
2.8153976029372796,2.9054212890625
2.810151578370647,2.9050251953125
2.8049055636568787,2.9046025390625
2.7996595711125543,2.9041810546875
2.794413528070834,2.903771484375
2.789167499193098,2.903328125
2.7839214869427065,2.9029119140625
2.778675447596085,2.90255546875
2.7734293805375327,2.902132421875
2.768183375676967,2.9016888671875
2.762937394217566,2.901266015625
2.75769138196682,2.90088515625
2.7524453918859053,2.900446484375
2.7471994141212317,2.900103515625
2.741953393249326,2.89967890625
2.736707346512879,2.8992712890625
2.731461345963078,2.8988234375
2.7262153608085793,2.8983798828125
2.7209693559476587,2.89799765625
2.7157233566295464,2.8974966796875
2.7104773868707364,2.897132421875
2.7052313635354377,2.896737109375
2.699985309409165,2.896316796875
2.694739279299724,2.8958892578125
2.689493275670492,2.8954546875
2.6842472467931104,2.895083984375
2.67900124501125,2.89458515625
2.6737552764841124,2.894176953125
2.6685092937930226,2.89380078125
2.663263290163791,2.8933775390625
2.6580173241000624,2.8929423828125
2.6527713531091766,2.8925330078125
2.6475253568701245,2.8920875
2.64227936678921,2.891622265625
2.6370334019568156,2.8912189453125
2.6317873946328563,2.89076015625
2.6265413565179228,2.8904171875
2.621295366436637,2.8898912109375
2.616049380050804,2.8895337890625
2.610803354252128,2.8891416015625
2.6055573537023275,2.8886201171875
2.6003113851748347,2.8882126953125
2.5950653901674876,2.887794921875
2.5898193754537036,2.887386328125
2.584573396457341,2.886900390625
2.5793274451728765,2.8864451171875
2.5740814433913872,2.886080078125
2.568835436067428,2.885623046875
2.5635894736984266,2.88514765625
2.5583435193349024,2.884750390625
2.55309752124814,2.8843083984375
2.5478515336306025,2.8838244140625
2.542605565103126,2.883361328125
2.537359577485588,2.8830177734375
2.5321135615401147,2.882556640625
2.5268675566791945,2.8820412109375
2.521621567829968,2.881621875
2.5163755531161995,2.88125703125
2.51112950145332,2.880775
2.5058834756546284,2.8803021484375
2.5006374954265613,2.879868359375
2.4953915207413186,2.879480859375
2.490145542976645,2.8790240234375
2.4848995818393327,2.8784837890625
2.4796536391763984,2.8780619140625
2.4744076743439876,2.8776884765625
2.4691616633249467,2.87722109375
2.463915658464381,2.8767060546875
2.4586696696147996,2.8762423828125
2.453423664754234,2.8758578125
2.448177651272154,2.87540546875
2.4429316925978806,2.8748896484375
2.4376857622515584,2.8744525390625
2.4324397900293384,2.87401171875
2.42719379748503,2.8735787109375
2.421947843121505,2.8730681640625
2.4167019152382054,2.8726361328125
2.411455949174477,2.8722025390625
2.4062099615565846,2.8717228515625
2.4009640213570433,2.87121484375
2.3957181094850832,2.8707359375
2.3904721323364315,2.8703658203125
2.3852261237807837,2.86987421875
2.379980160180078,2.8693873046875
2.374734211359023,2.8689533203125
2.369488216351305,2.868479296875
2.3642421991741434,2.8680658203125
2.3589962269519233,2.8675400390625
2.3537502713570646,2.8670654296875
2.3485042720385976,2.8666439453125
2.3432582597882226,2.8661939453125
2.338012280791844,2.8656728515625
2.3327663048748972,2.86522265625
2.3275202963192494,2.8647533203125
2.322274302543236,2.8642365234375
2.317028318620442,2.863762890625
2.311782332234254,2.8633505859375
2.30653631752047,2.8628947265625
2.3012903194340626,2.8623109375
2.2960443546016682,2.8618880859375
2.290798371910207,2.8614638671875
2.2855523818292762,2.8609521484375
2.2803064274657676,2.86044296875
2.2750605063566263,2.8599666015625
2.2698145427559204,2.8595091796875
2.264568555138399,2.8590689453125
2.2593226087803666,2.85853203125
2.254076679665733,2.858011328125
2.248830700669355,2.8575798828125
2.243584713051833,2.857119140625
2.2383387666938006,2.8566318359375
2.2330928240308663,2.856084765625
2.2278468234810656,2.855628515625
2.222600813693713,2.8551611328125
2.2173548488613184,2.8546283203125
2.2121088988085584,2.854172265625
2.2068629290497324,2.853713671875
2.201616977149617,2.853137890625
2.1963710468032787,2.852662109375
2.19112510906676,2.8522193359375
2.185879133149813,2.85174375
2.1806331541534507,2.851176953125
2.1753872010216306,2.850692578125
2.1701412386526298,2.850246875
2.16489524734001,2.8497326171875
2.159649263417216,2.849162890625
2.1544032924266845,2.8487203125
2.1491572961872776,2.848240625
2.143911283936903,2.84771875
2.1386653049405244,2.84721015625
2.133419349345311,2.8466875
2.128173366654205,2.8461947265625
2.122927355635535,2.8457041015625
2.117681393266163,2.845166015625
2.112435468462295,2.844640234375
2.1071894820760906,2.844180078125
2.1019434735204428,2.843659375
2.0966975086880484,2.8431095703125
2.0914515647937644,2.8425830078125
2.0862055734811604,2.8421015625
2.0809595797051474,2.8415625
2.075713624109934,2.8410578125
2.0704676518877143,2.840630078125
2.065221652569602,2.8400681640625
2.0599756778839886,2.8394439453125
2.054729722288775,2.8389611328125
2.0494837309761555,2.8385103515625
2.044237721189174,2.8379869140625
2.038991748966954,2.837383984375
2.0337457976824895,2.8368578125
2.0284998125280067,2.8363865234375
2.02325384276918,2.83580234375
2.018007902569268,2.8352908203125
2.0127619291157144,2.8348203125
2.0075159341080124,2.8342623046875
2.002269969275602,2.8336833984375
1.9970240278443723,2.8331296875
1.9917780316053206,2.8326548828125
1.9865320298234603,2.8320759765625
1.9812860625280273,2.831547265625
1.9760400847633537,2.831041015625
1.9707941137728386,2.830508984375
1.9655481735732976,2.8299119140625
1.9603022678594582,2.8293869140625
1.9550563110329107,2.82883359375
1.949810341273713,2.8283267578125
1.9445644177015498,2.8277478515625
1.9393184799650312,2.82721328125
1.9340724935788436,2.826690625
1.9288265312098263,2.826083984375
1.9235805811570825,2.8255509765625
1.9183345898444628,2.8250509765625
1.913088567740869,2.824466015625
1.9078425875131568,2.8238662109375
1.902596637460397,2.8233341796875
1.8973506473794821,2.8227572265625
1.892104638823818,2.822255859375
1.886858686923703,2.82162265625
1.881612750418889,2.8210662109375
1.8763667578745646,2.820538671875
1.8711207727200818,2.8199259765625
1.8658748300571313,2.819367578125
1.8606288861628633,2.818880078125
1.8553829188670754,2.8182740234375
1.8501369737411022,2.817631640625
1.8448910606374374,2.817098046875
1.839645108737322,2.816539453125
1.8343991285092547,2.81599453125
1.8291531858466752,2.8153390625
1.82390727520642,2.814783984375
1.8186613029842,2.8142705078125
1.8134153048974218,2.8137056640625
1.8081693536129735,2.8130615234375
1.8029234097186893,2.8124802734375
1.7976774307223269,2.8118990234375
1.7924314738954086,2.8112576171875
1.7871855546339939,2.8106833984375
1.7819396322931482,2.810155859375
1.7766936908619184,2.8095390625
1.7714477728318214,2.8089318359375
1.766201880050261,2.8082984375
1.7609559336925995,2.8077529296875
1.7557099577752815,2.80719140625
1.7504640200391337,2.806521875
1.7452180712180787,2.805925390625
1.7399720836001862,2.8053263671875
1.7347261113779666,2.80464296875
1.729480160093518,2.804112890625
1.7242341810975104,2.8035330078125
1.7189881830107323,2.8029263671875
1.713742226184185,2.8022640625
1.7084963050750441,2.8016123046875
1.7032503439373767,2.8010662109375
1.6980043938846168,2.80040625
1.69275848447605,2.7997794921875
1.6875125633669088,2.79923984375
1.6822666120824443,2.7985939453125
1.677020687278576,2.797920703125
1.6717747994234315,2.7972609375
1.6665288641506772,2.796703515625
1.6612829128662288,2.796047265625
1.6560370046893507,2.795354296875
1.6507910854275814,2.7948033203125
1.6455451526178495,2.7941501953125
1.6402992407458894,2.793470703125
1.6350533633600017,2.792835546875
1.629807444098216,2.7921955078125
1.624561508825107,2.7916111328125
1.6193156055750157,2.7909111328125
1.6140696887762687,2.7903287109375
1.6088237436502957,2.789659765625
1.6035777972926342,2.7889759765625
1.5983318724883948,2.788369921875
1.5930859205882795,2.7877166015625
1.5878399415919013,2.7870666015625
1.5825940038557536,2.7864103515625
1.577348107379466,2.785718359375
1.5721021696429476,2.785109375
1.5668562473021175,2.7843845703125
1.5616103495941251,2.7837576171875
1.556364424789886,2.7831255859375
1.5511184808956178,2.78244375
1.5458725905774506,2.78174296875
1.5406267322819467,2.781066796875
1.5353808228733798,2.7804376953125
1.5301348980691565,2.7797734375
1.524888996050399,2.779044921875
1.5196430866418322,2.778412890625
1.5143971452106026,2.7776912109375
1.5091512173273032,2.7769482421875
1.5039053196193106,2.7762689453125
1.4986594065160168,2.775686328125
1.493413478632717,2.7749896484375
1.488167593240982,2.7742294921875
1.482921738640576,2.7735458984375
1.4776758329267365,2.7729171875
1.4724299062751416,2.772202734375
1.4671840208837617,2.77149453125
1.4619381490399563,2.7707857421875
1.4566922310098758,2.7701072265625
1.4514463049743025,2.7694318359375
1.446200417119174,2.7687001953125
1.4409545280326956,2.7679951171875
1.435708591528253,2.7673083984375
1.4304626784245882,2.766547265625
1.4252167844116936,2.765880859375
1.4199708565283942,2.765174609375
1.414724912633755,2.76445859375
1.4094790032251883,2.763698046875
1.4042331270710051,2.7629859375
1.3989872188937722,2.7623005859375
1.3937412885474338,2.7615998046875
1.3884954086981527,2.760820703125
1.3832495467079375,2.760112109375
1.378003640994098,2.759394140625
1.3727577291221376,2.7587041015625
1.3675118572787037,2.7578876953125
1.3622659706552638,2.757210546875
1.3570200470830842,2.756461328125
1.351774140137556,2.7556912109375
1.3465282744522424,2.754957421875
1.3412823687387578,2.7542787109375
1.3360364531717157,2.7535302734375
1.330790583791675,2.752733984375
1.3255447464339423,2.7519697265625
1.320298870279388,2.7512884765625
1.3150529799612212,2.7505521484375
1.3098071426038433,2.749719140625
1.304561312635936,2.749009375
1.2993154420238358,2.7482625
1.2940695812649543,2.747451953125
1.2888237371334341,2.7467267578125
1.2835778628266066,2.746049609375
1.278331971276735,2.745248046875
1.273086108054815,2.7444421875
1.2678402639229398,2.7436998046875
1.2625943797628933,2.742936328125
1.2573484857499992,2.7422537109375
1.252102637923397,2.7414138671875
1.2468568079554736,2.740656640625
1.2416109459649034,2.7399287109375
1.2363650852063768,2.739098046875
1.2311192694020665,2.7383107421875
1.22587343943453,2.7376015625
1.220627572517512,2.7368314453125
1.2153817179167512,2.73596328125
1.210135891643942,2.73518046875
1.2048900407382632,2.7344984375
1.199644156578217,2.7336923828125
1.194398301977456,2.732793359375
1.1891524824787896,2.7320697265625
1.183906640194641,2.7313310546875
1.17866077697235,2.7305142578125
1.1734149383829284,2.7296822265625
1.168169136742973,2.7289015625
1.1629233080067545,2.7281095703125
1.1576774626435455,2.7273390625
1.152431646839606,2.7265009765625
1.1471858495100284,2.7256779296875
1.1419400146157053,2.72490859375
1.1366941538568078,2.7241115234375
1.131448335589846,2.7232591796875
1.1262025376446176,2.722452734375
1.1209566793487586,2.72166953125
1.1157107976521057,2.7209087890625
1.110464960294744,2.720020703125
1.1052191494172363,2.7191900390625
1.0999733015906181,2.7184021484375
1.0947274445268187,2.71761015625
1.0894816428865082,2.71671953125
1.0842358541788157,2.7159171875
1.0789900063521973,2.7151126953125
1.0737441640676777,2.714325390625
1.0684983661228205,2.7134353515625
1.063252582341189,2.71259375
1.0580067486785545,2.7117802734375
1.0527609033153296,2.710963671875
1.0475150985959425,2.7100892578125
1.0422692957242825,2.7092736328125
1.0370234559035272,2.7084568359375
1.03177760684522,2.707616796875
1.0265317836514714,2.7067255859375
1.0212859727739478,2.7059302734375
1.016040131721504,2.705078515625
1.0107943097590728,2.704148046875
1.0055485173562984,2.7033208984375
1.0003026953942382,2.702538671875
0.9950568457202642,2.7016775390625
0.9898110249895379,2.700784375
0.9845652258129759,2.69991484375
0.9793193921499703,2.699105078125
0.9740735430916633,2.6982576171875
0.9688277414517077,2.6973271484375
0.9635819576704473,2.6964568359375
0.9583361264708351,2.69566484375
0.9530902743334677,2.69478828125
0.9478444431342267,2.6938720703125
0.9425986347201126,2.6930556640625
0.9373527998257735,2.6921384765625
0.9321069864848726,2.691206640625
0.9268612100934213,2.69037890625
0.9216154176906468,2.689533984375
0.9163696092765325,2.6885966796875
0.9111238476647323,2.6877103515625
0.9058781014482333,2.686816015625
0.9006323041190268,2.68594765625
0.8953864920098307,2.6850533203125
0.8901407180817729,2.684146484375
0.884894954006579,2.683228515625
0.8796491431290717,2.6823716796875
0.874403345184198,2.681419140625
0.8691575798773157,2.6805255859375
0.8639117948643504,2.679673828125
0.8586659852185476,2.67874296875
0.8534202039006806,2.6778060546875
0.8481744533734168,2.6769025390625
0.8429286560442262,2.67601875
0.8376828439350139,2.6751212890625
0.8324370872500004,2.674148828125
0.827191325637829,2.6733087890625
0.8219455344667592,2.6723310546875
0.8166997703919203,2.67136875
0.8114540161699453,2.6704697265625
0.8062082182247169,2.6695419921875
0.8009624165843905,2.6686544921875
0.7957166445037042,2.6676869140625
0.7904708816601991,2.66678515625
0.785225105268764,2.665859375
0.7799793535101824,2.6648826171875
0.7747336313108703,2.663915234375
0.7694878629249113,2.6630365234375
0.764242119171822,2.6620095703125
0.7589964086731004,2.661085546875
0.7537506796996297,2.6601580078125
0.7485049304044417,2.6592529296875
0.7432592248321357,2.6582234375
0.7380135026328397,2.6573251953125
0.7327677588797343,2.656359375
0.7275220422228921,2.655370703125
0.7222763440404117,2.654393359375
0.7170306113722138,2.6534330078125
0.7117848910202733,2.6524671875
0.7065392039227165,2.6515087890625
0.7012934817234043,2.650542578125
0.696047751518245,2.649611328125
0.6908020613416118,2.64857109375
0.6855563631595024,2.6476802734375
0.6803106526604098,2.646641796875
0.6750649895800235,2.64562578125
0.6698193431262888,2.6447041015625
0.664573664650246,2.6436921875
0.6593280126544124,2.6426755859375
0.654082377901607,2.6416947265625
0.6488367123574723,2.640728515625
0.6435910702148576,2.639690234375
0.6383454533207633,2.6386568359375
0.6330998013249297,2.6377154296875
0.6278541653404355,2.6366798828125
0.6226085613786041,2.6356453125
0.6173629192356184,2.63471875
0.6121173060366222,2.6336408203125
0.6068717322497432,2.63262109375
0.6016261122765886,2.63164453125
0.5963805181676213,2.6305640625
0.5911349530026274,2.629573828125
0.5858893416506319,2.6286001953125
0.5806437475420195,2.6275048828125
0.5753981836083594,2.6265166015625
0.570152580877878,2.62551171875
0.5649070089387256,2.6244080078125
0.5596614499318685,2.62341171875
0.5544158570545898,2.6224234375
0.5491702863467873,2.621298828125
0.5439247618256156,2.6202736328125
0.5386792114402725,2.6192626953125
0.5334336832240024,2.61819453125
0.5281881648613383,2.61718984375
0.5229426132439197,2.6161896484375
0.517697092417846,2.615087890625
0.5124515605068648,2.6140634765625
0.5072059965732049,2.613005859375
0.5019604837526236,2.611940234375
0.49671495799976306,2.6108421875
0.4914694248570771,2.6097275390625
0.4862239280478353,2.608701953125
0.48097839860024755,2.60765
0.47573288146890114,2.6065326171875
0.47048738465965934,2.6054716796875
0.46524184843791316,2.604451171875
0.4599963368490366,2.603337109375
0.4547508375763852,2.6022828125
0.4495053272191973,2.6012333984375
0.44425984395790147,2.60010625
0.4390143557701737,2.5990912109375
0.4337688417178876,2.5980109375
0.4285233769313086,2.596833203125
0.4232779072183137,2.595843359375
0.4180324171828594,2.5947111328125
0.41278696840761986,2.593548046875
0.407541507931806,2.5925240234375
0.40229602343917636,2.5913953125
0.3970505851328226,2.590260546875
0.3918051351258943,2.5892400390625
0.3865596691076267,2.5880919921875
0.38131424558090754,2.5869078125
0.37606881220098576,2.585858984375
0.37082337389463194,2.584749609375
0.36557799347549924,2.583590234375
0.3603325884231582,2.5824900390625
0.35508717721305133,2.5813560546875
0.3498418091101761,2.580203515625
0.34459642130086315,2.57909140625
0.3393510365709815,2.577959765625
0.33410568879019464,2.5768123046875
0.3288603169922212,2.5756994140625
0.32361495935858653,2.5744896484375
0.3183696337472598,2.5733990234375
0.3131242705708165,2.57230234375
0.30787891170512216,2.571078125
0.3026336064158839,2.5699529296875
0.29738828080457336,2.5688595703125
0.29214296750985885,2.567604296875
0.28689769547463334,2.5665015625
0.28165239203313774,2.56539921875
0.27640709598109653,2.5641455078125
0.2711618387258767,2.563023046875
0.2659165426738355,2.561905859375
0.26067127864445716,2.560694921875
0.25542604786946255,2.55952421875
0.2501807721395259,2.5583892578125
0.2449355210424267,2.557194921875
0.23969028780403862,2.5560083984375
0.2344450194639113,2.554866796875
0.22919977452494886,2.5536546875
0.22395454498164288,2.55256015625
0.21870929881134663,2.5513876953125
0.21346409266883457,2.550159765625
0.2082188748261191,2.548998046875
0.20297365328830538,2.54780078125
0.19772847916884323,2.5465435546875
0.19248327179499738,2.5453673828125
0.18723808597458985,2.544122265625
0.18199293648798123,2.542950390625
0.17674775066757373,2.541817578125
0.171502583937937,2.5405662109375
0.1662574344509574,2.5394203125
0.16101225232600297,2.538205078125
0.1557671126922422,2.536897265625
0.1505219632052626,2.5357248046875
0.14527682726660004,2.53448359375
0.1400317276613654,2.5332810546875
0.134786604654611,2.5321107421875
0.12954151982901108,2.530858984375
0.12429644731966855,2.529694140625
0.11905136742050058,2.5284333984375
0.11380633247627461,2.527159375
0.10856128398376386,2.5259533203125
0.10331625889275674,2.5246638671875
0.09807125473915007,2.5234669921875
0.09282623087984773,2.522239453125
0.08758123657945992,2.5209548828125
0.08233622380469406,2.5197232421875
0.0770912239622235,2.51845390625
0.0718462647635588,2.5172
0.06660128524317668,2.5159908203125
0.06135634575094969,2.51470546875
0.05611140749042748,2.51346953125
0.05086650617900007,2.512194921875
0.045621655980651404,2.5109646484375
0.04037677006489659,2.5097109375
0.03513191001332908,2.5084009765625
0.02988704010891374,2.5071794921875
0.024642182520739665,2.505875390625
0.01939736003430486,2.504603125
0.014152509835956199,2.503355078125
0.008907697202369237,2.502027734375
0.003662880874426069,2.5007962890625
0.0,2.499907421875
